items_per_class,n_verbs,d,alpha,seed,model,exposures,step,expected_loss,alignment_ratio
128,512,256,1.0,1,C,2000,16000,6.644018650054932,84.99319458007812
128,512,256,1.0,1,C,4000,32000,6.66386604309082,84.9544906616211
128,512,256,1.0,1,C,6000,48000,6.64792537689209,85.00616455078125
128,512,256,1.0,0,C,2000,16000,6.608822822570801,85.09930419921875
128,512,256,1.0,0,C,4000,32000,6.61517333984375,85.0794448852539
128,512,256,1.0,0,C,6000,48000,6.631585597991943,85.11094665527344
128,512,256,1.0,2,C,2000,16000,6.570079803466797,85.012939453125
128,512,256,1.0,2,C,4000,32000,6.592713832855225,85.00264739990234
128,512,256,1.0,2,C,6000,48000,6.590900421142578,85.04740142822266
128,512,256,1.0,1,A,2000,16000,6.895370960235596,1.4884105920791626
128,512,256,1.0,1,A,4000,32000,6.877006530761719,1.4208251237869263
128,512,256,1.0,1,A,6000,48000,6.874772071838379,1.3923695087432861
128,512,256,1.0,2,A,2000,16000,6.813161849975586,1.491455316543579
128,512,256,1.0,2,A,4000,32000,6.800419807434082,1.418678641319275
128,512,256,1.0,2,A,6000,48000,6.796097755432129,1.4839576482772827
128,512,256,1.0,1,B,2000,16000,6.81547737121582,0.7059692740440369
128,512,256,1.0,1,B,4000,32000,6.8262104988098145,0.7496574521064758
128,512,256,1.0,1,B,6000,48000,6.829356670379639,0.7103878259658813
128,512,256,1.0,0,A,2000,16000,6.850344657897949,1.4694925546646118
128,512,256,1.0,0,A,4000,32000,6.848729133605957,1.388428807258606
128,512,256,1.0,0,A,6000,48000,6.841451168060303,1.3941136598587036
128,512,256,1.0,0,B,2000,16000,6.787024974822998,0.6654525399208069
128,512,256,1.0,0,B,4000,32000,6.797571182250977,0.7207531332969666
128,512,256,1.0,0,B,6000,48000,6.80000114440918,0.7164467573165894
128,512,256,1.0,2,B,2000,16000,6.752304553985596,0.7035173773765564
128,512,256,1.0,2,B,4000,32000,6.754755973815918,0.7716338038444519
128,512,256,1.0,2,B,6000,48000,6.759383678436279,0.8168144226074219
512,2048,256,1.0,0,C,2000,64000,6.644966125488281,85.24649047851562
512,2048,256,1.0,0,C,4000,128000,6.641022205352783,85.24474334716797
512,2048,256,1.0,0,C,6000,192000,6.636479377746582,85.2432632446289
512,2048,256,1.0,2,C,2000,64000,6.639485836029053,85.24535369873047
512,2048,256,1.0,2,C,4000,128000,6.630474090576172,85.24353790283203
512,2048,256,1.0,2,C,6000,192000,6.629253387451172,85.24362182617188
512,2048,256,1.0,1,C,2000,64000,6.670381546020508,85.23299407958984
512,2048,256,1.0,1,C,4000,128000,6.657755374908447,85.24092102050781
512,2048,256,1.0,1,C,6000,192000,6.662134170532227,85.22955322265625
512,2048,256,1.0,2,B,2000,64000,6.902539253234863,0.722247302532196
512,2048,256,1.0,2,B,4000,128000,6.899651527404785,0.705048680305481
512,2048,256,1.0,2,B,6000,192000,6.90216588973999,0.7237586379051208
512,2048,256,1.0,1,B,2000,64000,6.934612274169922,0.6533600091934204
512,2048,256,1.0,1,B,4000,128000,6.922728538513184,0.7607039213180542
512,2048,256,1.0,1,B,6000,192000,6.919346332550049,0.7176576256752014
512,2048,256,1.0,0,B,2000,64000,6.9009881019592285,0.7611726522445679
512,2048,256,1.0,0,B,4000,128000,6.904415130615234,0.7127432227134705
512,2048,256,1.0,0,B,6000,192000,6.900007247924805,0.7075191736221313
512,2048,256,1.0,1,A,2000,64000,6.94453239440918,1.5467541217803955
512,2048,256,1.0,1,A,4000,128000,6.953085422515869,1.5912481546401978
512,2048,256,1.0,1,A,6000,192000,6.947142601013184,1.5488799810409546
512,2048,256,1.0,2,A,2000,64000,6.926918029785156,1.5541510581970215
512,2048,256,1.0,2,A,4000,128000,6.923819065093994,1.5635987520217896
512,2048,256,1.0,2,A,6000,192000,6.92353630065918,1.539128303527832
512,2048,256,1.0,0,A,2000,64000,6.937453269958496,1.5706859827041626
512,2048,256,1.0,0,A,4000,128000,6.927865505218506,1.5330214500427246
512,2048,256,1.0,0,A,6000,192000,6.936945915222168,1.5389223098754883
