alpha,d,n_total_classes,verbs_per_class,n_steps,seed,model,final_loss,alignment_ratio
0.0,16,2,30,800,3,A,8.697086334228516,0.8453367269514944
0.0,16,2,30,800,3,B,8.655506134033203,0.23466503780477257
0.0,16,2,30,800,3,C,8.730870246887207,15.326187335112795
0.0,16,2,30,800,4,A,8.689517974853516,0.7011959735164092
0.0,16,2,30,800,4,B,8.66464614868164,0.2764437203512265
0.0,16,2,30,800,4,C,8.712444305419922,15.648285852354968
0.0,16,2,30,800,0,A,8.701839447021484,0.7631040107654627
0.0,16,2,30,800,0,B,8.674996376037598,0.36559062307347434
0.0,16,2,30,800,0,C,8.726228713989258,15.529287657393832
0.0,16,2,30,800,2,A,8.68039608001709,0.5337727734963673
0.0,16,2,30,800,2,B,8.660337448120117,0.2462840453935369
0.0,16,2,30,800,2,C,8.713547706604004,15.33521935347373
0.0,16,2,30,800,1,A,8.669690132141113,0.8242577929840323
0.0,16,2,30,800,1,B,8.650212287902832,0.29595377866709344
0.0,16,2,30,800,1,C,8.71768569946289,15.038582244046845
0.0,32,2,30,800,0,A,8.685368537902832,0.9689021856409659
0.0,32,2,30,800,0,B,8.650959014892578,0.45903401827308854
0.0,32,2,30,800,0,C,8.719277381896973,31.28109041002793
0.0,32,2,30,800,1,A,8.655092239379883,0.9799912810783893
0.0,32,2,30,800,1,B,8.603897094726562,0.45638951804791617
0.0,32,2,30,800,1,C,8.698976516723633,30.884852341215826
0.0,32,2,30,800,2,A,8.666669845581055,0.9948578471130515
0.0,32,2,30,800,2,B,8.621342658996582,0.45670054655321135
0.0,32,2,30,800,2,C,8.725495338439941,30.951374126422337
0.0,32,2,30,800,3,A,8.651487350463867,1.0000000829779594
0.0,32,2,30,800,3,B,8.627387046813965,0.4381279169566328
0.0,32,2,30,800,3,C,8.713122367858887,30.844811179037105
0.0,32,2,30,800,4,A,8.678909301757812,0.9586545590251688
0.0,32,2,30,800,4,B,8.634394645690918,0.4339145379938158
0.0,32,2,30,800,4,C,8.737396240234375,30.128192211692273
0.0,64,2,30,800,0,A,8.713854789733887,0.9999998480246395
0.0,64,2,30,800,0,B,8.656464576721191,0.7091930615747386
0.0,64,2,30,800,0,C,8.731942176818848,62.784510656843224
0.0,64,2,30,800,3,A,8.687725067138672,1.0
0.0,64,2,30,800,3,B,8.613388061523438,0.697351881502486
0.0,64,2,30,800,3,C,8.714797019958496,62.31791128733717
0.0,64,2,30,800,1,A,8.664816856384277,1.0000000739725892
0.0,64,2,30,800,1,B,8.602587699890137,0.7241997650219207
0.0,64,2,30,800,1,C,8.705961227416992,61.07929275606755
0.0,64,2,30,800,2,A,8.674025535583496,1.0000002899414246
0.0,64,2,30,800,2,B,8.621240615844727,0.6801131947788919
0.0,64,2,30,800,2,C,8.715472221374512,62.1055169462797
0.0,64,2,30,800,4,A,8.69485855102539,1.0
0.0,64,2,30,800,4,B,8.63141918182373,0.6700192321926581
0.0,64,2,30,800,4,C,8.72140121459961,59.54798307755526
0.0,128,2,30,800,1,A,8.713032722473145,1.0787338666609156
0.0,128,2,30,800,1,B,8.618712425231934,0.8671410022543953
0.0,128,2,30,800,1,C,8.717820167541504,119.26939282399618
0.0,128,2,30,800,0,A,8.740559577941895,1.1282894822658966
0.0,128,2,30,800,0,B,8.661683082580566,0.8985096303914882
0.0,128,2,30,800,0,C,8.732706069946289,125.77132724642598
0.0,128,2,30,800,2,A,8.737947463989258,1.002755106376214
0.0,128,2,30,800,2,B,8.641704559326172,0.8681567214864728
0.0,128,2,30,800,2,C,8.713388442993164,123.57067865982272
0.0,128,2,30,800,4,A,8.721104621887207,1.0696361981000995
0.0,128,2,30,800,4,B,8.630191802978516,0.9118545725796995
0.0,128,2,30,800,4,C,8.723905563354492,123.05365890407765
0.0,128,2,30,800,3,A,8.723142623901367,1.042453182721216
0.0,128,2,30,800,3,B,8.616211891174316,0.8061491778456059
0.0,128,2,30,800,3,C,8.722311019897461,123.40447661105014
0.0,16,8,30,3199,0,A,8.685335159301758,0.9121939960716375
0.0,16,8,30,3199,0,B,8.653885841369629,0.5353031232721389
0.0,16,8,30,3199,0,C,8.667837142944336,15.404682925415397
0.0,16,8,30,3199,1,A,8.684554100036621,0.8762122755448238
0.0,16,8,30,3199,1,B,8.641400337219238,0.5722631982886994
0.0,16,8,30,3199,1,C,8.658488273620605,14.912653555459425
0.0,16,8,30,3199,2,A,8.680254936218262,1.0032186263046674
0.0,16,8,30,3199,2,B,8.647011756896973,0.48895821867849937
0.0,16,8,30,3199,2,C,8.66796875,15.365588410660157
0.0,16,8,30,3199,4,A,8.693102836608887,0.9467221808830056
0.0,16,8,30,3199,4,B,8.65066909790039,0.47522097677134767
0.0,16,8,30,3199,4,C,8.674651145935059,14.737584455436053
0.0,16,8,30,3199,3,A,8.696791648864746,0.8936566162986576
0.0,16,8,30,3199,3,B,8.666101455688477,0.3946721605643896
0.0,16,8,30,3199,3,C,8.670592308044434,15.523906622343812
0.0,256,2,30,800,0,A,8.82068920135498,1.219050357149368
0.0,256,2,30,800,0,B,8.696178436279297,0.881577164193056
0.0,256,2,30,800,0,C,8.737321853637695,248.60296175726407
0.0,256,2,30,800,3,A,8.804924964904785,1.2557413380962985
0.0,256,2,30,800,3,B,8.667171478271484,0.8825513084308765
0.0,256,2,30,800,3,C,8.742907524108887,249.73039035829112
0.0,256,2,30,800,2,A,8.79842758178711,1.3690556545054198
0.0,256,2,30,800,2,B,8.6820707321167,0.9176591288241323
0.0,256,2,30,800,2,C,8.731977462768555,250.99844770365996
0.0,256,2,30,800,1,A,8.822014808654785,1.3091134731240543
0.0,256,2,30,800,1,B,8.648407936096191,0.913682789148562
0.0,256,2,30,800,1,C,8.718718528747559,237.25833675042665
0.0,256,2,30,800,4,A,8.819735527038574,1.3794515374984901
0.0,256,2,30,800,4,B,8.68154525756836,0.9588771709111842
0.0,256,2,30,800,4,C,8.73995304107666,248.1538495641599
0.0,32,8,30,3199,2,A,8.683349609375,0.9999999377328364
0.0,32,8,30,3199,2,B,8.639575958251953,0.4811556571230476
0.0,32,8,30,3199,2,C,8.66928482055664,30.580257193624266
0.0,32,8,30,3199,1,A,8.682263374328613,0.949586313484953
0.0,32,8,30,3199,1,B,8.633569717407227,0.42811730175419244
0.0,32,8,30,3199,1,C,8.668977737426758,29.620646470275155
0.0,32,8,30,3199,0,A,8.68535327911377,0.9803279640198966
0.0,32,8,30,3199,0,B,8.643869400024414,0.4299762152963133
0.0,32,8,30,3199,0,C,8.676807403564453,30.461357146037056
0.0,32,8,30,3199,3,A,8.687467575073242,0.9758466331877431
0.0,32,8,30,3199,3,B,8.646952629089355,0.4826020049391899
0.0,32,8,30,3199,3,C,8.673826217651367,31.03636836564294
0.0,32,8,30,3199,4,A,8.69143009185791,0.9900673897553675
0.0,32,8,30,3199,4,B,8.648273468017578,0.42614973097786935
0.0,32,8,30,3199,4,C,8.674930572509766,31.307077606307956
0.0,64,8,30,3199,0,A,8.731664657592773,1.000000138031245
0.0,64,8,30,3199,0,B,8.662504196166992,0.6372549947025882
0.0,64,8,30,3199,0,C,8.694629669189453,61.74903612853922
0.0,64,8,30,3199,2,A,8.730633735656738,0.9948807236092837
0.0,64,8,30,3199,2,B,8.66818618774414,0.5895863562035054
0.0,64,8,30,3199,2,C,8.690704345703125,62.149444656316994
0.0,64,8,30,3199,1,A,8.724320411682129,0.9941124099714702
0.0,64,8,30,3199,1,B,8.656444549560547,0.6517256795716564
0.0,64,8,30,3199,1,C,8.704176902770996,58.394928382772996
0.0,64,8,30,3199,3,A,8.735930442810059,0.9984616322711312
0.0,64,8,30,3199,3,B,8.66614818572998,0.665779491992592
0.0,64,8,30,3199,3,C,8.702282905578613,62.140064183211685
0.0,64,8,30,3199,4,A,8.730525016784668,0.968270765789344
0.0,64,8,30,3199,4,B,8.658666610717773,0.5885790312244081
0.0,64,8,30,3199,4,C,8.694514274597168,61.70450433835493
0.0,128,8,30,3199,1,A,8.82477855682373,1.008793347379823
0.0,128,8,30,3199,1,B,8.720963478088379,0.8259471431099404
0.0,128,8,30,3199,1,C,8.716727256774902,116.97087149101552
0.0,128,8,30,3199,0,A,8.826568603515625,1.009656484057671
0.0,128,8,30,3199,0,B,8.730177879333496,0.761659826263946
0.0,128,8,30,3199,0,C,8.71038818359375,123.18531089328046
0.0,128,8,30,3199,2,A,8.82453727722168,1.00455140671273
0.0,128,8,30,3199,2,B,8.72146987915039,0.8051423833648059
0.0,128,8,30,3199,2,C,8.725096702575684,121.97043725902128
0.0,128,8,30,3199,4,A,8.838492393493652,1.0170327648071715
0.0,128,8,30,3199,4,B,8.74235725402832,0.7734897678459509
0.0,128,8,30,3199,4,C,8.74332046508789,124.58025416410732
0.0,128,8,30,3199,3,A,8.830470085144043,1.0321160464535672
0.0,128,8,30,3199,3,B,8.721352577209473,0.7625902871327777
0.0,128,8,30,3199,3,C,8.719840049743652,124.55788794286501
0.0,16,32,30,12795,2,A,8.817008018493652,0.9999998916329826
0.0,16,32,30,12795,2,B,8.75867748260498,1.2059737093373872
0.0,16,32,30,12795,2,C,8.727202415466309,15.566887669824322
0.0,16,32,30,12795,0,A,8.812508583068848,1.007931158128687
0.0,16,32,30,12795,0,B,8.750232696533203,1.2001983868497483
0.0,16,32,30,12795,0,C,8.731588363647461,15.601481085853228
0.0,16,32,30,12795,1,A,8.81124496459961,0.9965129149610398
0.0,16,32,30,12795,1,B,8.760085105895996,1.0818826105155674
0.0,16,32,30,12795,1,C,8.724985122680664,15.480665888445683
0.0,16,32,30,12795,3,A,8.81789779663086,1.0453079373150762
0.0,16,32,30,12795,3,B,8.762215614318848,0.9230331337852179
0.0,16,32,30,12795,3,C,8.731565475463867,15.606776539012868
0.0,16,32,30,12795,4,A,8.820862770080566,1.006955385420315
0.0,16,32,30,12795,4,B,8.76026725769043,1.401172170292834
0.0,16,32,30,12795,4,C,8.728269577026367,15.596642252531332
0.0,256,8,30,3199,0,A,8.998350143432617,1.0322029918509124
0.0,256,8,30,3199,0,B,8.849893569946289,0.8380933815261736
0.0,256,8,30,3199,0,C,8.789346694946289,242.03734069670185
0.0,256,8,30,3199,1,A,8.980801582336426,1.0809778263040186
0.0,256,8,30,3199,1,B,8.831181526184082,0.8683635262102416
0.0,256,8,30,3199,1,C,8.784283638000488,248.5777454769811
0.0,256,8,30,3199,2,A,8.979100227355957,1.0388191787796162
0.0,256,8,30,3199,2,B,8.840662002563477,0.9025404762784628
0.0,256,8,30,3199,2,C,8.772933006286621,244.65201364301782
0.0,32,32,30,12795,4,A,8.858664512634277,1.0131657163393293
0.0,32,32,30,12795,4,B,8.76025676727295,0.5353200855018113
0.0,32,32,30,12795,4,C,8.7249174118042,30.824907340298232
0.0,256,8,30,3199,4,A,8.981501579284668,1.1052100966195468
0.0,256,8,30,3199,4,B,8.839303016662598,0.8585647610488393
0.0,256,8,30,3199,4,C,8.782410621643066,250.3269302342484
0.0,32,32,30,12795,1,A,8.855194091796875,1.0143898434168879
0.0,32,32,30,12795,1,B,8.758682250976562,0.7721534403143535
0.0,32,32,30,12795,1,C,8.718122482299805,30.171070487060295
0.0,256,8,30,3199,3,A,8.977290153503418,1.0398827028725446
0.0,256,8,30,3199,3,B,8.845806121826172,0.8269428624164008
0.0,256,8,30,3199,3,C,8.780076026916504,245.32786145456626
0.0,32,32,30,12795,3,A,8.857845306396484,0.9971713606327602
0.0,32,32,30,12795,3,B,8.758685111999512,0.7239346847454702
0.0,32,32,30,12795,3,C,8.72481918334961,30.839571044455205
0.0,32,32,30,12795,0,A,8.850854873657227,0.9960685982785811
0.0,32,32,30,12795,0,B,8.75272274017334,0.5672888156210646
0.0,32,32,30,12795,0,C,8.722289085388184,30.96915124898575
0.0,32,32,30,12795,2,A,8.856188774108887,1.0116876562860404
0.0,32,32,30,12795,2,B,8.760112762451172,0.7494165597661709
0.0,32,32,30,12795,2,C,8.72628402709961,29.365222643578303
0.0,64,32,30,12795,0,A,8.955252647399902,1.0030404380735516
0.0,64,32,30,12795,0,B,8.80788516998291,0.6712193803353681
0.0,64,32,30,12795,0,C,8.758910179138184,61.9993712391606
0.0,64,32,30,12795,1,A,8.95471477508545,1.0005968148794369
0.0,64,32,30,12795,1,B,8.810274124145508,0.6261858871779916
0.0,64,32,30,12795,1,C,8.76600456237793,58.91352774651379
0.0,64,32,30,12795,3,A,8.969786643981934,1.0006662192964113
0.0,64,32,30,12795,3,B,8.817999839782715,0.6618340386579564
0.0,64,32,30,12795,3,C,8.77346134185791,62.50502622797772
0.0,64,32,30,12795,2,A,8.967287063598633,1.0056504860778386
0.0,64,32,30,12795,2,B,8.809661865234375,0.6079313473277065
0.0,64,32,30,12795,2,C,8.777019500732422,60.58541628587594
0.0,64,32,30,12795,4,A,8.972410202026367,1.011849537736055
0.0,64,32,30,12795,4,B,8.813467979431152,0.588413608380613
0.0,64,32,30,12795,4,C,8.781124114990234,61.8120007197714
0.0,128,32,30,12795,1,A,9.12508773803711,1.003094771209708
0.0,128,32,30,12795,1,B,8.951717376708984,0.7513275389260955
0.0,128,32,30,12795,1,C,8.8451566696167,121.99502990253372
0.0,128,32,30,12795,0,A,9.127394676208496,0.9985194162126078
0.0,128,32,30,12795,0,B,8.956985473632812,0.756047927995044
0.0,128,32,30,12795,0,C,8.8480863571167,123.78446068947433
0.0,128,32,30,12795,2,A,9.126285552978516,1.0022254103244075
0.0,128,32,30,12795,2,B,8.953380584716797,0.7402683438563099
0.0,128,32,30,12795,2,C,8.840182304382324,123.15078260055421
0.0,128,32,30,12795,3,A,9.122300148010254,1.0038314565656226
0.0,128,32,30,12795,3,B,8.951770782470703,0.7748990872821979
0.0,128,32,30,12795,3,C,8.855846405029297,123.58254657833838
0.0,128,32,30,12795,4,A,9.135805130004883,1.0279159351157434
0.0,128,32,30,12795,4,B,8.962916374206543,0.7290751164565046
0.0,128,32,30,12795,4,C,8.839229583740234,124.38143006038196
0.0,16,128,30,51180,2,A,9.024100303649902,0.9999999159143382
0.0,16,128,30,51180,2,B,8.930171966552734,1.276314697193324
0.0,16,128,30,51180,2,C,8.871851921081543,15.437700347271802
0.0,16,128,30,51180,1,A,9.0232515335083,1.0000000818501673
0.0,16,128,30,51180,1,B,8.92891788482666,1.664180889630673
0.0,16,128,30,51180,1,C,8.87303638458252,15.386295914333735
0.0,16,128,30,51180,0,A,9.018749237060547,1.0000000751283755
0.0,16,128,30,51180,0,B,8.929718971252441,1.093641221676493
0.0,16,128,30,51180,0,C,8.865367889404297,15.424316556427181
0.0,16,128,30,51180,3,A,9.024170875549316,1.0333816999293364
0.0,16,128,30,51180,3,B,8.928370475769043,0.553991705043689
0.0,16,128,30,51180,3,C,8.869467735290527,15.517026471315797
0.25,16,2,30,800,0,A,8.741519927978516,1.5503605526687518
0.25,16,2,30,800,0,B,8.701120376586914,2.6345278973287627
0.25,16,2,30,800,0,C,8.691548347473145,15.666092689396166
0.25,16,2,30,800,1,A,8.736205101013184,1.5235488898430412
0.25,16,2,30,800,1,B,8.700541496276855,0.4788698153181565
0.25,16,2,30,800,1,C,8.695699691772461,15.644265860115276
0.0,16,128,30,51180,4,A,9.020384788513184,1.02907217804141
0.0,16,128,30,51180,4,B,8.928434371948242,1.5636430377593113
0.0,16,128,30,51180,4,C,8.868043899536133,15.462579231622321
0.25,16,2,30,800,3,A,8.767850875854492,1.3638693262394737
0.25,16,2,30,800,3,B,8.725388526916504,0.29718485589635113
0.25,16,2,30,800,3,C,8.73713207244873,15.568636287510849
0.25,16,2,30,800,2,A,8.768972396850586,1.2131251856273457
0.25,16,2,30,800,2,B,8.741938591003418,0.30345741084538397
0.25,16,2,30,800,2,C,8.724276542663574,15.69808673014879
0.25,16,2,30,800,4,A,8.780593872070312,1.346060015610958
0.25,16,2,30,800,4,B,8.731669425964355,0.3135666296559027
0.25,16,2,30,800,4,C,8.726276397705078,15.411166823988697
0.0,256,32,30,12795,0,A,9.201417922973633,1.0498286882365502
0.0,256,32,30,12795,0,B,9.161229133605957,0.8300411842843883
0.0,256,32,30,12795,0,C,8.987263679504395,251.56730371217702
0.25,32,2,30,800,0,A,8.739298820495605,1.0528419046655368
0.25,32,2,30,800,0,B,8.683635711669922,0.5494849268112854
0.25,32,2,30,800,0,C,8.699085235595703,31.07885812005116
0.25,32,2,30,800,1,A,8.734816551208496,1.0894500399658393
0.25,32,2,30,800,1,B,8.680228233337402,0.5530545983449443
0.25,32,2,30,800,1,C,8.686745643615723,30.567959046038546
0.25,32,2,30,800,2,A,8.777937889099121,1.0040256829299112
0.25,32,2,30,800,2,B,8.728824615478516,0.6333121713965949
0.25,32,2,30,800,2,C,8.737058639526367,31.181535476454386
0.25,32,2,30,800,3,A,8.76087474822998,1.0434885782413454
0.25,32,2,30,800,3,B,8.727585792541504,0.5601967080674382
0.25,32,2,30,800,3,C,8.722530364990234,31.176896873688328
0.25,32,2,30,800,4,A,8.790675163269043,1.074917454424957
0.25,32,2,30,800,4,B,8.748358726501465,0.49591378773869266
0.25,32,2,30,800,4,C,8.745133399963379,31.021614386113967
0.25,64,2,30,800,0,A,8.760656356811523,1.1909414536326886
0.25,64,2,30,800,0,B,8.716005325317383,0.8886914383173116
0.25,64,2,30,800,0,C,8.699906349182129,62.285044449130616
0.0,256,32,30,12795,1,A,9.211377143859863,1.0744356504423958
0.0,256,32,30,12795,1,B,9.144654273986816,0.8559694324078985
0.0,256,32,30,12795,1,C,8.96912670135498,247.5185364117525
0.25,64,2,30,800,1,A,8.74518871307373,1.0103881004239883
0.25,64,2,30,800,1,B,8.677020072937012,0.8679159369651116
0.25,64,2,30,800,1,C,8.693086624145508,62.66517975321383
0.25,64,2,30,800,2,A,8.797694206237793,1.0515677486323114
0.25,64,2,30,800,2,B,8.736510276794434,0.8718137232766763
0.25,64,2,30,800,2,C,8.73680591583252,62.5699407560552
0.25,64,2,30,800,3,A,8.788712501525879,1.0516390537738174
0.25,64,2,30,800,3,B,8.7214937210083,0.7512444948869231
0.25,64,2,30,800,3,C,8.721927642822266,62.523648463165905
0.25,64,2,30,800,4,A,8.806249618530273,1.052487301891153
0.25,64,2,30,800,4,B,8.738457679748535,0.8977958207578973
0.25,64,2,30,800,4,C,8.72720718383789,61.667245553427065
0.0,256,32,30,12795,2,A,9.218217849731445,1.081388540050465
0.0,256,32,30,12795,2,B,9.157743453979492,0.8669952548231565
0.0,256,32,30,12795,2,C,8.975071907043457,247.84659262388087
0.25,128,2,30,800,0,A,8.794012069702148,1.69046548632334
0.25,128,2,30,800,0,B,8.714883804321289,1.0915447703291734
0.25,128,2,30,800,0,C,8.697749137878418,125.12410002138401
0.25,128,2,30,800,1,A,8.794934272766113,1.3800602042570034
0.25,128,2,30,800,1,B,8.704840660095215,1.0623859706780017
0.25,128,2,30,800,1,C,8.693381309509277,123.83004199699168
0.25,128,2,30,800,2,A,8.843832015991211,1.231881335556185
0.25,128,2,30,800,2,B,8.751190185546875,1.1709100089957059
0.25,128,2,30,800,2,C,8.732659339904785,125.51186597271457
0.25,128,2,30,800,4,A,8.826645851135254,1.255945637434469
0.25,128,2,30,800,4,B,8.739249229431152,1.1928982459144297
0.25,128,2,30,800,4,C,8.742375373840332,124.45856208011891
0.25,128,2,30,800,3,A,8.814834594726562,1.2042235258603158
0.25,128,2,30,800,3,B,8.726067543029785,1.1565493514027725
0.25,128,2,30,800,3,C,8.730448722839355,123.7976052190215
0.0,256,32,30,12795,4,A,9.211413383483887,1.0198461832223025
0.0,256,32,30,12795,4,B,9.156506538391113,0.8543186936152166
0.0,256,32,30,12795,4,C,8.965514183044434,250.03449383566934
0.25,256,2,30,800,0,A,8.860121726989746,1.6068802526849146
0.25,256,2,30,800,0,B,8.756181716918945,1.3145759102773682
0.25,256,2,30,800,0,C,8.699860572814941,248.5133546200127
0.0,256,32,30,12795,3,A,9.209647178649902,1.0697917091788378
0.0,256,32,30,12795,3,B,9.163900375366211,0.8375557516993318
0.0,256,32,30,12795,3,C,8.97729778289795,246.08734611343496
0.25,256,2,30,800,1,A,8.897257804870605,1.4371939159067308
0.25,256,2,30,800,1,B,8.750049591064453,1.5818403601954838
0.25,256,2,30,800,1,C,8.709046363830566,249.59455533597023
0.25,16,8,30,3199,0,A,8.70570182800293,1.0611240379987383
0.25,16,8,30,3199,0,B,8.666789054870605,0.6297569288975042
0.25,16,8,30,3199,0,C,8.655706405639648,15.606406041586208
0.25,16,8,30,3199,1,A,8.72504997253418,1.0341189788518848
0.25,16,8,30,3199,1,B,8.682905197143555,0.8541046901151123
0.25,16,8,30,3199,1,C,8.6702880859375,15.352309737295643
0.25,256,2,30,800,3,A,8.907228469848633,1.329956962021528
0.25,256,2,30,800,3,B,8.773870468139648,0.9899948270722022
0.25,256,2,30,800,3,C,8.74997329711914,250.44008375807607
0.25,256,2,30,800,4,A,8.925531387329102,1.5426314364150466
0.25,256,2,30,800,4,B,8.79000473022461,1.3515286692150175
0.25,256,2,30,800,4,C,8.760684967041016,249.09870232181456
0.25,256,2,30,800,2,A,8.921167373657227,1.3943329677670815
0.25,256,2,30,800,2,B,8.807906150817871,1.11735578127147
0.25,256,2,30,800,2,C,8.741443634033203,250.42283920864122
0.25,16,8,30,3199,3,A,8.73231029510498,1.0476253200699033
0.25,16,8,30,3199,3,B,8.69625473022461,0.41749984845335825
0.25,16,8,30,3199,3,C,8.673256874084473,15.722469699102392
0.25,16,8,30,3199,2,A,8.710210800170898,1.1647316232530023
0.25,16,8,30,3199,2,B,8.67748737335205,0.6310467529489872
0.25,16,8,30,3199,2,C,8.67000675201416,15.48251210023997
0.25,16,8,30,3199,4,A,8.73434829711914,1.2094948780787667
0.25,16,8,30,3199,4,B,8.686298370361328,0.5978771491157784
0.25,16,8,30,3199,4,C,8.686501502990723,15.292879135801074
0.0,32,128,30,51180,0,A,9.110462188720703,1.0113702030977165
0.0,32,128,30,51180,0,B,8.964006423950195,0.8654010521426945
0.0,32,128,30,51180,0,C,8.865560531616211,30.78328580285183
0.0,32,128,30,51180,2,A,9.103079795837402,1.0374838888514768
0.0,32,128,30,51180,2,B,8.959710121154785,0.6560340971066067
0.0,32,128,30,51180,2,C,8.86803150177002,31.07231054935836
0.0,32,128,30,51180,4,A,9.112668991088867,0.9965510209156376
0.0,32,128,30,51180,4,B,8.956889152526855,0.9853317139176812
0.0,32,128,30,51180,4,C,8.864386558532715,31.35387553433566
0.25,32,8,30,3199,0,A,8.73013687133789,1.000036371992627
0.25,32,8,30,3199,0,B,8.67790699005127,0.5288115227513753
0.25,32,8,30,3199,0,C,8.66480827331543,31.158171797909997
0.25,32,8,30,3199,1,A,8.748764038085938,0.9914309697008074
0.25,32,8,30,3199,1,B,8.688446044921875,0.6516260718223486
0.25,32,8,30,3199,1,C,8.673161506652832,31.037402473603997
0.25,32,8,30,3199,2,A,8.738715171813965,1.0021699550060932
0.25,32,8,30,3199,2,B,8.684741020202637,0.5297750159219294
0.25,32,8,30,3199,2,C,8.673516273498535,31.177705445014208
0.25,32,8,30,3199,3,A,8.747851371765137,1.0271953028328866
0.25,32,8,30,3199,3,B,8.696910858154297,0.46561912911686854
0.25,32,8,30,3199,3,C,8.67837142944336,30.826819651550327
0.0,32,128,30,51180,3,A,9.10903549194336,1.0
0.0,32,128,30,51180,3,B,8.960886001586914,1.2031580706644864
0.0,32,128,30,51180,3,C,8.858309745788574,30.324576544207346
0.25,32,8,30,3199,4,A,8.762594223022461,1.059735892189099
0.25,32,8,30,3199,4,B,8.710236549377441,0.5135343613684259
0.25,32,8,30,3199,4,C,8.690263748168945,31.09394132555546
0.0,32,128,30,51180,1,A,9.108205795288086,1.016051816300309
0.0,32,128,30,51180,1,B,8.955565452575684,0.7819371646512335
0.0,32,128,30,51180,1,C,8.860843658447266,30.925689381393255
0.25,64,8,30,3199,0,A,8.793437957763672,1.0027485540339973
0.25,64,8,30,3199,0,B,8.71284294128418,0.6592904513966911
0.25,64,8,30,3199,0,C,8.683061599731445,62.75215503826711
0.25,64,8,30,3199,1,A,8.812138557434082,1.0245879380636695
0.25,64,8,30,3199,1,B,8.73097038269043,0.7104488506069639
0.25,64,8,30,3199,1,C,8.71829891204834,62.183770620176986
0.25,64,8,30,3199,2,A,8.802552223205566,1.0121886955725072
0.25,64,8,30,3199,2,B,8.73023796081543,0.7744335106618718
0.25,64,8,30,3199,2,C,8.689983367919922,61.535263638675396
0.25,64,8,30,3199,3,A,8.81205940246582,1.0151551362545763
0.25,64,8,30,3199,3,B,8.729649543762207,0.6882698697601873
0.25,64,8,30,3199,3,C,8.709307670593262,62.71946349381305
0.25,64,8,30,3199,4,A,8.811040878295898,1.0106523654378188
0.25,64,8,30,3199,4,B,8.735783576965332,0.670169583134932
0.25,64,8,30,3199,4,C,8.704222679138184,62.54090412962478
0.25,128,8,30,3199,2,A,8.899914741516113,1.0139333918526854
0.25,128,8,30,3199,2,B,8.787236213684082,0.863919889094897
0.25,128,8,30,3199,2,C,8.734440803527832,124.25156541553139
0.25,128,8,30,3199,0,A,8.889107704162598,1.0294089320385384
0.25,128,8,30,3199,0,B,8.792271614074707,0.8467199988593315
0.25,128,8,30,3199,0,C,8.706806182861328,123.98864822246807
0.25,128,8,30,3199,1,A,8.908862113952637,1.0238806157603582
0.25,128,8,30,3199,1,B,8.811436653137207,0.842953455593484
0.25,128,8,30,3199,1,C,8.728711128234863,124.99748266490575
0.25,128,8,30,3199,3,A,8.91826343536377,1.0407445660530896
0.25,128,8,30,3199,3,B,8.795611381530762,0.8298507212224547
0.25,128,8,30,3199,3,C,8.724560737609863,124.6998778166467
0.25,128,8,30,3199,4,A,8.925186157226562,1.0547507501209488
0.25,128,8,30,3199,4,B,8.826987266540527,0.8141757949259151
0.25,128,8,30,3199,4,C,8.750381469726562,125.50044642318888
0.25,256,8,30,3199,0,A,9.051779747009277,1.0574958279833757
0.25,256,8,30,3199,0,B,8.914676666259766,0.9926218978736169
0.25,256,8,30,3199,0,C,8.779837608337402,247.2904491183723
0.25,16,32,30,12795,0,A,8.800375938415527,1.0822718441718562
0.25,16,32,30,12795,0,B,8.738974571228027,1.3038940672913732
0.25,16,32,30,12795,0,C,8.715218544006348,15.43411792848689
0.25,256,8,30,3199,1,A,9.05832576751709,1.0533761951853091
0.25,256,8,30,3199,1,B,8.9113130569458,0.8467629956132806
0.25,256,8,30,3199,1,C,8.784043312072754,247.45573799450622
0.25,256,8,30,3199,2,A,9.057262420654297,1.1251374234492282
0.25,256,8,30,3199,2,B,8.89979362487793,0.9529419384662099
0.25,256,8,30,3199,2,C,8.772628784179688,247.7932139507633
0.25,16,32,30,12795,2,A,8.801074028015137,1.115800562086716
0.25,16,32,30,12795,2,B,8.7393159866333,1.9749169446659522
0.25,16,32,30,12795,2,C,8.714082717895508,15.514537420857625
0.25,16,32,30,12795,1,A,8.810541152954102,1.0187198379468494
0.25,16,32,30,12795,1,B,8.752813339233398,0.6628078914308158
0.25,16,32,30,12795,1,C,8.718306541442871,15.374048398214256
0.25,256,8,30,3199,3,A,9.0571928024292,1.0591259408180644
0.25,256,8,30,3199,3,B,8.936243057250977,0.8981429256715349
0.25,256,8,30,3199,3,C,8.770085334777832,249.6051240710226
0.25,256,8,30,3199,4,A,9.066678047180176,1.0826077523800057
0.25,256,8,30,3199,4,B,8.923473358154297,0.967339276683187
0.25,256,8,30,3199,4,C,8.794350624084473,249.8215850711306
0.25,16,32,30,12795,3,A,8.803604125976562,1.2547503213698583
0.25,16,32,30,12795,3,B,8.744294166564941,2.4027006233361172
0.25,16,32,30,12795,3,C,8.715624809265137,15.475727188425298
0.25,16,32,30,12795,4,A,8.813225746154785,1.0753214286266788
0.25,16,32,30,12795,4,B,8.750118255615234,2.067855058265197
0.25,16,32,30,12795,4,C,8.721199989318848,15.451253083906858
0.25,32,32,30,12795,0,A,8.86681079864502,1.090644784245311
0.25,32,32,30,12795,0,B,8.758515357971191,0.7888040983096459
0.25,32,32,30,12795,0,C,8.716174125671387,30.537978621740365
0.25,32,32,30,12795,1,A,8.869966506958008,0.9999998083702348
0.25,32,32,30,12795,1,B,8.780997276306152,1.0070423424810608
0.25,32,32,30,12795,1,C,8.726685523986816,30.56291418147047
0.0,64,128,30,51180,1,A,9.269082069396973,1.0076939295796608
0.0,64,128,30,51180,1,B,9.060094833374023,0.7340264334934861
0.0,64,128,30,51180,1,C,8.913580894470215,62.53125772342534
0.25,32,32,30,12795,2,A,8.862095832824707,1.0082485077109344
0.25,32,32,30,12795,2,B,8.76385498046875,1.091070154550429
0.25,32,32,30,12795,2,C,8.718221664428711,30.48026872488529
0.0,64,128,30,51180,2,A,9.277162551879883,0.9921729443514663
0.0,64,128,30,51180,2,B,9.063139915466309,0.6707747959956255
0.0,64,128,30,51180,2,C,8.913633346557617,62.126530263928565
0.0,64,128,30,51180,0,A,9.27106761932373,1.0375697846308523
0.0,64,128,30,51180,0,B,9.060392379760742,0.6504909610621077
0.0,64,128,30,51180,0,C,8.913857460021973,62.699498020489415
0.0,64,128,30,51180,3,A,9.275729179382324,1.0568221172091705
0.0,64,128,30,51180,3,B,9.05765151977539,0.8230427254028556
0.0,64,128,30,51180,3,C,8.909984588623047,62.4251747330634
0.0,64,128,30,51180,4,A,9.262335777282715,1.0067819040471355
0.0,64,128,30,51180,4,B,9.06364917755127,0.8131616781906157
0.0,64,128,30,51180,4,C,8.911736488342285,60.23229122211401
0.25,32,32,30,12795,3,A,8.865582466125488,1.3122317066124263
0.25,32,32,30,12795,3,B,8.76789379119873,0.9493383899517311
0.25,32,32,30,12795,3,C,8.723987579345703,30.935055931005355
0.25,32,32,30,12795,4,A,8.874765396118164,0.9999998933183467
0.25,32,32,30,12795,4,B,8.779141426086426,0.6468285943499729
0.25,32,32,30,12795,4,C,8.726637840270996,30.757107585255216
0.25,64,32,30,12795,4,A,8.999794960021973,1.0318627593929708
0.25,64,32,30,12795,4,B,8.85232162475586,0.6544370897507727
0.25,64,32,30,12795,4,C,8.775439262390137,62.20006597454522
0.25,64,32,30,12795,1,A,9.000561714172363,1.0103414753525866
0.25,64,32,30,12795,1,B,8.846454620361328,0.6885593870024714
0.25,64,32,30,12795,1,C,8.765307426452637,61.397157969874506
0.25,64,32,30,12795,0,A,8.989566802978516,1.0243823387046362
0.25,64,32,30,12795,0,B,8.841994285583496,0.7024680500423167
0.25,64,32,30,12795,0,C,8.755438804626465,61.65303828635068
0.25,64,32,30,12795,2,A,8.991446495056152,1.0345833929333192
0.25,64,32,30,12795,2,B,8.83791446685791,0.6789459471165873
0.25,64,32,30,12795,2,C,8.767252922058105,60.09044143156621
0.25,64,32,30,12795,3,A,8.996159553527832,1.0162991389611031
0.25,64,32,30,12795,3,B,8.844820022583008,0.6818197100973055
0.25,64,32,30,12795,3,C,8.764384269714355,61.778982818302616
0.25,128,32,30,12795,0,A,9.16566276550293,1.0173822618792498
0.25,128,32,30,12795,0,B,8.99753475189209,0.7105260771570054
0.25,128,32,30,12795,0,C,8.84548282623291,123.65346801574994
0.25,128,32,30,12795,1,A,9.177691459655762,1.0403297222084182
0.25,128,32,30,12795,1,B,8.99759292602539,0.8405409877875121
0.25,128,32,30,12795,1,C,8.844974517822266,125.52697969609986
0.25,128,32,30,12795,2,A,9.1692533493042,1.0186384888385724
0.25,128,32,30,12795,2,B,8.997432708740234,0.7539266829321516
0.25,128,32,30,12795,2,C,8.829203605651855,123.92086909518058
0.25,128,32,30,12795,4,A,9.184759140014648,1.0464123149073343
0.25,128,32,30,12795,4,B,9.017135620117188,0.83200467552255
0.25,128,32,30,12795,4,C,8.840720176696777,124.18168905579813
0.25,128,32,30,12795,3,A,9.17010498046875,1.0655848665121408
0.25,128,32,30,12795,3,B,8.985614776611328,0.787313052702384
0.25,128,32,30,12795,3,C,8.83899211883545,123.17659173842044
0.25,16,128,30,51180,1,A,8.994340896606445,1.2398899881991232
0.25,16,128,30,51180,1,B,8.906652450561523,1.448209382608074
0.25,16,128,30,51180,1,C,8.85295581817627,15.474168556480793
0.25,16,128,30,51180,2,A,8.990004539489746,1.0287471720011816
0.25,16,128,30,51180,2,B,8.902771949768066,1.7315128713033126
0.25,16,128,30,51180,2,C,8.848416328430176,14.847139644809353
0.0,128,128,30,51180,0,A,9.419320106506348,0.9996600223493126
0.0,128,128,30,51180,0,B,9.261096954345703,0.8413513909657245
0.0,128,128,30,51180,0,C,9.032094955444336,123.79724969821108
0.25,16,128,30,51180,0,A,8.993289947509766,1.1167105453912842
0.25,16,128,30,51180,0,B,8.908313751220703,1.4460006296122216
0.25,16,128,30,51180,0,C,8.850515365600586,15.488140522480103
0.25,256,32,30,12795,0,A,9.236988067626953,1.0779804047607018
0.25,256,32,30,12795,0,B,9.19088077545166,0.9004510968320188
0.25,256,32,30,12795,0,C,8.96640396118164,248.25650679574878
0.0,128,128,30,51180,1,A,9.418213844299316,1.0119544537290404
0.0,128,128,30,51180,1,B,9.263026237487793,0.864741083334457
0.0,128,128,30,51180,1,C,9.030820846557617,125.0680588871643
0.0,128,128,30,51180,2,A,9.414518356323242,1.0170728751303464
0.0,128,128,30,51180,2,B,9.264826774597168,0.805278730665598
0.0,128,128,30,51180,2,C,9.03217601776123,124.35466483679781
0.25,256,32,30,12795,1,A,9.244081497192383,1.0906084109317882
0.25,256,32,30,12795,1,B,9.2044038772583,0.8825269854679133
0.25,256,32,30,12795,1,C,8.960726737976074,251.2064424145335
0.25,16,128,30,51180,4,A,8.995352745056152,1.2810654768905456
0.25,16,128,30,51180,4,B,8.909832000732422,1.613317365245502
0.25,16,128,30,51180,4,C,8.847661018371582,15.511128006848955
0.25,256,32,30,12795,3,A,9.2528076171875,1.1580906415869434
0.25,256,32,30,12795,3,B,9.20219612121582,0.8802384815565353
0.25,256,32,30,12795,3,C,8.96875,246.32347236732124
0.25,256,32,30,12795,2,A,9.249773025512695,1.1272656177070897
0.25,256,32,30,12795,2,B,9.201202392578125,0.89346032929761
0.25,256,32,30,12795,2,C,8.970033645629883,247.81610821566326
0.25,16,128,30,51180,3,A,8.994996070861816,1.3100086745436779
0.25,16,128,30,51180,3,B,8.902932167053223,2.2898594675666994
0.25,16,128,30,51180,3,C,8.850503921508789,15.50614489947096
0.25,256,32,30,12795,4,A,9.258306503295898,1.039250107087966
0.25,256,32,30,12795,4,B,9.219040870666504,0.8704978150944861
0.25,256,32,30,12795,4,C,8.958490371704102,243.34816983123451
0.5,16,2,30,800,0,A,8.704004287719727,4.676440752915305
0.5,16,2,30,800,0,B,8.661869049072266,1.5015960652297013
0.5,16,2,30,800,0,C,8.650818824768066,15.647031289091188
0.5,16,2,30,800,1,A,8.706276893615723,5.026812307792059
0.5,16,2,30,800,1,B,8.669078826904297,0.8388137302570973
0.5,16,2,30,800,1,C,8.649870872497559,15.632319684367681
0.5,16,2,30,800,2,A,8.772753715515137,3.494295557928454
0.5,16,2,30,800,2,B,8.736995697021484,0.34829187117948696
0.5,16,2,30,800,2,C,8.712141990661621,15.654100767205039
0.5,16,2,30,800,3,A,8.762008666992188,3.796890416551885
0.5,16,2,30,800,3,B,8.72492790222168,0.452904174616391
0.5,16,2,30,800,3,C,8.726933479309082,15.60739252585867
0.5,16,2,30,800,4,A,8.772370338439941,3.9805204226060233
0.5,16,2,30,800,4,B,8.73049545288086,0.38764446598797736
0.5,16,2,30,800,4,C,8.707517623901367,15.532770052303329
0.5,32,2,30,800,0,A,8.72071647644043,2.902662529423286
0.5,32,2,30,800,0,B,8.659708976745605,0.8944948352620152
0.5,32,2,30,800,0,C,8.65375804901123,31.017716014434434
0.0,128,128,30,51180,4,A,9.413941383361816,1.0228270840476437
0.0,128,128,30,51180,4,B,9.265603065490723,0.8388459504306782
0.0,128,128,30,51180,4,C,9.028135299682617,123.7866138570328
0.5,32,2,30,800,1,A,8.725777626037598,3.4168137529647686
0.5,32,2,30,800,1,B,8.667299270629883,0.5899870388717601
0.5,32,2,30,800,1,C,8.64991569519043,31.146798345283614
0.5,32,2,30,800,2,A,8.796069145202637,1.4514931587425106
0.5,32,2,30,800,2,B,8.74569034576416,0.9777203148295196
0.5,32,2,30,800,2,C,8.716039657592773,31.180931434669123
0.5,32,2,30,800,4,A,8.805914878845215,2.96226057253471
0.5,32,2,30,800,4,B,8.753138542175293,0.7339628848121275
0.5,32,2,30,800,4,C,8.725137710571289,30.922999401032506
0.5,32,2,30,800,3,A,8.775369644165039,2.0564356101239905
0.5,32,2,30,800,3,B,8.736260414123535,0.9878387815927945
0.5,32,2,30,800,3,C,8.697832107543945,31.308150790235715
0.5,64,2,30,800,0,A,8.743088722229004,2.615968814174397
0.5,64,2,30,800,0,B,8.69231128692627,1.6064956867733595
0.5,64,2,30,800,0,C,8.6715726852417,62.359153107247906
0.5,64,2,30,800,1,A,8.751603126525879,1.7299208050274164
0.5,64,2,30,800,1,B,8.676504135131836,1.2518629057673516
0.5,64,2,30,800,1,C,8.651323318481445,62.803644746043666
0.0,128,128,30,51180,3,A,9.411649703979492,0.9961011862741289
0.0,128,128,30,51180,3,B,9.264902114868164,0.7855929020708882
0.0,128,128,30,51180,3,C,9.025227546691895,125.72138265739663
0.5,64,2,30,800,2,A,8.823160171508789,1.4024206528037082
0.5,64,2,30,800,2,B,8.75091552734375,1.609515696485193
0.5,64,2,30,800,2,C,8.7155179977417,62.583312962296645
0.5,64,2,30,800,3,A,8.812891006469727,1.7453586931998821
0.5,64,2,30,800,3,B,8.737866401672363,1.049938858638154
0.5,64,2,30,800,3,C,8.702834129333496,62.55083646522766
0.25,32,128,30,51180,0,A,9.084070205688477,1.0283805662163528
0.25,32,128,30,51180,0,B,8.949688911437988,0.6825323311440948
0.25,32,128,30,51180,0,C,8.855228424072266,30.76426892161635
0.5,64,2,30,800,4,A,8.825026512145996,1.5004721272488122
0.5,64,2,30,800,4,B,8.742901802062988,1.3721625355680507
0.5,64,2,30,800,4,C,8.70618724822998,61.51054383980131
0.5,128,2,30,800,0,A,8.784096717834473,2.604879994239497
0.5,128,2,30,800,0,B,8.702503204345703,1.5798167978632451
0.5,128,2,30,800,0,C,8.648265838623047,125.88001958167928
0.25,32,128,30,51180,1,A,9.085092544555664,1.0866277708284546
0.25,32,128,30,51180,1,B,8.938464164733887,1.2159021829116137
0.25,32,128,30,51180,1,C,8.843403816223145,31.280575227976122
0.5,128,2,30,800,2,A,8.858272552490234,1.6450812114048006
0.5,128,2,30,800,2,B,8.774081230163574,1.5141863197835506
0.5,128,2,30,800,2,C,8.715509414672852,125.71511360292176
0.5,128,2,30,800,1,A,8.792399406433105,2.013936111436312
0.5,128,2,30,800,1,B,8.71164608001709,1.813252186007679
0.5,128,2,30,800,1,C,8.654988288879395,124.18336823400688
0.5,128,2,30,800,3,A,8.825891494750977,1.6737674894525718
0.5,128,2,30,800,3,B,8.746479988098145,1.8718186184252419
0.5,128,2,30,800,3,C,8.700952529907227,124.16403547978904
0.25,32,128,30,51180,2,A,9.078474998474121,1.1027375614430646
0.25,32,128,30,51180,2,B,8.938576698303223,1.3276382182802546
0.25,32,128,30,51180,2,C,8.844294548034668,30.977721021731004
0.5,128,2,30,800,4,A,8.857487678527832,1.702440194031626
0.5,128,2,30,800,4,B,8.768946647644043,1.575935404535305
0.5,128,2,30,800,4,C,8.720759391784668,124.31671933964273
0.5,256,2,30,800,0,A,8.84665584564209,2.038629452378203
0.5,256,2,30,800,0,B,8.755637168884277,1.914885390145055
0.5,256,2,30,800,0,C,8.65435791015625,249.1605412364556
0.5,256,2,30,800,1,A,8.899062156677246,1.7591244126453187
0.5,256,2,30,800,1,B,8.759283065795898,2.1208610692555645
0.5,256,2,30,800,1,C,8.67227840423584,250.84423579075562
0.5,256,2,30,800,2,A,8.960367202758789,1.5876487005106112
0.5,256,2,30,800,2,B,8.8392972946167,1.4761900480311396
0.5,256,2,30,800,2,C,8.726252555847168,250.76563296299202
0.5,256,2,30,800,3,A,8.926137924194336,1.64379859141986
0.5,256,2,30,800,3,B,8.807887077331543,1.2837485997746123
0.5,256,2,30,800,3,C,8.736347198486328,249.12858473390907
0.5,256,2,30,800,4,A,8.945652961730957,1.5606289672660718
0.5,256,2,30,800,4,B,8.807561874389648,1.7155073015478646
0.5,256,2,30,800,4,C,8.745807647705078,247.58620269079472
0.5,16,8,30,3199,0,A,8.669139862060547,1.4390986562146204
0.5,16,8,30,3199,0,B,8.6312255859375,1.5020817438948126
0.5,16,8,30,3199,0,C,8.61818790435791,15.54465669077092
0.5,16,8,30,3199,1,A,8.708052635192871,1.297848329712977
0.5,16,8,30,3199,1,B,8.665019989013672,1.1325105118578644
0.5,16,8,30,3199,1,C,8.645854949951172,15.391828397863199
0.5,16,8,30,3199,3,A,8.711169242858887,1.2821682348456853
0.5,16,8,30,3199,3,B,8.676212310791016,1.0629695386562459
0.5,16,8,30,3199,3,C,8.646574974060059,15.681149781586859
0.5,16,8,30,3199,2,A,8.686388969421387,2.392651268984748
0.5,16,8,30,3199,2,B,8.648465156555176,1.6729131824549475
0.5,16,8,30,3199,2,C,8.631691932678223,15.244205684412421
0.5,16,8,30,3199,4,A,8.715850830078125,1.6864080172917337
0.5,16,8,30,3199,4,B,8.670544624328613,0.7041609742190253
0.5,16,8,30,3199,4,C,8.660564422607422,15.432419502883993
0.5,32,8,30,3199,1,A,8.736513137817383,1.1780884729823677
0.5,32,8,30,3199,1,B,8.677922248840332,0.7284348123679434
0.5,32,8,30,3199,1,C,8.653867721557617,31.226094836552964
0.5,32,8,30,3199,0,A,8.7081298828125,1.0607922442487867
0.5,32,8,30,3199,0,B,8.651073455810547,0.9355205145905784
0.5,32,8,30,3199,0,C,8.627976417541504,31.082605048524083
0.5,32,8,30,3199,2,A,8.719499588012695,1.4509551511702365
0.5,32,8,30,3199,2,B,8.666125297546387,0.787460511223624
0.5,32,8,30,3199,2,C,8.640081405639648,30.956587215347213
0.5,32,8,30,3199,3,A,8.737784385681152,1.096032473874289
0.5,32,8,30,3199,3,B,8.683155059814453,0.5391091562458186
0.5,32,8,30,3199,3,C,8.655900001525879,30.97595116687769
0.5,32,8,30,3199,4,A,8.752236366271973,1.1779315568680022
0.5,32,8,30,3199,4,B,8.695911407470703,0.7573336758682725
0.5,32,8,30,3199,4,C,8.669065475463867,31.199503761752524
0.25,32,128,30,51180,3,A,9.086661338806152,1.0674925148494019
0.25,32,128,30,51180,3,B,8.94736099243164,1.989090251177865
0.25,32,128,30,51180,3,C,8.847715377807617,31.04091863428787
0.25,32,128,30,51180,4,A,9.086150169372559,1.0810311702507918
0.25,32,128,30,51180,4,B,8.938212394714355,1.4279024628025359
0.25,32,128,30,51180,4,C,8.84248161315918,31.21138574714321
0.5,64,8,30,3199,0,A,8.774444580078125,1.066411060595191
0.5,64,8,30,3199,0,B,8.694195747375488,0.6753693713930932
0.5,64,8,30,3199,0,C,8.651028633117676,62.47850448387623
0.5,64,8,30,3199,1,A,8.813491821289062,1.072733999288143
0.5,64,8,30,3199,1,B,8.728618621826172,0.7822423011206765
0.5,64,8,30,3199,1,C,8.690409660339355,62.45821127624012
0.5,64,8,30,3199,2,A,8.790706634521484,1.0452012929714443
0.5,64,8,30,3199,2,B,8.716604232788086,1.245689060570442
0.5,64,8,30,3199,2,C,8.657560348510742,61.44470318991668
0.5,64,8,30,3199,3,A,8.810782432556152,1.0534968155731719
0.5,64,8,30,3199,3,B,8.722103118896484,0.8354814627654469
0.5,64,8,30,3199,3,C,8.684346199035645,62.43439946689682
0.5,64,8,30,3199,4,A,8.812373161315918,1.07690234590949
0.5,64,8,30,3199,4,B,8.733133316040039,0.7898418046102184
0.5,64,8,30,3199,4,C,8.680222511291504,62.724916065057684
0.5,128,8,30,3199,0,A,8.880120277404785,1.08501856640996
0.5,128,8,30,3199,0,B,8.778918266296387,0.9378562434081854
0.5,128,8,30,3199,0,C,8.679696083068848,125.91436050159373
0.5,128,8,30,3199,1,A,8.920278549194336,1.0543153699144985
0.5,128,8,30,3199,1,B,8.803593635559082,0.9005798551890711
0.5,128,8,30,3199,1,C,8.711166381835938,124.41220944771688
0.5,128,8,30,3199,2,A,8.897500991821289,1.0388770892972574
0.5,128,8,30,3199,2,B,8.781450271606445,1.039027214768173
0.5,128,8,30,3199,2,C,8.698111534118652,123.94045765770083
0.5,128,8,30,3199,3,A,8.916589736938477,1.0820105968987312
0.5,128,8,30,3199,3,B,8.796277046203613,0.847286252354049
0.5,128,8,30,3199,3,C,8.700160026550293,125.52111782324953
0.5,128,8,30,3199,4,A,8.930044174194336,1.0998324102182975
0.5,128,8,30,3199,4,B,8.842771530151367,0.8757737206673204
0.5,128,8,30,3199,4,C,8.721444129943848,124.7607567714657
0.5,256,8,30,3199,0,A,9.03972339630127,1.084129583466851
0.5,256,8,30,3199,0,B,8.895493507385254,1.0581967571739004
0.5,256,8,30,3199,0,C,8.748690605163574,248.68466684616095
0.5,256,8,30,3199,1,A,9.061735153198242,1.0775719036710147
0.5,256,8,30,3199,1,B,8.91496753692627,0.946177850830177
0.5,256,8,30,3199,1,C,8.757320404052734,247.6054544462818
0.5,256,8,30,3199,2,A,9.05258560180664,1.1541452383866655
0.5,256,8,30,3199,2,B,8.902587890625,1.031780783236797
0.5,256,8,30,3199,2,C,8.738173484802246,248.37658645822273
0.5,16,32,30,12795,1,A,8.774477005004883,1.1795115142309374
0.5,16,32,30,12795,1,B,8.717123985290527,1.7265432783653294
0.5,16,32,30,12795,1,C,8.691774368286133,15.05072702834003
0.5,16,32,30,12795,0,A,8.76037883758545,1.2539432479816854
0.5,16,32,30,12795,0,B,8.695804595947266,2.014620621171952
0.5,16,32,30,12795,0,C,8.683402061462402,15.396606499129364
0.5,16,32,30,12795,2,A,8.759140014648438,1.4767431807521885
0.5,16,32,30,12795,2,B,8.696744918823242,2.3162845625686823
0.5,16,32,30,12795,2,C,8.680779457092285,15.146729455777079
0.5,256,8,30,3199,3,A,9.059114456176758,1.107375912787167
0.5,256,8,30,3199,3,B,8.937212944030762,0.912711366579408
0.5,256,8,30,3199,3,C,8.754664421081543,249.85496399089715
0.5,256,8,30,3199,4,A,9.079705238342285,1.078461737706664
0.5,256,8,30,3199,4,B,8.926421165466309,0.9920090827585554
0.5,256,8,30,3199,4,C,8.765450477600098,249.17082859458657
0.5,16,32,30,12795,3,A,8.76077651977539,1.2866341872921458
0.5,16,32,30,12795,3,B,8.706720352172852,3.1870104491712503
0.5,16,32,30,12795,3,C,8.680341720581055,14.67042973573952
0.25,64,128,30,51180,0,A,9.262850761413574,1.0043701910052323
0.25,64,128,30,51180,0,B,9.054438591003418,0.6708986013831147
0.25,64,128,30,51180,0,C,8.898422241210938,62.57971395113317
0.5,16,32,30,12795,4,A,8.776948928833008,1.251674637381282
0.5,16,32,30,12795,4,B,8.713574409484863,2.0879832102449876
0.5,16,32,30,12795,4,C,8.687409400939941,15.039521153156839
0.25,64,128,30,51180,1,A,9.27114486694336,1.0800473538141737
0.25,64,128,30,51180,1,B,9.05677318572998,1.0930134001544998
0.25,64,128,30,51180,1,C,8.889853477478027,62.34043153233913
0.25,64,128,30,51180,2,A,9.258466720581055,1.0076514687167786
0.25,64,128,30,51180,2,B,9.055326461791992,0.7548545067457009
0.25,64,128,30,51180,2,C,8.894980430603027,61.533921022809984
0.5,32,32,30,12795,0,A,8.831011772155762,1.1561665803987178
0.5,32,32,30,12795,0,B,8.72591781616211,1.217704565139683
0.5,32,32,30,12795,0,C,8.688863754272461,30.457595976341786
0.5,32,32,30,12795,1,A,8.843685150146484,1.1115205143104088
0.5,32,32,30,12795,1,B,8.751143455505371,1.4089902552679523
0.5,32,32,30,12795,1,C,8.699560165405273,30.71729960775585
0.5,32,32,30,12795,2,A,8.824434280395508,1.0766099858814322
0.5,32,32,30,12795,2,B,8.726003646850586,1.8663965131266822
0.5,32,32,30,12795,2,C,8.688077926635742,29.56343365614511
0.5,32,32,30,12795,4,A,8.84347915649414,1.0042382311365274
0.5,32,32,30,12795,4,B,8.750900268554688,0.8288909292000584
0.5,32,32,30,12795,4,C,8.698060989379883,30.498809107860648
0.5,32,32,30,12795,3,A,8.830611228942871,1.2849862345939789
0.5,32,32,30,12795,3,B,8.731767654418945,1.194267132047667
0.5,32,32,30,12795,3,C,8.698054313659668,30.58726097131725
0.5,64,32,30,12795,0,A,8.95902156829834,1.0084510848989938
0.5,64,32,30,12795,0,B,8.818206787109375,0.8115754023532978
0.5,64,32,30,12795,0,C,8.730572700500488,61.825125075736224
0.5,64,32,30,12795,1,A,8.978137016296387,1.0202351206280829
0.5,64,32,30,12795,1,B,8.81871509552002,0.7775368199108276
0.5,64,32,30,12795,1,C,8.749738693237305,59.988500183090416
0.5,64,32,30,12795,4,A,8.981356620788574,1.0870655793489357
0.5,64,32,30,12795,4,B,8.833013534545898,0.6921196745135803
0.5,64,32,30,12795,4,C,8.756278038024902,60.46389722768388
0.5,64,32,30,12795,2,A,8.961165428161621,1.028386210833832
0.5,64,32,30,12795,2,B,8.811846733093262,0.8711933158582188
0.5,64,32,30,12795,2,C,8.735441207885742,59.36125551274472
0.5,64,32,30,12795,3,A,8.969868659973145,1.0698046653343163
0.5,64,32,30,12795,3,B,8.821017265319824,0.7254947907145424
0.5,64,32,30,12795,3,C,8.737025260925293,61.78801400464517
0.25,64,128,30,51180,3,A,9.271941184997559,1.0447213999760745
0.25,64,128,30,51180,3,B,9.05516529083252,0.8933197705853445
0.25,64,128,30,51180,3,C,8.89250373840332,61.65311568715763
0.25,64,128,30,51180,4,A,9.259499549865723,1.026768969584804
0.25,64,128,30,51180,4,B,9.05345344543457,0.8391666969838016
0.25,64,128,30,51180,4,C,8.900190353393555,61.40255441352104
0.5,128,32,30,12795,0,A,9.146320343017578,1.0236420030895357
0.5,128,32,30,12795,0,B,8.979166030883789,0.7899667233645334
0.5,128,32,30,12795,0,C,8.814597129821777,122.86313740807633
0.5,128,32,30,12795,1,A,9.165242195129395,1.0595761099467131
0.5,128,32,30,12795,1,B,8.9744873046875,0.7978008428456576
0.5,128,32,30,12795,1,C,8.805928230285645,123.66511969323338
0.5,128,32,30,12795,2,A,9.14523696899414,1.0367691783329582
0.5,128,32,30,12795,2,B,8.97844123840332,0.7965124638968692
0.5,128,32,30,12795,2,C,8.80193042755127,117.61052772502107
0.5,128,32,30,12795,3,A,9.153550148010254,1.0624163179866282
0.5,128,32,30,12795,3,B,8.97607707977295,0.7878268165825508
0.5,128,32,30,12795,3,C,8.814446449279785,123.86842890113567
0.5,128,32,30,12795,4,A,9.174413681030273,1.0710093921590025
0.5,128,32,30,12795,4,B,8.9932279586792,0.8008986984302153
0.5,128,32,30,12795,4,C,8.817598342895508,121.90493094140675
0.0,256,128,30,51180,2,A,9.410540580749512,1.0189509618430126
0.0,256,128,30,51180,2,B,9.424118995666504,0.8805950574899319
0.0,256,128,30,51180,2,C,9.210376739501953,248.57041607452925
0.0,256,128,30,51180,0,A,9.408303260803223,1.023937193162146
0.0,256,128,30,51180,0,B,9.430681228637695,0.899081437372276
0.0,256,128,30,51180,0,C,9.201642990112305,248.5770345782265
0.5,256,32,30,12795,0,A,9.213604927062988,1.1195145334487595
0.5,256,32,30,12795,0,B,9.185453414916992,0.9016316235448764
0.5,256,32,30,12795,0,C,8.937641143798828,246.40980533805435
0.0,256,128,30,51180,1,A,9.403912544250488,1.0428752907870809
0.0,256,128,30,51180,1,B,9.420736312866211,0.8694838982127249
0.0,256,128,30,51180,1,C,9.204509735107422,250.2787371626625
0.5,16,128,30,51180,0,A,8.956709861755371,1.170960031733702
0.5,16,128,30,51180,0,B,8.871773719787598,1.5400266372700486
0.5,16,128,30,51180,0,C,8.820740699768066,15.594329692339077
0.5,16,128,30,51180,2,A,8.945941925048828,2.7662307580120733
0.5,16,128,30,51180,2,B,8.859803199768066,3.1544145576064935
0.5,16,128,30,51180,2,C,8.819169998168945,15.55603459647193
0.5,16,128,30,51180,1,A,8.952362060546875,1.7299777661835745
0.5,16,128,30,51180,1,B,8.867932319641113,1.6737413455072012
0.5,16,128,30,51180,1,C,8.820805549621582,15.684125449525474
0.5,256,32,30,12795,1,A,9.225571632385254,1.1696979313185805
0.5,256,32,30,12795,1,B,9.197224617004395,0.9219338762885985
0.5,256,32,30,12795,1,C,8.945771217346191,249.48987338622354
0.25,128,128,30,51180,4,A,9.42442512512207,1.0250017071828015
0.25,128,128,30,51180,4,B,9.278416633605957,0.8489684211044292
0.25,128,128,30,51180,4,C,9.016536712646484,125.44376372598734
0.25,128,128,30,51180,3,A,9.419221878051758,1.110335945404938
0.25,128,128,30,51180,3,B,9.283258438110352,0.8362102246019415
0.25,128,128,30,51180,3,C,9.02115249633789,124.62075944600684
0.25,128,128,30,51180,0,A,9.433511734008789,1.0103503280584731
0.25,128,128,30,51180,0,B,9.277922630310059,0.8602627112635681
0.25,128,128,30,51180,0,C,9.023463249206543,125.23549927959904
0.5,256,32,30,12795,3,A,9.230635643005371,1.1436378596137315
0.5,256,32,30,12795,3,B,9.192486763000488,0.8892010826206211
0.5,256,32,30,12795,3,C,8.935320854187012,248.7445598720798
0.25,128,128,30,51180,1,A,9.418682098388672,1.0156942826388367
0.25,128,128,30,51180,1,B,9.273453712463379,0.8562270025736707
0.25,128,128,30,51180,1,C,9.02035140991211,122.41523977628985
0.25,128,128,30,51180,2,A,9.418882369995117,1.0320505104432338
0.25,128,128,30,51180,2,B,9.274557113647461,0.8736406731627663
0.25,128,128,30,51180,2,C,9.011813163757324,120.38042532427447
0.5,256,32,30,12795,2,A,9.22461986541748,1.1421720503718855
0.5,256,32,30,12795,2,B,9.175414085388184,0.869658365255098
0.5,256,32,30,12795,2,C,8.938718795776367,246.29549947935064
0.5,256,32,30,12795,4,A,9.23427677154541,1.0645663431551282
0.5,256,32,30,12795,4,B,9.216854095458984,0.8656432706705962
0.5,256,32,30,12795,4,C,8.934983253479004,250.461245278379
0.0,256,128,30,51180,3,A,9.413244247436523,0.9998636715537953
0.0,256,128,30,51180,3,B,9.429227828979492,0.853748845151199
0.0,256,128,30,51180,3,C,9.214780807495117,244.45485651750795
0.5,16,128,30,51180,4,A,8.954378128051758,1.5458393879676997
0.5,16,128,30,51180,4,B,8.870864868164062,3.5565530906948304
0.5,16,128,30,51180,4,C,8.823887825012207,15.288962701106767
0.75,16,2,30,800,0,A,8.646989822387695,6.501404302847293
0.75,16,2,30,800,0,B,8.61384105682373,2.1283563232708587
0.75,16,2,30,800,0,C,8.594188690185547,15.669041447380236
0.75,16,2,30,800,1,A,8.657881736755371,6.875975174456637
0.75,16,2,30,800,1,B,8.623885154724121,0.8396557805998008
0.75,16,2,30,800,1,C,8.601449012756348,15.64418331698825
0.5,16,128,30,51180,3,A,8.955556869506836,1.554062724273386
0.5,16,128,30,51180,3,B,8.864144325256348,2.8092545443435397
0.5,16,128,30,51180,3,C,8.827805519104004,15.478177292175964
0.75,16,2,30,800,3,A,8.731133460998535,5.607705573343864
0.75,16,2,30,800,3,B,8.694143295288086,0.4383895884717264
0.75,16,2,30,800,3,C,8.709244728088379,15.597892345518147
0.75,16,2,30,800,2,A,8.750493049621582,5.798930647403794
0.75,16,2,30,800,2,B,8.717286109924316,0.40928334390516935
0.75,16,2,30,800,2,C,8.686513900756836,15.68220917086702
0.75,16,2,30,800,4,A,8.746378898620605,5.191981571957672
0.75,16,2,30,800,4,B,8.708698272705078,0.3239480489756315
0.75,16,2,30,800,4,C,8.681018829345703,15.573909664368795
0.0,256,128,30,51180,4,A,9.406840324401855,1.0951927899919243
0.0,256,128,30,51180,4,B,9.430578231811523,0.8980752358370857
0.0,256,128,30,51180,4,C,9.203689575195312,245.96137354147575
0.75,32,2,30,800,0,A,8.668126106262207,5.565158013734356
0.75,32,2,30,800,0,B,8.613359451293945,0.7112688886671911
0.75,32,2,30,800,0,C,8.594042778015137,30.997283145206485
0.75,32,2,30,800,1,A,8.67810344696045,6.254165380095876
0.75,32,2,30,800,1,B,8.624428749084473,0.8853964675206564
0.75,32,2,30,800,1,C,8.599444389343262,31.239817924553833
0.75,32,2,30,800,2,A,8.777718544006348,2.524149452062719
0.75,32,2,30,800,2,B,8.717829704284668,1.6103652423230146
0.75,32,2,30,800,2,C,8.687822341918945,31.18011662050108
0.75,32,2,30,800,3,A,8.747750282287598,3.8628301090655266
0.75,32,2,30,800,3,B,8.719730377197266,1.5056733386487229
0.75,32,2,30,800,3,C,8.670312881469727,31.40898113212086
0.75,32,2,30,800,4,A,8.781122207641602,5.84585120931447
0.75,32,2,30,800,4,B,8.728271484375,1.4699055717980858
0.75,32,2,30,800,4,C,8.699066162109375,30.81321582331336
0.75,64,2,30,800,1,A,8.70692253112793,2.6601497986742664
0.75,64,2,30,800,1,B,8.636151313781738,1.847041087947595
0.75,64,2,30,800,1,C,8.607458114624023,62.97763652215339
0.75,64,2,30,800,0,A,8.698357582092285,6.1246939352922025
0.75,64,2,30,800,0,B,8.650472640991211,2.386405317573982
0.75,64,2,30,800,0,C,8.618412971496582,62.49265121970495
0.75,64,2,30,800,2,A,8.801895141601562,2.1429366458815986
0.75,64,2,30,800,2,B,8.728055000305176,2.839810212892176
0.75,64,2,30,800,2,C,8.685027122497559,62.65066578104252
0.75,64,2,30,800,3,A,8.777253150939941,2.6568904730604075
0.75,64,2,30,800,3,B,8.71300983428955,1.456027335777136
0.75,64,2,30,800,3,C,8.668779373168945,62.67140065823407
0.75,64,2,30,800,4,A,8.804190635681152,2.7809823960235973
0.75,64,2,30,800,4,B,8.723997116088867,2.8435750998164218
0.75,64,2,30,800,4,C,8.67855167388916,61.571716201173224
0.75,128,2,30,800,0,A,8.743292808532715,3.266433737331924
0.75,128,2,30,800,0,B,8.66497802734375,2.37594502359592
0.75,128,2,30,800,0,C,8.605149269104004,125.9191031151656
0.75,128,2,30,800,1,A,8.752137184143066,2.635220781901563
0.75,128,2,30,800,1,B,8.669332504272461,2.502300751524831
0.75,128,2,30,800,1,C,8.60513687133789,124.74936279345384
0.75,128,2,30,800,2,A,8.836027145385742,1.9856185286208279
0.75,128,2,30,800,2,B,8.756831169128418,2.193894830812241
0.75,128,2,30,800,2,C,8.689963340759277,125.5606618236642
0.75,128,2,30,800,3,A,8.802797317504883,1.9717613507438772
0.75,128,2,30,800,3,B,8.735063552856445,2.65914537272728
0.75,128,2,30,800,3,C,8.666205406188965,124.10545160950609
0.5,32,128,30,51180,0,A,9.04212474822998,1.1573754490467123
0.5,32,128,30,51180,0,B,8.911992073059082,0.9084860352895342
0.5,32,128,30,51180,0,C,8.825518608093262,31.278941504591813
0.75,128,2,30,800,4,A,8.835287094116211,2.3556270090506275
0.75,128,2,30,800,4,B,8.75654125213623,2.34654872630871
0.75,128,2,30,800,4,C,8.69493293762207,124.2962268753505
0.5,32,128,30,51180,2,A,9.038649559020996,1.6008118624053256
0.5,32,128,30,51180,2,B,8.899106979370117,2.171914047906887
0.5,32,128,30,51180,2,C,8.816254615783691,30.955953222238804
0.75,256,2,30,800,0,A,8.806333541870117,2.3921290201418723
0.75,256,2,30,800,0,B,8.709590911865234,2.550843576940352
0.75,256,2,30,800,0,C,8.603657722473145,248.71568006050194
0.75,256,2,30,800,1,A,8.867754936218262,1.8972088183099796
0.75,256,2,30,800,1,B,8.733953475952148,3.214361405074455
0.75,256,2,30,800,1,C,8.62916088104248,251.29704356563138
0.5,32,128,30,51180,1,A,9.0415678024292,1.2992620659634935
0.5,32,128,30,51180,1,B,8.906209945678711,1.62160259310643
0.5,32,128,30,51180,1,C,8.809172630310059,30.96189584209638
0.75,256,2,30,800,2,A,8.934002876281738,1.7506798608573033
0.75,256,2,30,800,2,B,8.822534561157227,2.0149900008408195
0.75,256,2,30,800,2,C,8.700084686279297,250.44332860733704
0.75,256,2,30,800,3,A,8.899431228637695,1.728323945959524
0.75,256,2,30,800,3,B,8.781655311584473,1.4338435282213466
0.75,256,2,30,800,3,C,8.68748950958252,250.2776255540269
0.75,256,2,30,800,4,A,8.9058837890625,1.6856815517234727
0.75,256,2,30,800,4,B,8.788985252380371,2.1290250230731096
0.75,256,2,30,800,4,C,8.725396156311035,248.57200623799096
0.75,16,8,30,3199,1,A,8.66569995880127,1.9370892444486183
0.75,16,8,30,3199,1,B,8.6282320022583,1.7700273847736636
0.75,16,8,30,3199,1,C,8.610001564025879,15.512611018508553
0.75,16,8,30,3199,0,A,8.622105598449707,1.9344729782406334
0.75,16,8,30,3199,0,B,8.582151412963867,1.875531207960343
0.75,16,8,30,3199,0,C,8.569442749023438,15.51480329620171
0.75,16,8,30,3199,2,A,8.639490127563477,3.510732566210406
0.75,16,8,30,3199,2,B,8.605509757995605,2.637440550381703
0.75,16,8,30,3199,2,C,8.58835506439209,15.227859846216777
0.75,16,8,30,3199,3,A,8.676283836364746,1.5705411595408398
0.75,16,8,30,3199,3,B,8.641840934753418,2.3940885773132132
0.75,16,8,30,3199,3,C,8.614541053771973,15.702557964506985
0.75,16,8,30,3199,4,A,8.679746627807617,2.156052164219353
0.75,16,8,30,3199,4,B,8.63826847076416,0.6651824021722521
0.75,16,8,30,3199,4,C,8.629992485046387,15.48580801661395
0.75,32,8,30,3199,0,A,8.659887313842773,1.2742434615393596
0.75,32,8,30,3199,0,B,8.606273651123047,1.389596584533018
0.75,32,8,30,3199,0,C,8.584067344665527,31.204729770415486
0.75,32,8,30,3199,1,A,8.7033109664917,1.4206347137245128
0.75,32,8,30,3199,1,B,8.64596176147461,1.255931079706134
0.75,32,8,30,3199,1,C,8.615598678588867,30.995399883760673
0.75,32,8,30,3199,2,A,8.673929214477539,1.8340038869327404
0.75,32,8,30,3199,2,B,8.629902839660645,1.152200597176419
0.75,32,8,30,3199,2,C,8.598112106323242,30.98699324667758
0.75,32,8,30,3199,3,A,8.70298957824707,1.2500231365552703
0.75,32,8,30,3199,3,B,8.651627540588379,0.7649165629242638
0.75,32,8,30,3199,3,C,8.620892524719238,31.142487453202016
0.75,32,8,30,3199,4,A,8.720131874084473,1.4687392668412949
0.75,32,8,30,3199,4,B,8.663979530334473,0.8643002810655794
0.75,32,8,30,3199,4,C,8.633484840393066,31.16707246804032
0.75,64,8,30,3199,0,A,8.725396156311035,1.1734812311997653
0.75,64,8,30,3199,0,B,8.645527839660645,0.9769704315985429
0.75,64,8,30,3199,0,C,8.6035737991333,62.474687429301326
0.75,64,8,30,3199,2,A,8.749289512634277,1.1856506245588074
0.75,64,8,30,3199,2,B,8.6752347946167,1.5058402546883625
0.75,64,8,30,3199,2,C,8.609235763549805,61.26134506537948
0.75,64,8,30,3199,1,A,8.782038688659668,1.1468365136049217
0.75,64,8,30,3199,1,B,8.696046829223633,0.9541992153987887
0.75,64,8,30,3199,1,C,8.647562980651855,62.56403535329633
0.75,64,8,30,3199,3,A,8.779230117797852,1.0875322676249255
0.75,64,8,30,3199,3,B,8.693835258483887,0.9742528469366971
0.75,64,8,30,3199,3,C,8.650766372680664,62.55212124883214
0.75,64,8,30,3199,4,A,8.778489112854004,1.2191163734715758
0.75,64,8,30,3199,4,B,8.70008659362793,1.0329606766178843
0.75,64,8,30,3199,4,C,8.64979362487793,62.84631680317745
0.75,128,8,30,3199,1,A,8.88897705078125,1.107019675728351
0.75,128,8,30,3199,1,B,8.774046897888184,0.9611030556226401
0.75,128,8,30,3199,1,C,8.674139022827148,124.79099505214985
0.75,128,8,30,3199,0,A,8.837796211242676,1.2148745004551456
0.75,128,8,30,3199,0,B,8.72618293762207,1.062099948771704
0.75,128,8,30,3199,0,C,8.629595756530762,125.54239613280272
0.75,128,8,30,3199,2,A,8.86143684387207,1.0824823284676988
0.75,128,8,30,3199,2,B,8.744812965393066,1.1766215158435482
0.75,128,8,30,3199,2,C,8.662199020385742,122.70370317434771
0.75,128,8,30,3199,3,A,8.886147499084473,1.1148175416186543
0.75,128,8,30,3199,3,B,8.763721466064453,0.9278959567183946
0.75,128,8,30,3199,3,C,8.669964790344238,125.6942561304804
0.75,128,8,30,3199,4,A,8.899718284606934,1.1109031032904975
0.75,128,8,30,3199,4,B,8.812322616577148,0.9361347061822001
0.75,128,8,30,3199,4,C,8.692424774169922,124.57113143683323
0.5,32,128,30,51180,3,A,9.047664642333984,1.207072065960092
0.5,32,128,30,51180,3,B,8.908808708190918,1.5920861265256914
0.5,32,128,30,51180,3,C,8.818143844604492,30.478937454741434
0.5,32,128,30,51180,4,A,9.04263687133789,1.543439626571965
0.5,32,128,30,51180,4,B,8.900094032287598,0.9239178421963354
0.5,32,128,30,51180,4,C,8.822525978088379,30.98740873057622
0.75,256,8,30,3199,0,A,8.992697715759277,1.114044087563267
0.75,256,8,30,3199,0,B,8.851954460144043,1.306469074608782
0.75,256,8,30,3199,0,C,8.711837768554688,249.22902748308195
0.75,256,8,30,3199,1,A,9.037885665893555,1.0565614017660159
0.75,256,8,30,3199,1,B,8.890069007873535,1.0409006209292198
0.75,256,8,30,3199,1,C,8.722196578979492,247.43252507661018
0.75,16,32,30,12795,0,A,8.71205997467041,1.4306738189243637
0.75,16,32,30,12795,0,B,8.649731636047363,2.345330611883604
0.75,16,32,30,12795,0,C,8.649969100952148,15.369409426040876
0.75,256,8,30,3199,2,A,9.017386436462402,1.1872559621846965
0.75,256,8,30,3199,2,B,8.873119354248047,1.0710842128377203
0.75,256,8,30,3199,2,C,8.693487167358398,244.34175086033972
0.75,256,8,30,3199,3,A,9.034679412841797,1.1635869378049895
0.75,256,8,30,3199,3,B,8.909810066223145,0.9442255360877733
0.75,256,8,30,3199,3,C,8.716265678405762,248.07335417791134
0.75,256,8,30,3199,4,A,9.052153587341309,1.090630363955082
0.75,256,8,30,3199,4,B,8.903055191040039,1.0191188145527823
0.75,256,8,30,3199,4,C,8.736523628234863,249.47737427261598
0.75,16,32,30,12795,1,A,8.73188304901123,1.463354489656699
0.75,16,32,30,12795,1,B,8.673830032348633,2.0584557757309767
0.75,16,32,30,12795,1,C,8.657785415649414,15.019316284383514
0.75,16,32,30,12795,2,A,8.70816421508789,1.8059865472005467
0.75,16,32,30,12795,2,B,8.64711856842041,2.7987127439111594
0.75,16,32,30,12795,2,C,8.63841724395752,14.839661929194756
0.75,16,32,30,12795,3,A,8.713072776794434,1.650807486757408
0.75,16,32,30,12795,3,B,8.663168907165527,4.145154342923563
0.75,16,32,30,12795,3,C,8.63552474975586,15.03453312467397
0.75,16,32,30,12795,4,A,8.734057426452637,1.3297675519457293
0.75,16,32,30,12795,4,B,8.672635078430176,2.1774408170044794
0.75,16,32,30,12795,4,C,8.656855583190918,14.882592286981666
0.75,32,32,30,12795,0,A,8.782530784606934,1.2394122900550584
0.75,32,32,30,12795,0,B,8.681365966796875,1.3155626474240851
0.75,32,32,30,12795,0,C,8.64760971069336,30.903941080623934
0.75,32,32,30,12795,2,A,8.776761054992676,1.2084768660067398
0.75,32,32,30,12795,2,B,8.682690620422363,1.8836652661986124
0.75,32,32,30,12795,2,C,8.645110130310059,29.024640055333986
0.75,32,32,30,12795,1,A,8.802013397216797,1.2663686294294199
0.75,32,32,30,12795,1,B,8.709997177124023,2.055343775292223
0.75,32,32,30,12795,1,C,8.662213325500488,30.259209132819503
0.5,64,128,30,51180,0,A,9.224331855773926,1.0473910954927557
0.5,64,128,30,51180,0,B,9.023577690124512,0.8320211287805511
0.5,64,128,30,51180,0,C,8.870492935180664,61.63813559487217
0.75,32,32,30,12795,3,A,8.784613609313965,1.4866432907278413
0.75,32,32,30,12795,3,B,8.689496040344238,1.1710285231183621
0.75,32,32,30,12795,3,C,8.652518272399902,29.88561199178748
0.75,32,32,30,12795,4,A,8.806605339050293,1.065213362917243
0.75,32,32,30,12795,4,B,8.709427833557129,0.8528682601151938
0.75,32,32,30,12795,4,C,8.662467002868652,30.58794792459566
0.75,64,32,30,12795,0,A,8.915555000305176,1.0416507218374873
0.75,64,32,30,12795,0,B,8.77157974243164,1.2525635600321405
0.75,64,32,30,12795,0,C,8.693713188171387,62.12571053219748
0.5,64,128,30,51180,3,A,9.234929084777832,1.1129759884778874
0.5,64,128,30,51180,3,B,9.024582862854004,0.9775593070180163
0.5,64,128,30,51180,3,C,8.86684513092041,61.9365229165398
0.75,64,32,30,12795,1,A,8.933984756469727,1.0340177795229453
0.75,64,32,30,12795,1,B,8.785018920898438,0.876731454364894
0.75,64,32,30,12795,1,C,8.70712661743164,59.859148112294285
0.5,64,128,30,51180,1,A,9.22877311706543,1.0886424932062317
0.5,64,128,30,51180,1,B,9.023603439331055,1.1183999918155294
0.5,64,128,30,51180,1,C,8.865564346313477,61.12552166319333
0.75,64,32,30,12795,2,A,8.914053916931152,1.0842522871865463
0.75,64,32,30,12795,2,B,8.764881134033203,0.8479658578728438
0.75,64,32,30,12795,2,C,8.688883781433105,58.747367901277784
0.5,64,128,30,51180,2,A,9.215374946594238,1.0831168131391398
0.5,64,128,30,51180,2,B,9.021773338317871,0.8399472442652617
0.5,64,128,30,51180,2,C,8.86594009399414,62.11419589476973
0.75,64,32,30,12795,4,A,8.94580364227295,1.0705067223371607
0.75,64,32,30,12795,4,B,8.795714378356934,0.7697124413254202
0.75,64,32,30,12795,4,C,8.723464965820312,61.19117082053434
0.75,64,32,30,12795,3,A,8.928014755249023,1.1149508435449778
0.75,64,32,30,12795,3,B,8.77987003326416,0.7010597969185524
0.75,64,32,30,12795,3,C,8.702559471130371,61.51446581230454
0.5,64,128,30,51180,4,A,9.21855640411377,1.0807076895088485
0.5,64,128,30,51180,4,B,9.021936416625977,1.242450956632602
0.5,64,128,30,51180,4,C,8.87309455871582,62.026889729694254
0.75,128,32,30,12795,2,A,9.10209846496582,1.0432819770595956
0.75,128,32,30,12795,2,B,8.930087089538574,0.9859132796604586
0.75,128,32,30,12795,2,C,8.757159233093262,119.17262887481442
0.25,256,128,30,51180,0,A,9.407183647155762,0.9856183624006671
0.25,256,128,30,51180,0,B,9.442647933959961,0.894443538624516
0.25,256,128,30,51180,0,C,9.195998191833496,246.9342612818955
0.75,128,32,30,12795,1,A,9.131497383117676,1.1582145152036014
0.75,128,32,30,12795,1,B,8.942533493041992,0.7561427764899595
0.75,128,32,30,12795,1,C,8.778070449829102,123.64260165584828
0.75,128,32,30,12795,3,A,9.105403900146484,1.1150590379595866
0.75,128,32,30,12795,3,B,8.933968544006348,0.8579308652118676
0.75,128,32,30,12795,3,C,8.772329330444336,124.75720315828464
0.75,128,32,30,12795,0,A,9.107194900512695,1.0649698236710483
0.75,128,32,30,12795,0,B,8.940665245056152,0.8809476921416818
0.75,128,32,30,12795,0,C,8.778820991516113,123.21794121409023
0.75,128,32,30,12795,4,A,9.130695343017578,1.0791231275571032
0.75,128,32,30,12795,4,B,8.965875625610352,0.8101535836177475
0.75,128,32,30,12795,4,C,8.782514572143555,124.85624835780483
0.25,256,128,30,51180,4,A,9.418893814086914,1.1090518689585658
0.25,256,128,30,51180,4,B,9.436570167541504,0.8739204001861312
0.25,256,128,30,51180,4,C,9.195738792419434,250.24355882150806
0.25,256,128,30,51180,1,A,9.413240432739258,1.119076134099576
0.25,256,128,30,51180,1,B,9.44727897644043,0.8751623124630209
0.25,256,128,30,51180,1,C,9.183304786682129,243.07962580486318
0.25,256,128,30,51180,2,A,9.420794486999512,1.0437024931926082
0.25,256,128,30,51180,2,B,9.430800437927246,0.8630913226786437
0.25,256,128,30,51180,2,C,9.189981460571289,247.71382004792505
0.25,256,128,30,51180,3,A,9.415178298950195,1.019467983432762
0.25,256,128,30,51180,3,B,9.432347297668457,0.8328761029030594
0.25,256,128,30,51180,3,C,9.20451545715332,247.8068124330667
0.5,128,128,30,51180,2,A,9.392583847045898,1.032758491193558
0.5,128,128,30,51180,2,B,9.24538803100586,0.9639843573493208
0.5,128,128,30,51180,2,C,8.983628273010254,123.23461293324578
0.5,128,128,30,51180,4,A,9.402880668640137,1.0336298082436086
0.5,128,128,30,51180,4,B,9.252066612243652,0.8598820577045969
0.5,128,128,30,51180,4,C,8.987109184265137,124.68880100503667
0.75,256,32,30,12795,0,A,9.174187660217285,1.095007238408776
0.75,256,32,30,12795,0,B,9.147783279418945,0.907137706016551
0.75,256,32,30,12795,0,C,8.890189170837402,245.57157480332057
0.75,256,32,30,12795,3,A,9.191513061523438,1.1860044719446248
0.75,256,32,30,12795,3,B,9.15433120727539,0.9057048398511085
0.75,256,32,30,12795,3,C,8.904982566833496,224.47690618565645
0.5,128,128,30,51180,1,A,9.391141891479492,1.0478870967550635
0.5,128,128,30,51180,1,B,9.249342918395996,0.9246926454145448
0.5,128,128,30,51180,1,C,8.997868537902832,125.04811621293547
0.75,16,128,30,51180,2,A,8.900659561157227,3.0086711179249868
0.75,16,128,30,51180,2,B,8.818536758422852,1.9927794719067229
0.75,16,128,30,51180,2,C,8.784003257751465,15.5940745542732
0.75,16,128,30,51180,0,A,8.915029525756836,1.5220204432310644
0.75,16,128,30,51180,0,B,8.834028244018555,2.1749465843528535
0.75,16,128,30,51180,0,C,8.800860404968262,15.340789778040389
0.75,16,128,30,51180,1,A,8.907294273376465,1.8685645936545934
0.75,16,128,30,51180,1,B,8.830239295959473,2.635881817720111
0.75,16,128,30,51180,1,C,8.791396141052246,15.641854846550304
0.5,128,128,30,51180,0,A,9.397945404052734,1.088828229784414
0.5,128,128,30,51180,0,B,9.256307601928711,0.8229631414427248
0.5,128,128,30,51180,0,C,8.996789932250977,123.53604217692596
0.75,16,128,30,51180,3,A,8.915691375732422,2.266211077051818
0.75,16,128,30,51180,3,B,8.823945045471191,3.3710125322228452
0.75,16,128,30,51180,3,C,8.78963851928711,15.507012503354359
0.75,16,128,30,51180,4,A,8.907644271850586,1.9435515057547608
0.75,16,128,30,51180,4,B,8.832690238952637,1.6727680130272236
0.75,16,128,30,51180,4,C,8.792147636413574,15.463749662109292
0.5,128,128,30,51180,3,A,9.395817756652832,1.0950408770330968
0.5,128,128,30,51180,3,B,9.258755683898926,0.9419636423381675
0.5,128,128,30,51180,3,C,8.993247032165527,123.60548096657702
0.75,32,128,30,51180,0,A,9.00338077545166,1.0835393515990215
0.75,32,128,30,51180,0,B,8.87074089050293,0.8765516475395775
0.75,32,128,30,51180,0,C,8.789593696594238,31.198228855990426
1.0,16,2,30,800,0,A,8.59038257598877,7.406960730276005
1.0,16,2,30,800,0,B,8.555891990661621,7.232586096799142
1.0,16,2,30,800,0,C,8.542284965515137,15.682080173123463
0.75,256,32,30,12795,1,A,9.190333366394043,1.2189096639666304
0.75,256,32,30,12795,1,B,9.169508934020996,0.8934838654868753
0.75,256,32,30,12795,1,C,8.904911994934082,247.33054855678643
1.0,16,2,30,800,1,A,8.600183486938477,8.37436072996927
1.0,16,2,30,800,1,B,8.574124336242676,0.7827931777416351
1.0,16,2,30,800,1,C,8.549562454223633,15.658607019598278
1.0,16,2,30,800,2,A,8.717538833618164,7.0530837640926425
1.0,16,2,30,800,2,B,8.685704231262207,0.4443563823656153
1.0,16,2,30,800,2,C,8.661526679992676,15.656721517249526
1.0,16,2,30,800,3,A,8.69499397277832,6.014361570668936
1.0,16,2,30,800,3,B,8.663089752197266,0.40162505131975634
1.0,16,2,30,800,3,C,8.66838264465332,15.653044084654935
0.75,256,32,30,12795,2,A,9.166112899780273,1.22492319095834
0.75,256,32,30,12795,2,B,9.133533477783203,0.8509066047054705
0.75,256,32,30,12795,2,C,8.900419235229492,241.53843260798683
1.0,32,2,30,800,0,A,8.610302925109863,7.902011850457554
1.0,32,2,30,800,0,B,8.556930541992188,1.1202617061279352
1.0,32,2,30,800,0,C,8.544713020324707,31.030995465957083
1.0,16,2,30,800,4,A,8.719254493713379,6.15255827789977
1.0,16,2,30,800,4,B,8.683030128479004,0.2818665683076549
1.0,16,2,30,800,4,C,8.651776313781738,15.537282816975987
1.0,32,2,30,800,2,A,8.744380950927734,3.708083987352466
1.0,32,2,30,800,2,B,8.683548927307129,2.249166616170289
1.0,32,2,30,800,2,C,8.655879020690918,31.175540280336183
1.0,32,2,30,800,1,A,8.631549835205078,6.913992909592351
1.0,32,2,30,800,1,B,8.572076797485352,1.0734340198162373
1.0,32,2,30,800,1,C,8.546814918518066,31.326637301592783
1.0,32,2,30,800,4,A,8.750823974609375,6.854882407270141
1.0,32,2,30,800,4,B,8.691680908203125,2.0138588933526496
1.0,32,2,30,800,4,C,8.669831275939941,30.853134116956376
0.75,256,32,30,12795,4,A,9.196911811828613,1.1150022616626332
0.75,256,32,30,12795,4,B,9.176614761352539,0.896951206434454
0.75,256,32,30,12795,4,C,8.913374900817871,248.17902487393786
1.0,32,2,30,800,3,A,8.713065147399902,4.9074971402316265
1.0,32,2,30,800,3,B,8.68294620513916,1.9975142347945463
1.0,32,2,30,800,3,C,8.639824867248535,31.450979501236265
1.0,64,2,30,800,1,A,8.664229393005371,3.672473541464871
1.0,64,2,30,800,1,B,8.584478378295898,3.613696296484788
1.0,64,2,30,800,1,C,8.556036949157715,63.01852636075402
1.0,64,2,30,800,0,A,8.648205757141113,8.170853095749804
1.0,64,2,30,800,0,B,8.597782135009766,2.703508367915099
1.0,64,2,30,800,0,C,8.55321979522705,62.58948320818144
1.0,64,2,30,800,2,A,8.771620750427246,2.51794118387584
1.0,64,2,30,800,2,B,8.699091911315918,3.7578319143963226
1.0,64,2,30,800,2,C,8.6538724899292,62.675937416035495
1.0,64,2,30,800,4,A,8.776825904846191,4.04401129289274
1.0,64,2,30,800,4,B,8.69625473022461,3.5307013103039173
1.0,64,2,30,800,4,C,8.64953899383545,61.77550012237042
1.0,64,2,30,800,3,A,8.744783401489258,3.7961766468615905
1.0,64,2,30,800,3,B,8.67902660369873,1.7632479730225838
1.0,64,2,30,800,3,C,8.635405540466309,62.560102615779904
1.0,128,2,30,800,2,A,8.800823211669922,2.6700730014406533
1.0,128,2,30,800,2,B,8.736380577087402,2.88681042096088
1.0,128,2,30,800,2,C,8.656270980834961,125.47859517420086
0.75,32,128,30,51180,3,A,9.002732276916504,1.3714706918491222
0.75,32,128,30,51180,3,B,8.867688179016113,2.3703212975250425
0.75,32,128,30,51180,3,C,8.790858268737793,30.449698846104077
1.0,128,2,30,800,0,A,8.683382987976074,4.039665063449449
1.0,128,2,30,800,0,B,8.605887413024902,2.9527831593698055
1.0,128,2,30,800,0,C,8.558978080749512,125.89975486361028
1.0,128,2,30,800,1,A,8.707002639770508,3.784821924455819
1.0,128,2,30,800,1,B,8.618032455444336,3.71004313292918
1.0,128,2,30,800,1,C,8.56829833984375,124.77522058750027
0.75,32,128,30,51180,4,A,8.99040412902832,1.8178850174499483
0.75,32,128,30,51180,4,B,8.856101036071777,1.4693918971858473
0.75,32,128,30,51180,4,C,8.785330772399902,31.138956917228903
1.0,128,2,30,800,3,A,8.773344039916992,2.350336405194599
1.0,128,2,30,800,3,B,8.702497482299805,3.6591206942033123
1.0,128,2,30,800,3,C,8.634965896606445,123.9123045365596
1.0,128,2,30,800,4,A,8.808241844177246,2.6760092878897077
1.0,128,2,30,800,4,B,8.727389335632324,3.2759953578336556
1.0,128,2,30,800,4,C,8.668606758117676,123.9254289112939
1.0,256,2,30,800,0,A,8.757144927978516,2.7295634809899503
1.0,256,2,30,800,0,B,8.651179313659668,3.1212659708744406
1.0,256,2,30,800,0,C,8.561345100402832,248.13876666506968
1.0,256,2,30,800,3,A,8.851884841918945,1.7206986152710004
1.0,256,2,30,800,3,B,8.756840705871582,1.7422916862581552
1.0,256,2,30,800,3,C,8.654034614562988,250.57747467668892
1.0,16,8,30,3199,0,A,8.571444511413574,2.5383241752716823
1.0,16,8,30,3199,0,B,8.531807899475098,2.367492077305971
1.0,16,8,30,3199,0,C,8.522729873657227,15.432721394556337
1.0,256,2,30,800,1,A,8.80732536315918,1.9787956021301685
1.0,256,2,30,800,1,B,8.677292823791504,3.276194409777325
1.0,256,2,30,800,1,C,8.583799362182617,251.42330831159805
1.0,256,2,30,800,2,A,8.907254219055176,1.7996617202853962
1.0,256,2,30,800,2,B,8.79494571685791,2.2770180045937645
1.0,256,2,30,800,2,C,8.672786712646484,250.64079699906895
1.0,256,2,30,800,4,A,8.871037483215332,1.8968667128928638
1.0,256,2,30,800,4,B,8.763211250305176,2.4319704535314033
1.0,256,2,30,800,4,C,8.701241493225098,248.34552472573972
1.0,16,8,30,3199,1,A,8.626786231994629,2.439137909008497
1.0,16,8,30,3199,1,B,8.587383270263672,2.3221414783934584
1.0,16,8,30,3199,1,C,8.572503089904785,15.521047329149045
1.0,16,8,30,3199,2,A,8.593072891235352,3.923360654291119
1.0,16,8,30,3199,2,B,8.56176471710205,2.8423953099202715
1.0,16,8,30,3199,2,C,8.541693687438965,15.227535230842946
1.0,16,8,30,3199,3,A,8.63908863067627,1.911645913098663
1.0,16,8,30,3199,3,B,8.60170841217041,1.860445055671297
1.0,16,8,30,3199,3,C,8.577628135681152,15.69366574379521
0.75,32,128,30,51180,1,A,8.993739128112793,1.6715737729664415
0.75,32,128,30,51180,1,B,8.861432075500488,1.7069635130686995
0.75,32,128,30,51180,1,C,8.781951904296875,31.15097953257687
1.0,16,8,30,3199,4,A,8.643386840820312,2.3378794940495506
1.0,16,8,30,3199,4,B,8.603411674499512,1.1685100033900575
1.0,16,8,30,3199,4,C,8.594593048095703,15.40974305690798
1.0,32,8,30,3199,0,A,8.609843254089355,1.8409957282361458
1.0,32,8,30,3199,0,B,8.554617881774902,1.6150473265860459
1.0,32,8,30,3199,0,C,8.537870407104492,31.140539211305352
1.0,32,8,30,3199,1,A,8.666211128234863,1.5993258506225412
1.0,32,8,30,3199,1,B,8.606744766235352,1.521195622105667
1.0,32,8,30,3199,1,C,8.579373359680176,31.04328370236152
1.0,32,8,30,3199,2,A,8.625723838806152,2.294024944833523
1.0,32,8,30,3199,2,B,8.584929466247559,1.48393223024392
1.0,32,8,30,3199,2,C,8.554431915283203,31.06384767710818
1.0,32,8,30,3199,3,A,8.66650676727295,1.4297388688432262
1.0,32,8,30,3199,3,B,8.614325523376465,0.8471595154534133
1.0,32,8,30,3199,3,C,8.588168144226074,31.203588477252307
1.0,32,8,30,3199,4,A,8.682663917541504,1.8530126128503186
1.0,32,8,30,3199,4,B,8.625658988952637,1.1423387353078074
1.0,32,8,30,3199,4,C,8.598588943481445,31.2055665133396
0.75,32,128,30,51180,2,A,8.988405227661133,1.8583561417603505
0.75,32,128,30,51180,2,B,8.853577613830566,0.8999924716322322
0.75,32,128,30,51180,2,C,8.77731704711914,31.176355487411737
1.0,64,8,30,3199,0,A,8.672348976135254,1.1883001624828475
1.0,64,8,30,3199,0,B,8.593549728393555,1.3373380885964528
1.0,64,8,30,3199,0,C,8.552607536315918,62.393840388498205
1.0,64,8,30,3199,1,A,8.74360179901123,1.1926491402681179
1.0,64,8,30,3199,1,B,8.656535148620605,1.0397331222845874
1.0,64,8,30,3199,1,C,8.610993385314941,62.1657047364173
1.0,64,8,30,3199,3,A,8.744800567626953,1.1782409262620959
1.0,64,8,30,3199,3,B,8.651590347290039,1.2505978209920727
1.0,64,8,30,3199,3,C,8.61401081085205,62.29620875762119
1.0,64,8,30,3199,2,A,8.703248977661133,1.3022324797446956
1.0,64,8,30,3199,2,B,8.629996299743652,1.7467745943738338
1.0,64,8,30,3199,2,C,8.563796043395996,60.87636946575439
1.0,64,8,30,3199,4,A,8.743581771850586,1.335168737155845
1.0,64,8,30,3199,4,B,8.670199394226074,1.361385845852269
1.0,64,8,30,3199,4,C,8.617252349853516,62.90107582632121
1.0,128,8,30,3199,0,A,8.78573226928711,1.242607276162215
1.0,128,8,30,3199,0,B,8.68262767791748,1.0957757573524272
1.0,128,8,30,3199,0,C,8.58017635345459,125.12987288579569
1.0,128,8,30,3199,1,A,8.849648475646973,1.1174770198242465
1.0,128,8,30,3199,1,B,8.739547729492188,1.0165790547278362
1.0,128,8,30,3199,1,C,8.645861625671387,124.88413828078099
1.0,128,8,30,3199,2,A,8.817046165466309,1.2393714952573358
1.0,128,8,30,3199,2,B,8.700667381286621,1.4115893892499147
1.0,128,8,30,3199,2,C,8.626321792602539,122.22233120305607
1.0,128,8,30,3199,3,A,8.852049827575684,1.1409911968536488
1.0,128,8,30,3199,3,B,8.730271339416504,1.168136433204577
1.0,128,8,30,3199,3,C,8.637038230895996,125.9724164607032
1.0,128,8,30,3199,4,A,8.860398292541504,1.1173000937872963
1.0,128,8,30,3199,4,B,8.776291847229004,1.0634531795847977
1.0,128,8,30,3199,4,C,8.659597396850586,123.76743511345023
1.0,256,8,30,3199,0,A,8.944958686828613,1.2188246776885165
1.0,256,8,30,3199,0,B,8.807580947875977,1.405279744779907
1.0,256,8,30,3199,0,C,8.667773246765137,249.62260892938787
1.0,256,8,30,3199,2,A,8.971683502197266,1.182842730110598
1.0,256,8,30,3199,2,B,8.828561782836914,1.177140064270035
1.0,256,8,30,3199,2,C,8.652026176452637,241.2775005378128
1.0,256,8,30,3199,1,A,8.994598388671875,1.0897019186344872
1.0,256,8,30,3199,1,B,8.854000091552734,1.023149682260958
1.0,256,8,30,3199,1,C,8.698179244995117,247.98563991686876
1.0,256,8,30,3199,3,A,8.997052192687988,1.1820623142401387
1.0,256,8,30,3199,3,B,8.876694679260254,0.9866007515284448
1.0,256,8,30,3199,3,C,8.691994667053223,247.96981303776215
1.0,256,8,30,3199,4,A,9.01616382598877,1.1592593355992262
1.0,256,8,30,3199,4,B,8.866363525390625,1.2353549123567449
1.0,256,8,30,3199,4,C,8.6907377243042,248.2070902871981
1.0,16,32,30,12795,0,A,8.665425300598145,1.922341266537497
1.0,16,32,30,12795,0,B,8.605999946594238,3.2711241113663987
1.0,16,32,30,12795,0,C,8.602391242980957,15.396234176702912
1.0,16,32,30,12795,1,A,8.689530372619629,1.7703419741028008
1.0,16,32,30,12795,1,B,8.633950233459473,4.430441208689832
1.0,16,32,30,12795,1,C,8.617330551147461,14.901301540736053
1.0,16,32,30,12795,2,A,8.660307884216309,1.916146481846443
1.0,16,32,30,12795,2,B,8.598249435424805,2.473179132723257
1.0,16,32,30,12795,2,C,8.598413467407227,14.883936184909418
1.0,16,32,30,12795,3,A,8.664586067199707,1.8131857692230746
1.0,16,32,30,12795,3,B,8.617728233337402,5.102996606116975
1.0,16,32,30,12795,3,C,8.60012149810791,14.754941515600684
1.0,16,32,30,12795,4,A,8.690926551818848,1.3251858268057324
1.0,16,32,30,12795,4,B,8.633349418640137,1.873599599684258
1.0,16,32,30,12795,4,C,8.6202974319458,14.992253841132957
0.75,64,128,30,51180,1,A,9.18102741241455,1.0786181818819676
0.75,64,128,30,51180,1,B,8.985048294067383,1.7098212224297797
0.75,64,128,30,51180,1,C,8.834521293640137,62.55716372333595
0.75,64,128,30,51180,4,A,9.174444198608398,1.1719302321767824
0.75,64,128,30,51180,4,B,8.980839729309082,1.1976939487352902
0.75,64,128,30,51180,4,C,8.835286140441895,62.62419991551673
1.0,32,32,30,12795,0,A,8.73735523223877,1.4144884762591874
1.0,32,32,30,12795,0,B,8.63676643371582,2.0459000889473313
1.0,32,32,30,12795,0,C,8.607831954956055,30.863638346561565
1.0,32,32,30,12795,1,A,8.760645866394043,1.286569541838357
1.0,32,32,30,12795,1,B,8.67001724243164,1.654877476251576
1.0,32,32,30,12795,1,C,8.626388549804688,29.94873983892915
1.0,32,32,30,12795,2,A,8.728493690490723,1.4654831210648365
1.0,32,32,30,12795,2,B,8.634248733520508,2.6574673212906617
1.0,32,32,30,12795,2,C,8.60757064819336,29.50972057866161
1.0,32,32,30,12795,3,A,8.738513946533203,1.6113427949474954
1.0,32,32,30,12795,3,B,8.645349502563477,1.2875597535285082
1.0,32,32,30,12795,3,C,8.614110946655273,29.635231425741775
1.0,32,32,30,12795,4,A,8.76659870147705,1.0322690796186602
1.0,32,32,30,12795,4,B,8.6719388961792,1.0789053493844751
1.0,32,32,30,12795,4,C,8.6301908493042,30.64592201318714
0.75,64,128,30,51180,3,A,9.178544998168945,1.2405143911869978
0.75,64,128,30,51180,3,B,8.988439559936523,1.093128533573178
0.75,64,128,30,51180,3,C,8.834943771362305,62.63022369403335
0.75,64,128,30,51180,0,A,9.186604499816895,1.142938602646838
0.75,64,128,30,51180,0,B,8.990034103393555,1.0517704757203497
0.75,64,128,30,51180,0,C,8.836409568786621,61.916628761756634
1.0,64,32,30,12795,0,A,8.872220993041992,1.0541101237845127
1.0,64,32,30,12795,0,B,8.730219841003418,1.2137461873898239
1.0,64,32,30,12795,0,C,8.65187931060791,62.00489055623201
0.5,256,128,30,51180,0,A,9.389300346374512,1.0298873256004633
0.5,256,128,30,51180,0,B,9.42314624786377,0.8757967296438534
0.5,256,128,30,51180,0,C,9.164051055908203,249.02401008645563
1.0,64,32,30,12795,1,A,8.894185066223145,1.0341132746873838
1.0,64,32,30,12795,1,B,8.74164867401123,0.8772757844659442
1.0,64,32,30,12795,1,C,8.671341896057129,60.15419334677212
1.0,64,32,30,12795,2,A,8.864273071289062,1.106931924484964
1.0,64,32,30,12795,2,B,8.716962814331055,1.2096735704230062
1.0,64,32,30,12795,2,C,8.647582054138184,58.43409841188361
0.75,64,128,30,51180,2,A,9.17226791381836,1.1535891734827384
0.75,64,128,30,51180,2,B,8.980329513549805,0.8832308626196967
0.75,64,128,30,51180,2,C,8.831496238708496,62.472954831891954
1.0,64,32,30,12795,4,A,8.90714168548584,1.079523626382144
1.0,64,32,30,12795,4,B,8.754130363464355,0.8711770566717048
1.0,64,32,30,12795,4,C,8.685518264770508,62.19726563030639
1.0,64,32,30,12795,3,A,8.882013320922852,1.3679996329060815
1.0,64,32,30,12795,3,B,8.737311363220215,0.9795880234879775
1.0,64,32,30,12795,3,C,8.664259910583496,61.333121106119854
1.0,128,32,30,12795,0,A,9.053967475891113,1.0688738836368854
1.0,128,32,30,12795,0,B,8.89758014678955,0.923610695560202
1.0,128,32,30,12795,0,C,8.741674423217773,122.88667672135708
1.0,128,32,30,12795,2,A,9.054947853088379,1.057268742201346
1.0,128,32,30,12795,2,B,8.886487007141113,1.0577213139898767
1.0,128,32,30,12795,2,C,8.709592819213867,121.75735218576442
1.0,128,32,30,12795,1,A,9.08536148071289,1.14129012022792
1.0,128,32,30,12795,1,B,8.906169891357422,0.8431121273446979
1.0,128,32,30,12795,1,C,8.750262260437012,123.60485149124428
1.0,128,32,30,12795,4,A,9.10048770904541,1.0907179799365334
1.0,128,32,30,12795,4,B,8.924490928649902,0.8728287887729078
1.0,128,32,30,12795,4,C,8.750629425048828,124.30172997215399
1.0,128,32,30,12795,3,A,9.062483787536621,1.1355313971857384
1.0,128,32,30,12795,3,B,8.896219253540039,0.8349785836039071
1.0,128,32,30,12795,3,C,8.738432884216309,122.98899078483856
0.75,128,128,30,51180,1,A,9.348782539367676,1.0935833541044147
0.75,128,128,30,51180,1,B,9.215630531311035,1.023897342529068
0.75,128,128,30,51180,1,C,8.95758056640625,118.88050573142296
0.5,256,128,30,51180,3,A,9.396058082580566,1.0994337385066373
0.5,256,128,30,51180,3,B,9.40999698638916,0.9057842436917574
0.5,256,128,30,51180,3,C,9.173203468322754,249.61194849693337
1.0,16,128,30,51180,3,A,8.873754501342773,2.8107579560921403
1.0,16,128,30,51180,3,B,8.784703254699707,3.331354321076232
1.0,16,128,30,51180,3,C,8.76292896270752,15.220463399316206
1.0,16,128,30,51180,2,A,8.854690551757812,2.977797969085511
1.0,16,128,30,51180,2,B,8.776461601257324,2.000699433201004
1.0,16,128,30,51180,2,C,8.75084400177002,15.532695307931478
1.0,16,128,30,51180,0,A,8.874642372131348,1.78258223527494
1.0,16,128,30,51180,0,B,8.797648429870605,2.8507018817790772
1.0,16,128,30,51180,0,C,8.771042823791504,15.20483152503445
1.0,256,32,30,12795,3,A,9.128772735595703,1.1968789355773306
1.0,256,32,30,12795,3,B,9.114357948303223,0.9240930756124243
1.0,256,32,30,12795,3,C,8.859725952148438,233.50169899197067
0.5,256,128,30,51180,2,A,9.393685340881348,1.093332165990169
0.5,256,128,30,51180,2,B,9.410700798034668,0.8664473559358006
0.5,256,128,30,51180,2,C,9.167252540588379,249.77571280395154
1.0,16,128,30,51180,1,A,8.86484432220459,2.3740451595860983
1.0,16,128,30,51180,1,B,8.787307739257812,1.6930956000921447
1.0,16,128,30,51180,1,C,8.759263038635254,15.485734287531969
0.75,128,128,30,51180,3,A,9.353410720825195,1.127942890000589
0.75,128,128,30,51180,3,B,9.224462509155273,0.884817377687642
0.75,128,128,30,51180,3,C,8.962153434753418,124.59079109208207
1.0,256,32,30,12795,4,A,9.157862663269043,1.1914527438877431
1.0,256,32,30,12795,4,B,9.150760650634766,0.9074044502263359
1.0,256,32,30,12795,4,C,8.873315811157227,248.83417587633227
0.5,256,128,30,51180,1,A,9.394051551818848,1.065746753779593
0.5,256,128,30,51180,1,B,9.419264793395996,0.9011714311853801
0.5,256,128,30,51180,1,C,9.155134201049805,248.65007617758678
1.0,256,32,30,12795,1,A,9.152898788452148,1.3277773980965792
1.0,256,32,30,12795,1,B,9.125802040100098,0.9528524064663237
1.0,256,32,30,12795,1,C,8.868413925170898,233.65457090141567
1.0,256,32,30,12795,0,A,9.129136085510254,1.1483801844352532
1.0,256,32,30,12795,0,B,9.099213600158691,0.9164606477609257
1.0,256,32,30,12795,0,C,8.853799819946289,242.61554973394811
0.5,256,128,30,51180,4,A,9.404475212097168,1.1896041489184157
0.5,256,128,30,51180,4,B,9.408856391906738,0.9086367136231014
0.5,256,128,30,51180,4,C,9.161624908447266,249.64744035480774
1.0,256,32,30,12795,2,A,9.125869750976562,1.2253083222288137
1.0,256,32,30,12795,2,B,9.080798149108887,0.8862330290776016
1.0,256,32,30,12795,2,C,8.850773811340332,241.23334829181837
0.75,128,128,30,51180,0,A,9.357569694519043,1.0735761031947026
0.75,128,128,30,51180,0,B,9.217087745666504,0.8797079302170951
0.75,128,128,30,51180,0,C,8.962862968444824,124.38538760825718
1.0,16,128,30,51180,4,A,8.866124153137207,1.982034800034324
1.0,16,128,30,51180,4,B,8.788980484008789,1.661251432117398
1.0,16,128,30,51180,4,C,8.760523796081543,15.654647575327713
0.75,128,128,30,51180,2,A,9.34675121307373,1.0632502465723523
0.75,128,128,30,51180,2,B,9.206381797790527,0.9518386397803698
0.75,128,128,30,51180,2,C,8.944385528564453,123.70136865736742
0.75,128,128,30,51180,4,A,9.35141372680664,1.062784291795516
0.75,128,128,30,51180,4,B,9.22184944152832,0.9463635924107112
0.75,128,128,30,51180,4,C,8.957158088684082,123.59687086955638
1.0,32,128,30,51180,1,A,8.947778701782227,1.7725436084030992
1.0,32,128,30,51180,1,B,8.81588363647461,1.9521340248473755
1.0,32,128,30,51180,1,C,8.742203712463379,30.80811083806968
1.0,32,128,30,51180,0,A,8.956867218017578,1.188280253886423
1.0,32,128,30,51180,0,B,8.828543663024902,1.095618311427061
1.0,32,128,30,51180,0,C,8.763498306274414,30.358476694256417
1.0,32,128,30,51180,3,A,8.96373462677002,1.3986665260807454
1.0,32,128,30,51180,3,B,8.825421333312988,2.386025121177077
1.0,32,128,30,51180,3,C,8.754500389099121,31.13793383347298
1.0,32,128,30,51180,2,A,8.938729286193848,1.9559301163006446
1.0,32,128,30,51180,2,B,8.812703132629395,1.1537556594730574
1.0,32,128,30,51180,2,C,8.74526596069336,30.938769085597198
1.0,32,128,30,51180,4,A,8.94613265991211,2.017259822595332
1.0,32,128,30,51180,4,B,8.815749168395996,1.7370012855205115
1.0,32,128,30,51180,4,C,8.760302543640137,30.853645972474865
1.0,64,128,30,51180,1,A,9.126481056213379,1.1326351882312515
1.0,64,128,30,51180,1,B,8.939839363098145,1.7780117553394685
1.0,64,128,30,51180,1,C,8.800080299377441,62.164143438514536
1.0,64,128,30,51180,4,A,9.131237983703613,1.1038535341659865
1.0,64,128,30,51180,4,B,8.94410228729248,1.5023729303561077
1.0,64,128,30,51180,4,C,8.809708595275879,61.95162742874749
1.0,64,128,30,51180,2,A,9.12127685546875,1.1961090043876081
1.0,64,128,30,51180,2,B,8.936022758483887,0.8986691341281153
1.0,64,128,30,51180,2,C,8.794464111328125,60.97626060031255
1.0,64,128,30,51180,0,A,9.13878345489502,1.086457575567402
1.0,64,128,30,51180,0,B,8.948516845703125,0.9478409739215119
1.0,64,128,30,51180,0,C,8.810492515563965,62.175336364545
1.0,64,128,30,51180,3,A,9.136595726013184,1.4637675570111683
1.0,64,128,30,51180,3,B,8.947297096252441,1.2760968485468602
1.0,64,128,30,51180,3,C,8.80262279510498,63.027037363618014
0.75,256,128,30,51180,3,A,9.364713668823242,1.1090453170867056
0.75,256,128,30,51180,3,B,9.382232666015625,0.8884859483215526
0.75,256,128,30,51180,3,C,9.1453218460083,243.97197971641532
0.75,256,128,30,51180,4,A,9.371346473693848,1.4330193703383023
0.75,256,128,30,51180,4,B,9.38083267211914,0.917612388660243
0.75,256,128,30,51180,4,C,9.13636302947998,246.93851797451558
0.75,256,128,30,51180,2,A,9.360365867614746,1.0940691644460665
0.75,256,128,30,51180,2,B,9.37435531616211,0.8894874805753463
0.75,256,128,30,51180,2,C,9.127938270568848,244.3068346303444
0.75,256,128,30,51180,1,A,9.35838794708252,1.061523221736918
0.75,256,128,30,51180,1,B,9.383082389831543,0.9347712488726589
0.75,256,128,30,51180,1,C,9.130196571350098,250.67727626825487
0.75,256,128,30,51180,0,A,9.360306739807129,1.0464617731262118
0.75,256,128,30,51180,0,B,9.38977336883545,0.8618325159660102
0.75,256,128,30,51180,0,C,9.135641098022461,239.88441193568477
1.0,128,128,30,51180,3,A,9.320011138916016,1.122210904294211
1.0,128,128,30,51180,3,B,9.182930946350098,1.0506752642861796
1.0,128,128,30,51180,3,C,8.930170059204102,126.02384780037747
1.0,128,128,30,51180,0,A,9.312862396240234,1.0590543046721186
1.0,128,128,30,51180,0,B,9.18048095703125,0.8371314704266748
1.0,128,128,30,51180,0,C,8.93407917022705,123.72698012469607
1.0,128,128,30,51180,2,A,9.304583549499512,1.1239317407959533
1.0,128,128,30,51180,2,B,9.164711952209473,0.9427321320223666
1.0,128,128,30,51180,2,C,8.916234970092773,122.01136533508671
1.0,128,128,30,51180,1,A,9.306490898132324,1.0854109177639601
1.0,128,128,30,51180,1,B,9.167577743530273,1.0146848175831513
1.0,128,128,30,51180,1,C,8.922358512878418,122.36259854529465
1.0,128,128,30,51180,4,A,9.307271957397461,1.1811256648097
1.0,128,128,30,51180,4,B,9.1757173538208,0.9212147131863331
1.0,128,128,30,51180,4,C,8.918587684631348,123.16077403168212
1.0,256,128,30,51180,0,A,9.31901741027832,1.0948457682162773
1.0,256,128,30,51180,0,B,9.35738754272461,0.919203226474589
1.0,256,128,30,51180,0,C,9.106621742248535,246.7719670319375
1.0,256,128,30,51180,3,A,9.325688362121582,1.1728105844349968
1.0,256,128,30,51180,3,B,9.347112655639648,0.8731111833346966
1.0,256,128,30,51180,3,C,9.114566802978516,251.2132010574529
1.0,256,128,30,51180,1,A,9.308126449584961,1.0567247244524882
1.0,256,128,30,51180,1,B,9.34677505493164,0.9179866512008215
1.0,256,128,30,51180,1,C,9.098031044006348,246.09084918858548
1.0,256,128,30,51180,2,A,9.308987617492676,1.1124875891947694
1.0,256,128,30,51180,2,B,9.330324172973633,0.8915388947109327
1.0,256,128,30,51180,2,C,9.091899871826172,248.0690261953006
1.0,256,128,30,51180,4,A,9.325896263122559,1.5244993596229142
1.0,256,128,30,51180,4,B,9.337756156921387,0.8634314473906038
1.0,256,128,30,51180,4,C,9.105619430541992,248.4416426335207
