alpha,d,n_classes,items_per_class,n_verbs,n_steps,seed,model,final_loss,alignment_ratio
0.0,16,4,8,32,2000,2,A,6.3629560470581055,0.9416620135307312
0.0,16,4,8,32,2000,2,B,6.3767805099487305,0.3829110264778137
0.0,16,4,8,32,2000,2,C,6.603179454803467,4.862393856048584
0.0,16,4,8,32,2000,0,A,6.413075923919678,1.0
0.0,16,4,8,32,2000,0,B,6.425994873046875,0.37136775255203247
0.0,16,4,8,32,2000,0,C,6.642090797424316,4.956326484680176
0.0,16,4,8,32,2000,4,A,6.395185470581055,0.9982502460479736
0.0,16,4,8,32,2000,4,B,6.4054155349731445,0.35465893149375916
0.0,16,4,8,32,2000,4,C,6.651121139526367,4.939067363739014
0.0,16,4,8,32,2000,3,A,6.370485305786133,0.987234354019165
0.0,16,4,8,32,2000,3,B,6.375185966491699,0.35152745246887207
0.0,16,4,8,32,2000,3,C,6.618589401245117,4.773656845092773
0.0,16,4,8,32,2000,1,A,6.348199844360352,0.9283663630485535
0.0,16,4,8,32,2000,1,B,6.367251873016357,0.3456597626209259
0.0,16,4,8,32,2000,1,C,6.5967230796813965,4.854714393615723
0.0,64,4,8,32,2000,1,A,6.363492012023926,0.9999999403953552
0.0,64,4,8,32,2000,1,B,6.349061012268066,0.9269083738327026
0.0,64,4,8,32,2000,1,C,6.624904632568359,18.41372299194336
0.0,64,4,8,32,2000,3,A,6.3855462074279785,1.0000001192092896
0.0,64,4,8,32,2000,3,B,6.366772651672363,0.9227043390274048
0.0,64,4,8,32,2000,3,C,6.632840633392334,18.662866592407227
0.0,64,4,8,32,2000,0,A,6.427703380584717,0.9903188943862915
0.0,64,4,8,32,2000,0,B,6.405575275421143,0.9020937085151672
0.0,64,4,8,32,2000,0,C,6.6562604904174805,19.275310516357422
0.0,64,4,8,32,2000,2,A,6.380474090576172,1.0
0.0,64,4,8,32,2000,2,B,6.350306987762451,0.9241607785224915
0.0,64,4,8,32,2000,2,C,6.613282203674316,19.363056182861328
0.0,64,4,8,32,2000,4,A,6.418131351470947,0.9999999403953552
0.0,64,4,8,32,2000,4,B,6.391729354858398,0.9272728562355042
0.0,64,4,8,32,2000,4,C,6.672296047210693,19.832305908203125
0.0,128,4,8,32,2000,3,A,6.421791076660156,0.9797048568725586
0.0,128,4,8,32,2000,3,B,6.3955159187316895,0.8810568451881409
0.0,128,4,8,32,2000,3,C,6.669442176818848,38.86574935913086
0.0,128,4,8,32,2000,2,A,6.415847301483154,0.9328687191009521
0.0,128,4,8,32,2000,2,B,6.380973815917969,0.8439748287200928
0.0,128,4,8,32,2000,2,C,6.636383056640625,38.2899284362793
0.0,128,4,8,32,2000,4,A,6.467733383178711,1.010432481765747
0.0,128,4,8,32,2000,4,B,6.423624038696289,0.8252503275871277
0.0,128,4,8,32,2000,4,C,6.664310455322266,40.003780364990234
0.0,128,4,8,32,2000,0,A,6.462318420410156,1.015142560005188
0.0,128,4,8,32,2000,0,B,6.440431594848633,0.8380783796310425
0.0,128,4,8,32,2000,0,C,6.666619300842285,38.65217971801758
0.0,128,4,8,32,2000,1,A,6.4169087409973145,1.0066332817077637
0.0,128,4,8,32,2000,1,B,6.378955364227295,0.8338524699211121
0.0,128,4,8,32,2000,1,C,6.623923301696777,38.49993133544922
0.0,256,4,8,32,2000,2,A,6.496586799621582,1.081238865852356
0.0,256,4,8,32,2000,2,B,6.473572731018066,0.8660613298416138
0.0,256,4,8,32,2000,2,C,6.649653434753418,76.96795654296875
0.0,256,4,8,32,2000,1,A,6.484371185302734,1.1217139959335327
0.0,256,4,8,32,2000,1,B,6.4447503089904785,0.8685765862464905
0.0,256,4,8,32,2000,1,C,6.658840656280518,75.50837707519531
0.0,256,4,8,32,2000,0,A,6.534980773925781,1.0899213552474976
0.0,256,4,8,32,2000,0,B,6.499372959136963,0.8407001495361328
0.0,256,4,8,32,2000,0,C,6.707711696624756,77.44745635986328
0.0,256,4,8,32,2000,3,A,6.491817474365234,1.1584067344665527
0.0,256,4,8,32,2000,3,B,6.448591709136963,0.880828320980072
0.0,256,4,8,32,2000,3,C,6.690669536590576,75.0836410522461
0.0,256,4,8,32,2000,4,A,6.540891647338867,1.1533596515655518
0.0,256,4,8,32,2000,4,B,6.469716548919678,0.9200915694236755
0.0,256,4,8,32,2000,4,C,6.721810340881348,78.88008117675781
0.0,16,4,32,128,8000,1,A,6.491145133972168,0.6193315386772156
0.0,16,4,32,128,8000,1,B,6.52703857421875,0.1307058483362198
0.0,16,4,32,128,8000,1,C,6.790272235870361,5.121540546417236
0.0,16,4,32,128,8000,2,A,6.503514289855957,0.569515585899353
0.0,16,4,32,128,8000,2,B,6.52266788482666,0.14447033405303955
0.0,16,4,32,128,8000,2,C,6.790154933929443,5.135616302490234
0.0,16,4,32,128,8000,3,A,6.474569797515869,0.6171223521232605
0.0,16,4,32,128,8000,3,B,6.505058765411377,0.14066992700099945
0.0,16,4,32,128,8000,3,C,6.800205230712891,5.110781669616699
0.0,16,4,32,128,8000,4,A,6.50037956237793,0.5657874941825867
0.0,16,4,32,128,8000,4,B,6.527322292327881,0.13714896142482758
0.0,16,4,32,128,8000,4,C,6.817866802215576,5.084512233734131
0.0,16,4,32,128,8000,0,A,6.494329929351807,0.6023690700531006
0.0,16,4,32,128,8000,0,B,6.517175674438477,0.14109209179878235
0.0,16,4,32,128,8000,0,C,6.803662300109863,5.164706230163574
0.0,64,4,32,128,8000,4,A,6.492055416107178,0.9999998807907104
0.0,64,4,32,128,8000,4,B,6.4418463706970215,0.4498109221458435
0.0,64,4,32,128,8000,4,C,6.828490257263184,20.188827514648438
0.0,64,4,32,128,8000,3,A,6.449551582336426,1.0
0.0,64,4,32,128,8000,3,B,6.418705463409424,0.46787044405937195
0.0,64,4,32,128,8000,3,C,6.815502166748047,20.438980102539062
0.0,64,4,32,128,8000,0,A,6.48480224609375,1.0
0.0,64,4,32,128,8000,0,B,6.4397125244140625,0.4461471140384674
0.0,64,4,32,128,8000,0,C,6.814214706420898,20.645666122436523
0.0,64,4,32,128,8000,1,A,6.483776569366455,1.000000238418579
0.0,64,4,32,128,8000,1,B,6.438820838928223,0.447670042514801
0.0,64,4,32,128,8000,1,C,6.817397117614746,20.31842041015625
0.0,64,4,32,128,8000,2,A,6.486483573913574,1.0000001192092896
0.0,64,4,32,128,8000,2,B,6.450782775878906,0.44498470425605774
0.0,64,4,32,128,8000,2,C,6.803557395935059,20.437829971313477
0.0,128,4,32,128,8000,1,A,6.547547340393066,0.996313214302063
0.0,128,4,32,128,8000,1,B,6.4705610275268555,0.6130420565605164
0.0,128,4,32,128,8000,1,C,6.834539413452148,40.696571350097656
0.0,128,4,32,128,8000,2,A,6.54078483581543,1.0
0.0,128,4,32,128,8000,2,B,6.4764180183410645,0.6284129619598389
0.0,128,4,32,128,8000,2,C,6.828393459320068,41.158592224121094
0.0,128,4,32,128,8000,0,A,6.561116695404053,0.9941256642341614
0.0,128,4,32,128,8000,0,B,6.482370376586914,0.622303307056427
0.0,128,4,32,128,8000,0,C,6.83552360534668,41.43819046020508
0.0,128,4,32,128,8000,3,A,6.523618221282959,1.000000238418579
0.0,128,4,32,128,8000,3,B,6.459781646728516,0.6132289171218872
0.0,128,4,32,128,8000,3,C,6.833156108856201,41.137996673583984
0.0,128,4,32,128,8000,4,A,6.559202671051025,1.0
0.0,128,4,32,128,8000,4,B,6.475960731506348,0.6117607355117798
0.0,128,4,32,128,8000,4,C,6.839622497558594,40.84560012817383
0.0,256,4,32,128,8000,0,A,6.641503810882568,0.9783964157104492
0.0,256,4,32,128,8000,0,B,6.569786548614502,0.7000628709793091
0.0,256,4,32,128,8000,0,C,6.888339996337891,81.99673461914062
0.0,256,4,32,128,8000,1,A,6.634793281555176,0.9846452474594116
0.0,256,4,32,128,8000,1,B,6.5650835037231445,0.7114004492759705
0.0,256,4,32,128,8000,1,C,6.8570966720581055,81.9209213256836
0.0,256,4,32,128,8000,2,A,6.6429948806762695,1.0105456113815308
0.0,256,4,32,128,8000,2,B,6.573516845703125,0.6922764778137207
0.0,256,4,32,128,8000,2,C,6.8470540046691895,81.99302673339844
0.0,256,4,32,128,8000,4,A,6.653862953186035,1.0265463590621948
0.0,256,4,32,128,8000,4,B,6.564622402191162,0.701869010925293
0.0,256,4,32,128,8000,4,C,6.879834175109863,81.06790161132812
0.0,256,4,32,128,8000,3,A,6.61841344833374,0.9993447661399841
0.0,256,4,32,128,8000,3,B,6.526611328125,0.722878098487854
0.0,256,4,32,128,8000,3,C,6.871331691741943,82.27989196777344
0.0,16,4,128,512,32000,0,A,6.737583160400391,0.5253095626831055
0.0,16,4,128,512,32000,0,B,6.746243000030518,0.060543570667505264
0.0,16,4,128,512,32000,0,C,6.910121917724609,5.252716064453125
0.0,16,4,128,512,32000,1,A,6.726553440093994,0.5278567671775818
0.0,16,4,128,512,32000,1,B,6.732936859130859,0.05169907957315445
0.0,16,4,128,512,32000,1,C,6.905825614929199,5.250601291656494
0.0,16,4,128,512,32000,2,A,6.726624488830566,0.511893630027771
0.0,16,4,128,512,32000,2,B,6.738680362701416,0.05939027667045593
0.0,16,4,128,512,32000,2,C,6.9076972007751465,5.258020877838135
0.0,16,4,128,512,32000,4,A,6.733685493469238,0.5151755809783936
0.0,16,4,128,512,32000,4,B,6.742005825042725,0.05435118079185486
0.0,16,4,128,512,32000,4,C,6.907999038696289,5.251688003540039
0.0,16,4,128,512,32000,3,A,6.737000465393066,0.5013980865478516
0.0,16,4,128,512,32000,3,B,6.744117736816406,0.057111866772174835
0.0,16,4,128,512,32000,3,C,6.914173126220703,5.257458209991455
0.0,64,4,128,512,32000,0,A,6.673455238342285,1.0000001192092896
0.0,64,4,128,512,32000,0,B,6.631351470947266,0.1602254956960678
0.0,64,4,128,512,32000,0,C,6.935525417327881,21.015453338623047
0.0,64,4,128,512,32000,1,A,6.6639580726623535,1.0
0.0,64,4,128,512,32000,1,B,6.616677284240723,0.16478046774864197
0.0,64,4,128,512,32000,1,C,6.928571701049805,20.974037170410156
0.0,64,4,128,512,32000,2,A,6.660578727722168,1.000000238418579
0.0,64,4,128,512,32000,2,B,6.634912490844727,0.16803771257400513
0.0,64,4,128,512,32000,2,C,6.929990291595459,21.027803421020508
0.0,64,4,128,512,32000,3,A,6.671975612640381,0.9999998211860657
0.0,64,4,128,512,32000,3,B,6.636022567749023,0.15882651507854462
0.0,64,4,128,512,32000,3,C,6.94609260559082,20.97563934326172
0.0,64,4,128,512,32000,4,A,6.666475296020508,1.000000238418579
0.0,64,4,128,512,32000,4,B,6.626173973083496,0.17503660917282104
0.0,64,4,128,512,32000,4,C,6.934473514556885,20.98689842224121
0.0,128,4,128,512,32000,0,A,6.7387824058532715,0.9771106839179993
0.0,128,4,128,512,32000,0,B,6.656120300292969,0.2680812180042267
0.0,128,4,128,512,32000,0,C,6.964344024658203,42.06389236450195
0.0,128,4,128,512,32000,2,A,6.7313947677612305,0.9594411849975586
0.0,128,4,128,512,32000,2,B,6.64797830581665,0.29099079966545105
0.0,128,4,128,512,32000,2,C,6.965419292449951,42.11206817626953
0.0,128,4,128,512,32000,1,A,6.728203296661377,0.9665542840957642
0.0,128,4,128,512,32000,1,B,6.6474103927612305,0.26654505729675293
0.0,128,4,128,512,32000,1,C,6.956259727478027,42.02055740356445
0.0,128,4,128,512,32000,3,A,6.734138011932373,0.9718257784843445
0.0,128,4,128,512,32000,3,B,6.660164833068848,0.2796114385128021
0.0,128,4,128,512,32000,3,C,6.959934711456299,41.881439208984375
0.0,128,4,128,512,32000,4,A,6.745604515075684,0.9849079251289368
0.0,128,4,128,512,32000,4,B,6.656894683837891,0.2910230755805969
0.0,128,4,128,512,32000,4,C,6.952227592468262,42.151123046875
0.0,256,4,128,512,32000,0,A,6.84564733505249,0.9130935668945312
0.0,256,4,128,512,32000,0,B,6.765561580657959,0.4051104784011841
0.0,256,4,128,512,32000,0,C,7.005804538726807,84.38705444335938
0.0,256,4,128,512,32000,1,A,6.859368801116943,0.9078595638275146
0.0,256,4,128,512,32000,1,B,6.747634410858154,0.40322360396385193
0.0,256,4,128,512,32000,1,C,7.0054426193237305,84.0987777709961
0.0,256,4,128,512,32000,2,A,6.852157115936279,0.925812304019928
0.0,256,4,128,512,32000,2,B,6.751800060272217,0.40491431951522827
0.0,256,4,128,512,32000,2,C,7.017354965209961,84.35200500488281
0.0,256,4,128,512,32000,3,A,6.858857154846191,0.9081153273582458
0.0,256,4,128,512,32000,3,B,6.769148349761963,0.4045960307121277
0.0,256,4,128,512,32000,3,C,7.003222942352295,84.17001342773438
0.0,256,4,128,512,32000,4,A,6.867098808288574,0.8885005712509155
0.0,256,4,128,512,32000,4,B,6.754040718078613,0.3925379812717438
0.0,256,4,128,512,32000,4,C,6.999711513519287,84.32157135009766
0.0,16,4,512,2048,128000,0,A,6.927126884460449,0.4591370224952698
0.0,16,4,512,2048,128000,0,B,6.8876519203186035,0.04893368482589722
0.0,16,4,512,2048,128000,0,C,6.955536842346191,5.306290149688721
0.0,16,4,512,2048,128000,1,A,6.928006172180176,0.44636744260787964
0.0,16,4,512,2048,128000,1,B,6.8860015869140625,0.0349278524518013
0.0,16,4,512,2048,128000,1,C,6.957265853881836,5.31367826461792
0.0,16,4,512,2048,128000,2,A,6.937051773071289,0.45000290870666504
0.0,16,4,512,2048,128000,2,B,6.888528347015381,0.03139283135533333
0.0,16,4,512,2048,128000,2,C,6.9576735496521,5.314564228057861
0.25,16,4,8,32,2000,0,A,6.6352128982543945,1.0000001192092896
0.25,16,4,8,32,2000,0,B,6.6401777267456055,0.4232526421546936
0.25,16,4,8,32,2000,0,C,6.750287055969238,5.049792766571045
0.0,16,4,512,2048,128000,4,A,6.934442520141602,0.43657225370407104
0.0,16,4,512,2048,128000,4,B,6.889135360717773,0.045878298580646515
0.0,16,4,512,2048,128000,4,C,6.955892562866211,5.3138322830200195
0.25,16,4,8,32,2000,1,A,6.57396125793457,1.0
0.25,16,4,8,32,2000,1,B,6.583078861236572,0.40198275446891785
0.25,16,4,8,32,2000,1,C,6.708836555480957,4.939631462097168
0.0,16,4,512,2048,128000,3,A,6.931856632232666,0.4459783136844635
0.0,16,4,512,2048,128000,3,B,6.889231204986572,0.034189965575933456
0.0,16,4,512,2048,128000,3,C,6.964245796203613,5.312564849853516
0.25,16,4,8,32,2000,2,A,6.491026878356934,0.9858838319778442
0.25,16,4,8,32,2000,2,B,6.500953674316406,0.5158862471580505
0.25,16,4,8,32,2000,2,C,6.618825912475586,4.975666522979736
0.25,16,4,8,32,2000,3,A,6.5548529624938965,1.0
0.25,16,4,8,32,2000,3,B,6.56072998046875,0.39558330178260803
0.25,16,4,8,32,2000,3,C,6.684464454650879,5.073112487792969
0.25,16,4,8,32,2000,4,A,6.590192794799805,0.9999999403953552
0.25,16,4,8,32,2000,4,B,6.598887920379639,0.3635537624359131
0.25,16,4,8,32,2000,4,C,6.720191955566406,5.036502838134766
0.25,64,4,8,32,2000,0,A,6.6497626304626465,0.9903463125228882
0.25,64,4,8,32,2000,0,B,6.63545036315918,0.8997883796691895
0.25,64,4,8,32,2000,0,C,6.775132179260254,19.557125091552734
0.25,64,4,8,32,2000,1,A,6.599191665649414,0.9956614971160889
0.25,64,4,8,32,2000,1,B,6.57783842086792,0.919524073600769
0.25,64,4,8,32,2000,1,C,6.728858947753906,20.048852920532227
0.25,64,4,8,32,2000,2,A,6.509462356567383,0.9966671466827393
0.25,64,4,8,32,2000,2,B,6.488195419311523,0.8687093257904053
0.25,64,4,8,32,2000,2,C,6.629918098449707,19.476789474487305
0.25,64,4,8,32,2000,3,A,6.573258399963379,0.9868366122245789
0.25,64,4,8,32,2000,3,B,6.552265644073486,0.9485708475112915
0.25,64,4,8,32,2000,3,C,6.702504634857178,19.691207885742188
0.25,64,4,8,32,2000,4,A,6.616273403167725,0.9960088133811951
0.25,64,4,8,32,2000,4,B,6.58262825012207,0.9047514200210571
0.25,64,4,8,32,2000,4,C,6.750044822692871,20.235681533813477
0.25,128,4,8,32,2000,0,A,6.6903557777404785,1.0563603639602661
0.25,128,4,8,32,2000,0,B,6.660360336303711,0.9220806360244751
0.25,128,4,8,32,2000,0,C,6.7786641120910645,39.492950439453125
0.25,128,4,8,32,2000,1,A,6.6422119140625,1.1172575950622559
0.25,128,4,8,32,2000,1,B,6.6109113693237305,0.9755146503448486
0.25,128,4,8,32,2000,1,C,6.74623966217041,39.56278991699219
0.25,128,4,8,32,2000,2,A,6.548377990722656,1.066491723060608
0.25,128,4,8,32,2000,2,B,6.51900053024292,0.9726172089576721
0.25,128,4,8,32,2000,2,C,6.657975196838379,39.4832763671875
0.25,128,4,8,32,2000,3,A,6.618504524230957,1.0434423685073853
0.25,128,4,8,32,2000,3,B,6.590695381164551,0.9164146780967712
0.25,128,4,8,32,2000,3,C,6.729924201965332,40.23508071899414
0.25,128,4,8,32,2000,4,A,6.658515930175781,1.0267269611358643
0.25,128,4,8,32,2000,4,B,6.614571571350098,0.8923693895339966
0.25,128,4,8,32,2000,4,C,6.747562885284424,40.42647933959961
0.25,256,4,8,32,2000,0,A,6.760800361633301,1.1815496683120728
0.25,256,4,8,32,2000,0,B,6.711753845214844,1.0217173099517822
0.25,256,4,8,32,2000,0,C,6.823830604553223,80.86030578613281
0.25,256,4,8,32,2000,1,A,6.7103471755981445,1.324751377105713
0.25,256,4,8,32,2000,1,B,6.670000076293945,0.976323664188385
0.25,256,4,8,32,2000,1,C,6.765787124633789,80.47928619384766
0.25,256,4,8,32,2000,2,A,6.630200386047363,1.1248266696929932
0.25,256,4,8,32,2000,2,B,6.61599588394165,0.953115701675415
0.25,256,4,8,32,2000,2,C,6.6660919189453125,80.31173706054688
0.25,256,4,8,32,2000,3,A,6.682048797607422,1.3699032068252563
0.25,256,4,8,32,2000,3,B,6.630782127380371,1.07640540599823
0.25,256,4,8,32,2000,3,C,6.748622417449951,78.9179458618164
0.0,64,4,512,2048,128000,0,A,6.937280178070068,0.7700337171554565
0.0,64,4,512,2048,128000,0,B,6.859765529632568,0.10611608624458313
0.0,64,4,512,2048,128000,0,C,6.97890567779541,21.257783889770508
0.0,64,4,512,2048,128000,1,A,6.946062088012695,0.7699554562568665
0.0,64,4,512,2048,128000,1,B,6.865373134613037,0.08709676563739777
0.0,64,4,512,2048,128000,1,C,6.984149932861328,21.258798599243164
0.0,64,4,512,2048,128000,2,A,6.939097881317139,0.7754318714141846
0.0,64,4,512,2048,128000,2,B,6.866042137145996,0.0883043184876442
0.0,64,4,512,2048,128000,2,C,6.981877326965332,21.2459716796875
0.25,256,4,8,32,2000,4,A,6.744109630584717,1.3022021055221558
0.25,256,4,8,32,2000,4,B,6.662620544433594,0.985157310962677
0.25,256,4,8,32,2000,4,C,6.788914680480957,77.4908447265625
0.0,64,4,512,2048,128000,3,A,6.937875747680664,0.7640710473060608
0.0,64,4,512,2048,128000,3,B,6.866084098815918,0.0933583527803421
0.0,64,4,512,2048,128000,3,C,6.990827560424805,21.262575149536133
0.0,64,4,512,2048,128000,4,A,6.940284729003906,0.766133725643158
0.0,64,4,512,2048,128000,4,B,6.866988182067871,0.09303605556488037
0.0,64,4,512,2048,128000,4,C,6.984371185302734,21.258731842041016
0.25,16,4,32,128,8000,0,A,6.692638874053955,0.7692917585372925
0.25,16,4,32,128,8000,0,B,6.695740699768066,0.219475656747818
0.25,16,4,32,128,8000,0,C,6.814181327819824,5.263280391693115
0.25,16,4,32,128,8000,1,A,6.632661819458008,0.7690505385398865
0.25,16,4,32,128,8000,1,B,6.639667510986328,0.2074798345565796
0.25,16,4,32,128,8000,1,C,6.742998123168945,5.1932549476623535
0.25,16,4,32,128,8000,2,A,6.630745887756348,0.7285463213920593
0.25,16,4,32,128,8000,2,B,6.627048492431641,0.20175276696681976
0.25,16,4,32,128,8000,2,C,6.7421159744262695,5.199551105499268
0.25,16,4,32,128,8000,3,A,6.6645917892456055,0.7897350192070007
0.25,16,4,32,128,8000,3,B,6.670276641845703,0.24447336792945862
0.25,16,4,32,128,8000,3,C,6.793497562408447,5.206827163696289
0.25,16,4,32,128,8000,4,A,6.640585899353027,0.7177211046218872
0.25,16,4,32,128,8000,4,B,6.641465187072754,0.21986123919487
0.25,16,4,32,128,8000,4,C,6.766891956329346,5.225065231323242
0.25,64,4,32,128,8000,0,A,6.710226058959961,0.9999998807907104
0.25,64,4,32,128,8000,0,B,6.671336650848389,0.5239255428314209
0.25,64,4,32,128,8000,0,C,6.825407028198242,20.981670379638672
0.25,64,4,32,128,8000,1,A,6.6444501876831055,0.9999998807907104
0.25,64,4,32,128,8000,1,B,6.606661319732666,0.5575718283653259
0.25,64,4,32,128,8000,1,C,6.764878749847412,20.6196231842041
0.25,64,4,32,128,8000,2,A,6.63995361328125,1.0
0.25,64,4,32,128,8000,2,B,6.599536895751953,0.5296182632446289
0.25,64,4,32,128,8000,2,C,6.751438140869141,20.75254249572754
0.25,64,4,32,128,8000,3,A,6.668458938598633,1.0000001192092896
0.25,64,4,32,128,8000,3,B,6.626248836517334,0.5293187499046326
0.25,64,4,32,128,8000,3,C,6.802803039550781,20.94158172607422
0.25,64,4,32,128,8000,4,A,6.661572456359863,1.0000001192092896
0.25,64,4,32,128,8000,4,B,6.615650177001953,0.5181084871292114
0.25,64,4,32,128,8000,4,C,6.790063858032227,20.954803466796875
0.25,128,4,32,128,8000,0,A,6.780437469482422,1.0002217292785645
0.25,128,4,32,128,8000,0,B,6.704563140869141,0.6553588509559631
0.25,128,4,32,128,8000,0,C,6.850852012634277,42.04852294921875
0.25,128,4,32,128,8000,1,A,6.713649749755859,1.0033329725265503
0.25,128,4,32,128,8000,1,B,6.639902114868164,0.620431661605835
0.25,128,4,32,128,8000,1,C,6.77863073348999,41.636505126953125
0.25,128,4,32,128,8000,2,A,6.703006267547607,0.9997500777244568
0.25,128,4,32,128,8000,2,B,6.62631893157959,0.6315920948982239
0.25,128,4,32,128,8000,2,C,6.778453826904297,41.63945770263672
0.25,128,4,32,128,8000,3,A,6.7360029220581055,0.9999347925186157
0.25,128,4,32,128,8000,3,B,6.668116569519043,0.631565511226654
0.25,128,4,32,128,8000,3,C,6.827657222747803,41.93832015991211
0.25,128,4,32,128,8000,4,A,6.7323899269104,1.0003658533096313
0.25,128,4,32,128,8000,4,B,6.659577369689941,0.6550416946411133
0.25,128,4,32,128,8000,4,C,6.800009727478027,41.69166946411133
0.0,128,4,512,2048,128000,0,A,7.013020038604736,0.8642784357070923
0.0,128,4,512,2048,128000,0,B,6.904867172241211,0.13576184213161469
0.0,128,4,512,2048,128000,0,C,7.021622180938721,42.53569412231445
0.25,256,4,32,128,8000,0,A,6.862939834594727,1.0316170454025269
0.25,256,4,32,128,8000,0,B,6.805209159851074,0.74488765001297
0.25,256,4,32,128,8000,0,C,6.893622398376465,84.11279296875
0.25,256,4,32,128,8000,1,A,6.807865619659424,1.0418957471847534
0.25,256,4,32,128,8000,1,B,6.731935501098633,0.7187138795852661
0.25,256,4,32,128,8000,1,C,6.804173946380615,83.22000122070312
0.0,128,4,512,2048,128000,1,A,7.024167060852051,0.8494343161582947
0.0,128,4,512,2048,128000,1,B,6.911682605743408,0.1386892944574356
0.0,128,4,512,2048,128000,1,C,7.023058891296387,42.52315902709961
0.25,256,4,32,128,8000,2,A,6.802333831787109,1.051243543624878
0.25,256,4,32,128,8000,2,B,6.713655471801758,0.7232998013496399
0.25,256,4,32,128,8000,2,C,6.794703483581543,82.59022521972656
0.25,256,4,32,128,8000,3,A,6.834623336791992,1.0967988967895508
0.25,256,4,32,128,8000,3,B,6.75343132019043,0.7069495916366577
0.25,256,4,32,128,8000,3,C,6.853271484375,83.47305297851562
0.25,256,4,32,128,8000,4,A,6.8134870529174805,1.0393012762069702
0.25,256,4,32,128,8000,4,B,6.738742828369141,0.6971955895423889
0.25,256,4,32,128,8000,4,C,6.838814735412598,83.2115249633789
0.0,128,4,512,2048,128000,2,A,7.0240020751953125,0.8550156354904175
0.0,128,4,512,2048,128000,2,B,6.926784038543701,0.11931489408016205
0.0,128,4,512,2048,128000,2,C,7.013073921203613,42.566993713378906
0.0,128,4,512,2048,128000,3,A,7.018272399902344,0.848961591720581
0.0,128,4,512,2048,128000,3,B,6.919577598571777,0.1409188061952591
0.0,128,4,512,2048,128000,3,C,7.02421760559082,42.565189361572266
0.0,128,4,512,2048,128000,4,A,7.0290069580078125,0.8484561443328857
0.0,128,4,512,2048,128000,4,B,6.913324356079102,0.13661304116249084
0.0,128,4,512,2048,128000,4,C,7.010997772216797,42.518402099609375
0.25,16,4,128,512,32000,0,A,6.7841997146606445,0.6363763213157654
0.25,16,4,128,512,32000,0,B,6.76700496673584,0.1319911628961563
0.25,16,4,128,512,32000,0,C,6.8062214851379395,5.31496524810791
0.25,16,4,128,512,32000,1,A,6.7893171310424805,0.6503166556358337
0.25,16,4,128,512,32000,1,B,6.767941474914551,0.15993566811084747
0.25,16,4,128,512,32000,1,C,6.8109822273254395,5.305943489074707
0.25,16,4,128,512,32000,2,A,6.758475303649902,0.6311049461364746
0.25,16,4,128,512,32000,2,B,6.737665176391602,0.1486898958683014
0.25,16,4,128,512,32000,2,C,6.787824630737305,5.314722537994385
0.25,16,4,128,512,32000,3,A,6.784251689910889,0.6373317241668701
0.25,16,4,128,512,32000,3,B,6.76283597946167,0.20928390324115753
0.25,16,4,128,512,32000,3,C,6.812725067138672,5.311236381530762
0.25,16,4,128,512,32000,4,A,6.757987022399902,0.6581003665924072
0.25,16,4,128,512,32000,4,B,6.737035751342773,0.18146085739135742
0.25,16,4,128,512,32000,4,C,6.779132843017578,5.306849956512451
0.25,64,4,128,512,32000,1,A,6.816967487335205,0.9846140742301941
0.25,64,4,128,512,32000,1,B,6.761982440948486,0.23284225165843964
0.25,64,4,128,512,32000,1,C,6.8338775634765625,21.22222137451172
0.25,64,4,128,512,32000,0,A,6.811437606811523,1.0000001192092896
0.25,64,4,128,512,32000,0,B,6.757483959197998,0.24059325456619263
0.25,64,4,128,512,32000,0,C,6.825860023498535,21.2330265045166
0.25,64,4,128,512,32000,2,A,6.7872819900512695,1.0000001192092896
0.25,64,4,128,512,32000,2,B,6.744114875793457,0.224874809384346
0.25,64,4,128,512,32000,2,C,6.810081481933594,21.226152420043945
0.25,64,4,128,512,32000,3,A,6.80757474899292,1.000000238418579
0.25,64,4,128,512,32000,3,B,6.757563591003418,0.23367483913898468
0.25,64,4,128,512,32000,3,C,6.840848445892334,21.243955612182617
0.25,64,4,128,512,32000,4,A,6.786236763000488,1.0000001192092896
0.25,64,4,128,512,32000,4,B,6.736108303070068,0.21602553129196167
0.25,64,4,128,512,32000,4,C,6.805561542510986,21.230010986328125
0.25,128,4,128,512,32000,0,A,6.877803325653076,0.9684597253799438
0.25,128,4,128,512,32000,0,B,6.81135368347168,0.33199048042297363
0.25,128,4,128,512,32000,0,C,6.863985061645508,42.45698928833008
0.25,128,4,128,512,32000,1,A,6.875219345092773,0.9517991542816162
0.25,128,4,128,512,32000,1,B,6.811993598937988,0.32209011912345886
0.25,128,4,128,512,32000,1,C,6.863570213317871,42.4572639465332
0.0,256,4,512,2048,128000,0,A,7.124497890472412,0.905066728591919
0.0,256,4,512,2048,128000,0,B,7.026677131652832,0.18817387521266937
0.0,256,4,512,2048,128000,0,C,7.071385383605957,85.05081176757812
0.25,128,4,128,512,32000,2,A,6.8605546951293945,0.9780817031860352
0.25,128,4,128,512,32000,2,B,6.7907280921936035,0.32140296697616577
0.25,128,4,128,512,32000,2,C,6.837798595428467,42.37117004394531
0.25,128,4,128,512,32000,3,A,6.879944801330566,0.9608308672904968
0.25,128,4,128,512,32000,3,B,6.815275192260742,0.31274959444999695
0.25,128,4,128,512,32000,3,C,6.8596320152282715,42.44451904296875
0.25,128,4,128,512,32000,4,A,6.867238998413086,0.9681800007820129
0.25,128,4,128,512,32000,4,B,6.780862808227539,0.3314133584499359
0.25,128,4,128,512,32000,4,C,6.8306708335876465,42.4358024597168
0.25,256,4,128,512,32000,0,A,6.969780921936035,1.04046630859375
0.25,256,4,128,512,32000,0,B,6.910131454467773,0.4231564998626709
0.25,256,4,128,512,32000,0,C,6.893800735473633,85.04853057861328
0.0,256,4,512,2048,128000,1,A,7.148852348327637,0.8710899949073792
0.0,256,4,512,2048,128000,1,B,7.030726432800293,0.19288285076618195
0.0,256,4,512,2048,128000,1,C,7.064002990722656,85.19459533691406
0.25,256,4,128,512,32000,1,A,6.985077857971191,1.0100202560424805
0.25,256,4,128,512,32000,1,B,6.9169487953186035,0.40908336639404297
0.25,256,4,128,512,32000,1,C,6.911981582641602,84.68274688720703
0.0,256,4,512,2048,128000,2,A,7.155791759490967,0.8618420958518982
0.0,256,4,512,2048,128000,2,B,7.044168949127197,0.19680464267730713
0.0,256,4,512,2048,128000,2,C,7.063297271728516,85.12467956542969
0.25,256,4,128,512,32000,2,A,6.95768928527832,1.0670034885406494
0.25,256,4,128,512,32000,2,B,6.891087055206299,0.4060807228088379
0.25,256,4,128,512,32000,2,C,6.88517951965332,85.01802062988281
0.25,256,4,128,512,32000,4,A,6.954629898071289,1.0186482667922974
0.25,256,4,128,512,32000,4,B,6.884614944458008,0.40530818700790405
0.25,256,4,128,512,32000,4,C,6.876676559448242,85.00178527832031
0.25,256,4,128,512,32000,3,A,6.979200839996338,1.0387614965438843
0.25,256,4,128,512,32000,3,B,6.905638217926025,0.4145193099975586
0.25,256,4,128,512,32000,3,C,6.901945114135742,84.98040008544922
0.0,256,4,512,2048,128000,3,A,7.13029670715332,0.884613037109375
0.0,256,4,512,2048,128000,3,B,7.03045654296875,0.20319856703281403
0.0,256,4,512,2048,128000,3,C,7.067742347717285,85.10834503173828
0.0,256,4,512,2048,128000,4,A,7.147305965423584,0.8805031180381775
0.0,256,4,512,2048,128000,4,B,7.0372819900512695,0.18134081363677979
0.0,256,4,512,2048,128000,4,C,7.05966329574585,85.17428588867188
0.25,16,4,512,2048,128000,0,A,6.876680850982666,0.6507436037063599
0.25,16,4,512,2048,128000,0,B,6.816143989562988,0.21884717047214508
0.25,16,4,512,2048,128000,0,C,6.815895080566406,5.328437328338623
0.25,16,4,512,2048,128000,1,A,6.884427547454834,0.6126535534858704
0.25,16,4,512,2048,128000,1,B,6.823358058929443,0.21677006781101227
0.25,16,4,512,2048,128000,1,C,6.822661399841309,5.327362060546875
0.25,16,4,512,2048,128000,2,A,6.877102851867676,0.6648319959640503
0.25,16,4,512,2048,128000,2,B,6.819952964782715,0.16158081591129303
0.25,16,4,512,2048,128000,2,C,6.823670387268066,5.328476905822754
0.5,16,4,8,32,2000,0,A,6.724497318267822,1.0
0.5,16,4,8,32,2000,0,B,6.715993404388428,0.5236779451370239
0.5,16,4,8,32,2000,0,C,6.757254600524902,5.120160102844238
0.5,16,4,8,32,2000,1,A,6.6573076248168945,0.9999998807907104
0.5,16,4,8,32,2000,1,B,6.657810688018799,0.6466140151023865
0.5,16,4,8,32,2000,1,C,6.706123352050781,5.081536769866943
0.25,16,4,512,2048,128000,3,A,6.872285842895508,0.6400529146194458
0.25,16,4,512,2048,128000,3,B,6.818187713623047,0.21714481711387634
0.25,16,4,512,2048,128000,3,C,6.820763111114502,5.32870626449585
0.5,16,4,8,32,2000,2,A,6.53176212310791,1.0
0.5,16,4,8,32,2000,2,B,6.532604694366455,0.6849324703216553
0.5,16,4,8,32,2000,2,C,6.572161674499512,5.196284770965576
0.5,16,4,8,32,2000,3,A,6.621323585510254,1.0000001192092896
0.5,16,4,8,32,2000,3,B,6.618930816650391,0.5182839632034302
0.5,16,4,8,32,2000,3,C,6.667332172393799,5.04625129699707
0.5,16,4,8,32,2000,4,A,6.675981521606445,0.9650046825408936
0.5,16,4,8,32,2000,4,B,6.675455093383789,0.40959683060646057
0.5,16,4,8,32,2000,4,C,6.711277961730957,5.114594459533691
0.5,64,4,8,32,2000,0,A,6.743056774139404,1.0787560939788818
0.5,64,4,8,32,2000,0,B,6.720163345336914,0.9175341129302979
0.5,64,4,8,32,2000,0,C,6.785778045654297,20.395856857299805
0.5,64,4,8,32,2000,1,A,6.684478759765625,1.1308989524841309
0.5,64,4,8,32,2000,1,B,6.661108016967773,0.9802915453910828
0.5,64,4,8,32,2000,1,C,6.719217777252197,20.461328506469727
0.5,64,4,8,32,2000,2,A,6.550323486328125,1.055721640586853
0.5,64,4,8,32,2000,2,B,6.536533832550049,0.8576841950416565
0.5,64,4,8,32,2000,2,C,6.597322463989258,20.592042922973633
0.5,64,4,8,32,2000,3,A,6.649374961853027,1.0119396448135376
0.5,64,4,8,32,2000,3,B,6.621288299560547,1.0244498252868652
0.5,64,4,8,32,2000,3,C,6.67911958694458,20.344343185424805
0.25,16,4,512,2048,128000,4,A,6.875895023345947,0.6361829042434692
0.25,16,4,512,2048,128000,4,B,6.814326286315918,0.21266479790210724
0.25,16,4,512,2048,128000,4,C,6.820003032684326,5.328303337097168
0.5,64,4,8,32,2000,4,A,6.710089683532715,1.039452075958252
0.5,64,4,8,32,2000,4,B,6.673953533172607,0.9071623086929321
0.5,64,4,8,32,2000,4,C,6.735968112945557,20.479476928710938
0.5,128,4,8,32,2000,0,A,6.775237560272217,1.1111743450164795
0.5,128,4,8,32,2000,0,B,6.747882843017578,1.0235170125961304
0.5,128,4,8,32,2000,0,C,6.78760290145874,40.70658874511719
0.5,128,4,8,32,2000,1,A,6.726902008056641,1.3142757415771484
0.5,128,4,8,32,2000,1,B,6.699859619140625,1.1394184827804565
0.5,128,4,8,32,2000,1,C,6.748298645019531,40.69862365722656
0.5,128,4,8,32,2000,2,A,6.589391708374023,1.228906512260437
0.5,128,4,8,32,2000,2,B,6.565300941467285,1.2010003328323364
0.5,128,4,8,32,2000,2,C,6.603113174438477,41.353755950927734
0.5,128,4,8,32,2000,3,A,6.691862106323242,1.15050208568573
0.5,128,4,8,32,2000,3,B,6.664482116699219,1.045459270477295
0.5,128,4,8,32,2000,3,C,6.709835052490234,41.21696090698242
0.5,128,4,8,32,2000,4,A,6.744424819946289,1.1007945537567139
0.5,128,4,8,32,2000,4,B,6.70123815536499,0.9734779000282288
0.5,128,4,8,32,2000,4,C,6.73710823059082,40.90824890136719
0.5,256,4,8,32,2000,0,A,6.850275039672852,1.2959617376327515
0.5,256,4,8,32,2000,0,B,6.801537036895752,1.1385443210601807
0.5,256,4,8,32,2000,0,C,6.834531307220459,82.10428619384766
0.5,256,4,8,32,2000,1,A,6.783631801605225,1.5678926706314087
0.5,256,4,8,32,2000,1,B,6.74857234954834,1.2746143341064453
0.5,256,4,8,32,2000,1,C,6.755833148956299,81.85970306396484
0.5,256,4,8,32,2000,2,A,6.662156105041504,1.264748215675354
0.5,256,4,8,32,2000,2,B,6.628629207611084,1.0979297161102295
0.5,256,4,8,32,2000,2,C,6.616748809814453,82.14351654052734
0.5,256,4,8,32,2000,3,A,6.751891136169434,1.4507678747177124
0.5,256,4,8,32,2000,3,B,6.698452949523926,1.1321384906768799
0.5,256,4,8,32,2000,3,C,6.707851886749268,80.80736541748047
0.5,256,4,8,32,2000,4,A,6.831003189086914,1.398870825767517
0.5,256,4,8,32,2000,4,B,6.7545576095581055,1.0297209024429321
0.5,256,4,8,32,2000,4,C,6.773634910583496,81.53473663330078
0.5,16,4,32,128,8000,0,A,6.745494365692139,0.9826242327690125
0.5,16,4,32,128,8000,0,B,6.732385158538818,0.3768298029899597
0.5,16,4,32,128,8000,0,C,6.763442516326904,5.278896808624268
0.5,16,4,32,128,8000,1,A,6.652885437011719,0.9795168042182922
0.5,16,4,32,128,8000,1,B,6.636109828948975,0.3854522705078125
0.5,16,4,32,128,8000,1,C,6.663487911224365,5.221535682678223
0.5,16,4,32,128,8000,2,A,6.650681018829346,1.0
0.5,16,4,32,128,8000,2,B,6.63133430480957,0.2807767689228058
0.5,16,4,32,128,8000,2,C,6.65730094909668,5.256479263305664
0.25,64,4,512,2048,128000,0,A,6.980324745178223,0.8656030297279358
0.25,64,4,512,2048,128000,0,B,6.879715919494629,0.2155207097530365
0.25,64,4,512,2048,128000,0,C,6.8486328125,21.310565948486328
0.25,64,4,512,2048,128000,1,A,6.989885330200195,0.8622555732727051
0.25,64,4,512,2048,128000,1,B,6.8948259353637695,0.17523153126239777
0.25,64,4,512,2048,128000,1,C,6.859972953796387,21.3082218170166
0.5,16,4,32,128,8000,3,A,6.710025310516357,0.9925908446311951
0.5,16,4,32,128,8000,3,B,6.692992687225342,0.40292271971702576
0.5,16,4,32,128,8000,3,C,6.725250720977783,5.232314586639404
0.5,16,4,32,128,8000,4,A,6.6696062088012695,0.9509177207946777
0.5,16,4,32,128,8000,4,B,6.6487627029418945,0.3524007499217987
0.5,16,4,32,128,8000,4,C,6.686202049255371,5.221070766448975
0.5,64,4,32,128,8000,0,A,6.796968460083008,1.0
0.5,64,4,32,128,8000,0,B,6.753887176513672,0.6117957830429077
0.5,64,4,32,128,8000,0,C,6.77172327041626,21.0389347076416
0.25,64,4,512,2048,128000,2,A,6.98325252532959,0.8668314814567566
0.25,64,4,512,2048,128000,2,B,6.885469913482666,0.21531666815280914
0.25,64,4,512,2048,128000,2,C,6.845354080200195,21.313465118408203
0.5,64,4,32,128,8000,1,A,6.694857120513916,0.9999999403953552
0.5,64,4,32,128,8000,1,B,6.655920028686523,0.6863744258880615
0.5,64,4,32,128,8000,1,C,6.679194927215576,20.993196487426758
0.25,64,4,512,2048,128000,3,A,6.974578380584717,0.873730480670929
0.25,64,4,512,2048,128000,3,B,6.883321285247803,0.1948656141757965
0.25,64,4,512,2048,128000,3,C,6.841155052185059,21.313518524169922
0.5,64,4,32,128,8000,2,A,6.693206310272217,1.0
0.5,64,4,32,128,8000,2,B,6.646788597106934,0.6506319642066956
0.5,64,4,32,128,8000,2,C,6.665480613708496,21.059282302856445
0.5,64,4,32,128,8000,3,A,6.75669002532959,1.0
0.5,64,4,32,128,8000,3,B,6.705283164978027,0.693559467792511
0.5,64,4,32,128,8000,3,C,6.739076614379883,20.972557067871094
0.5,64,4,32,128,8000,4,A,6.7188215255737305,0.9999998807907104
0.5,64,4,32,128,8000,4,B,6.671672821044922,0.7534939050674438
0.5,64,4,32,128,8000,4,C,6.707737922668457,20.894710540771484
0.5,128,4,32,128,8000,0,A,6.862748146057129,1.0286571979522705
0.5,128,4,32,128,8000,0,B,6.798405647277832,0.7229020595550537
0.5,128,4,32,128,8000,0,C,6.791470050811768,42.143943786621094
0.5,128,4,32,128,8000,1,A,6.764501571655273,1.033996820449829
0.5,128,4,32,128,8000,1,B,6.697516441345215,0.6738101840019226
0.5,128,4,32,128,8000,1,C,6.689567565917969,41.92736053466797
0.5,128,4,32,128,8000,2,A,6.755969047546387,1.0222208499908447
0.5,128,4,32,128,8000,2,B,6.678677558898926,0.6286386847496033
0.5,128,4,32,128,8000,2,C,6.689917087554932,41.83070755004883
0.5,128,4,32,128,8000,3,A,6.809952735900879,1.010242223739624
0.5,128,4,32,128,8000,3,B,6.750018119812012,0.657120406627655
0.5,128,4,32,128,8000,3,C,6.752084732055664,41.9516487121582
0.5,128,4,32,128,8000,4,A,6.780727386474609,1.0195432901382446
0.5,128,4,32,128,8000,4,B,6.718125820159912,0.6968719959259033
0.5,128,4,32,128,8000,4,C,6.716906547546387,41.55232620239258
0.25,64,4,512,2048,128000,4,A,6.97905158996582,0.867673397064209
0.25,64,4,512,2048,128000,4,B,6.880969047546387,0.23944726586341858
0.25,64,4,512,2048,128000,4,C,6.840807914733887,21.31237030029297
0.5,256,4,32,128,8000,0,A,6.945321559906006,1.0840516090393066
0.5,256,4,32,128,8000,0,B,6.891499996185303,0.7516276240348816
0.5,256,4,32,128,8000,0,C,6.827992916107178,84.21237182617188
0.5,256,4,32,128,8000,1,A,6.840459823608398,1.0875611305236816
0.5,256,4,32,128,8000,1,B,6.781395435333252,0.7367862462997437
0.5,256,4,32,128,8000,1,C,6.724804401397705,83.3495864868164
0.5,256,4,32,128,8000,2,A,6.838626861572266,1.0973771810531616
0.5,256,4,32,128,8000,2,B,6.76405143737793,0.7365607619285583
0.5,256,4,32,128,8000,2,C,6.716521739959717,84.21171569824219
0.5,256,4,32,128,8000,3,A,6.898186683654785,1.1518239974975586
0.5,256,4,32,128,8000,3,B,6.8326945304870605,0.7435389757156372
0.5,256,4,32,128,8000,3,C,6.79505729675293,83.75901794433594
0.5,256,4,32,128,8000,4,A,6.873692512512207,1.1129112243652344
0.5,256,4,32,128,8000,4,B,6.799948692321777,0.7303826212882996
0.5,256,4,32,128,8000,4,C,6.7470927238464355,83.36966705322266
0.25,128,4,512,2048,128000,1,A,7.086617469787598,0.9168932437896729
0.25,128,4,512,2048,128000,1,B,6.973186016082764,0.2325691282749176
0.25,128,4,512,2048,128000,1,C,6.890213966369629,42.620994567871094
0.25,128,4,512,2048,128000,0,A,7.074358940124512,0.9099172353744507
0.25,128,4,512,2048,128000,0,B,6.96773624420166,0.23362623155117035
0.25,128,4,512,2048,128000,0,C,6.873019218444824,42.617027282714844
0.25,128,4,512,2048,128000,2,A,7.065720081329346,0.9340029358863831
0.25,128,4,512,2048,128000,2,B,6.974408149719238,0.1986192762851715
0.25,128,4,512,2048,128000,2,C,6.869585037231445,42.6264762878418
0.25,128,4,512,2048,128000,3,A,7.069736957550049,0.9149107933044434
0.25,128,4,512,2048,128000,3,B,6.967103481292725,0.2527603507041931
0.25,128,4,512,2048,128000,3,C,6.882144927978516,42.62089538574219
0.25,128,4,512,2048,128000,4,A,7.072173595428467,0.9103367328643799
0.25,128,4,512,2048,128000,4,B,6.957953929901123,0.28317564725875854
0.25,128,4,512,2048,128000,4,C,6.87437629699707,42.61933517456055
0.5,16,4,128,512,32000,0,A,6.729740142822266,0.8377203941345215
0.5,16,4,128,512,32000,0,B,6.70306396484375,0.35258644819259644
0.5,16,4,128,512,32000,0,C,6.69642448425293,5.320383071899414
0.5,16,4,128,512,32000,1,A,6.7452263832092285,0.8985269665718079
0.5,16,4,128,512,32000,1,B,6.709489345550537,0.37744882702827454
0.5,16,4,128,512,32000,1,C,6.707241535186768,5.314286708831787
0.5,16,4,128,512,32000,2,A,6.697330474853516,0.8661777377128601
0.5,16,4,128,512,32000,2,B,6.664163589477539,0.2994566261768341
0.5,16,4,128,512,32000,2,C,6.669760704040527,5.317128658294678
0.5,16,4,128,512,32000,3,A,6.736026763916016,0.9204196333885193
0.5,16,4,128,512,32000,3,B,6.695589542388916,0.31492120027542114
0.5,16,4,128,512,32000,3,C,6.705776214599609,5.315060615539551
0.5,16,4,128,512,32000,4,A,6.694618225097656,0.9268218874931335
0.5,16,4,128,512,32000,4,B,6.65926456451416,0.33914095163345337
0.5,16,4,128,512,32000,4,C,6.657937526702881,5.312828540802002
0.5,64,4,128,512,32000,0,A,6.81545877456665,0.9908007383346558
0.5,64,4,128,512,32000,0,B,6.7478179931640625,0.540924608707428
0.5,64,4,128,512,32000,0,C,6.722141265869141,21.2655086517334
0.5,64,4,128,512,32000,1,A,6.827508926391602,0.993503987789154
0.5,64,4,128,512,32000,1,B,6.759266376495361,0.3999120891094208
0.5,64,4,128,512,32000,1,C,6.736100196838379,21.251306533813477
0.5,64,4,128,512,32000,2,A,6.78025484085083,0.9801324009895325
0.5,64,4,128,512,32000,2,B,6.725580215454102,0.3957044780254364
0.5,64,4,128,512,32000,2,C,6.686017990112305,21.245880126953125
0.5,64,4,128,512,32000,3,A,6.811527252197266,0.9952660202980042
0.5,64,4,128,512,32000,3,B,6.750263214111328,0.5219900608062744
0.5,64,4,128,512,32000,3,C,6.730497360229492,21.262845993041992
0.5,64,4,128,512,32000,4,A,6.77643346786499,0.9880915880203247
0.5,64,4,128,512,32000,4,B,6.707340240478516,0.39702680706977844
0.5,64,4,128,512,32000,4,C,6.6902689933776855,21.26852035522461
0.5,128,4,128,512,32000,0,A,6.894099235534668,0.9887431859970093
0.5,128,4,128,512,32000,0,B,6.821794033050537,0.5102266073226929
0.5,128,4,128,512,32000,0,C,6.742048263549805,42.54008102416992
0.5,128,4,128,512,32000,1,A,6.905095100402832,0.9834445118904114
0.5,128,4,128,512,32000,1,B,6.834555149078369,0.46234130859375
0.5,128,4,128,512,32000,1,C,6.757657527923584,42.479522705078125
0.25,256,4,512,2048,128000,0,A,7.135445594787598,1.1061673164367676
0.25,256,4,512,2048,128000,0,B,7.09779691696167,0.23524679243564606
0.25,256,4,512,2048,128000,0,C,6.921344757080078,85.24420928955078
0.5,128,4,128,512,32000,2,A,6.865553855895996,1.0049734115600586
0.5,128,4,128,512,32000,2,B,6.788585662841797,0.4809560179710388
0.5,128,4,128,512,32000,2,C,6.7149658203125,42.499324798583984
0.5,128,4,128,512,32000,3,A,6.894091606140137,0.9830629825592041
0.5,128,4,128,512,32000,3,B,6.814992904663086,0.3928186595439911
0.5,128,4,128,512,32000,3,C,6.746145725250244,42.479862213134766
0.5,128,4,128,512,32000,4,A,6.864774703979492,1.001725673675537
0.5,128,4,128,512,32000,4,B,6.779375076293945,0.47659993171691895
0.5,128,4,128,512,32000,4,C,6.705447196960449,42.47930145263672
0.5,256,4,128,512,32000,0,A,6.9757585525512695,1.1956647634506226
0.5,256,4,128,512,32000,0,B,6.922238826751709,0.505496084690094
0.5,256,4,128,512,32000,0,C,6.776308536529541,85.04077911376953
0.5,256,4,128,512,32000,1,A,6.9912543296813965,1.1272358894348145
0.5,256,4,128,512,32000,1,B,6.938953399658203,0.4730181396007538
0.5,256,4,128,512,32000,1,C,6.817110061645508,84.9582748413086
0.5,256,4,128,512,32000,2,A,6.951937675476074,1.1677334308624268
0.5,256,4,128,512,32000,2,B,6.900568008422852,0.48713746666908264
0.5,256,4,128,512,32000,2,C,6.765528202056885,85.0010757446289
0.5,256,4,128,512,32000,3,A,6.980791091918945,1.1526288986206055
0.5,256,4,128,512,32000,3,B,6.9305267333984375,0.4870818257331848
0.5,256,4,128,512,32000,3,C,6.795897483825684,84.9892807006836
0.5,256,4,128,512,32000,4,A,6.942015171051025,1.1442700624465942
0.5,256,4,128,512,32000,4,B,6.8805341720581055,0.5453481078147888
0.5,256,4,128,512,32000,4,C,6.749086380004883,84.98993682861328
0.25,256,4,512,2048,128000,1,A,7.1727752685546875,1.0846134424209595
0.25,256,4,512,2048,128000,1,B,7.102724552154541,0.228657066822052
0.25,256,4,512,2048,128000,1,C,6.93265438079834,85.2506103515625
0.25,256,4,512,2048,128000,2,A,7.155481815338135,1.0815656185150146
0.25,256,4,512,2048,128000,2,B,7.106793403625488,0.24896417558193207
0.25,256,4,512,2048,128000,2,C,6.927119255065918,85.24781799316406
0.25,256,4,512,2048,128000,3,A,7.146424293518066,1.0740265846252441
0.25,256,4,512,2048,128000,3,B,7.095282077789307,0.2678292393684387
0.25,256,4,512,2048,128000,3,C,6.937833309173584,85.2540283203125
0.25,256,4,512,2048,128000,4,A,7.148033618927002,1.1018880605697632
0.25,256,4,512,2048,128000,4,B,7.09134578704834,0.23533105850219727
0.25,256,4,512,2048,128000,4,C,6.915511131286621,85.25198364257812
0.5,16,4,512,2048,128000,0,A,6.7720136642456055,0.8629863262176514
0.5,16,4,512,2048,128000,0,B,6.712573051452637,0.349168986082077
0.5,16,4,512,2048,128000,0,C,6.694308280944824,5.328334808349609
0.5,16,4,512,2048,128000,2,A,6.770215034484863,0.845059335231781
0.5,16,4,512,2048,128000,2,B,6.712667465209961,0.3445280194282532
0.5,16,4,512,2048,128000,2,C,6.704725742340088,5.32830286026001
0.5,16,4,512,2048,128000,1,A,6.7851152420043945,0.8298566937446594
0.5,16,4,512,2048,128000,1,B,6.721226215362549,0.43333199620246887
0.5,16,4,512,2048,128000,1,C,6.708703517913818,5.328070163726807
0.75,16,4,8,32,2000,0,A,6.722231388092041,1.4165300130844116
0.75,16,4,8,32,2000,0,B,6.7097063064575195,0.8266847729682922
0.75,16,4,8,32,2000,0,C,6.723321437835693,5.140545845031738
0.75,16,4,8,32,2000,1,A,6.646030902862549,1.5887765884399414
0.75,16,4,8,32,2000,1,B,6.636877059936523,0.9997541904449463
0.75,16,4,8,32,2000,1,C,6.661927223205566,5.117039680480957
0.5,16,4,512,2048,128000,3,A,6.766368865966797,0.8589369654655457
0.5,16,4,512,2048,128000,3,B,6.707958698272705,0.42061272263526917
0.5,16,4,512,2048,128000,3,C,6.6886773109436035,5.329066276550293
0.5,16,4,512,2048,128000,4,A,6.767401695251465,0.8502012491226196
0.5,16,4,512,2048,128000,4,B,6.705923080444336,0.3881241977214813
0.5,16,4,512,2048,128000,4,C,6.690433025360107,5.328559875488281
0.75,16,4,8,32,2000,2,A,6.490755081176758,1.2824152708053589
0.75,16,4,8,32,2000,2,B,6.484061241149902,1.1047699451446533
0.75,16,4,8,32,2000,2,C,6.496041297912598,5.209083080291748
0.75,16,4,8,32,2000,3,A,6.603984832763672,1.175079107284546
0.75,16,4,8,32,2000,3,B,6.590490818023682,0.7085831165313721
0.75,16,4,8,32,2000,3,C,6.613603115081787,5.0612030029296875
0.75,16,4,8,32,2000,4,A,6.67257022857666,1.19533109664917
0.75,16,4,8,32,2000,4,B,6.667712211608887,0.5615913271903992
0.75,16,4,8,32,2000,4,C,6.672041893005371,5.083034515380859
0.75,64,4,8,32,2000,0,A,6.753050804138184,1.412952184677124
0.75,64,4,8,32,2000,0,B,6.73038387298584,1.1532162427902222
0.75,64,4,8,32,2000,0,C,6.743661403656006,20.504470825195312
0.75,64,4,8,32,2000,1,A,6.684604644775391,1.6487212181091309
0.75,64,4,8,32,2000,1,B,6.657636642456055,1.3970082998275757
0.75,64,4,8,32,2000,1,C,6.667542457580566,20.497087478637695
0.75,64,4,8,32,2000,2,A,6.51745080947876,1.4124332666397095
0.75,64,4,8,32,2000,2,B,6.505417823791504,1.0114495754241943
0.75,64,4,8,32,2000,2,C,6.515885353088379,20.7666015625
0.75,64,4,8,32,2000,3,A,6.635313987731934,1.2265329360961914
0.75,64,4,8,32,2000,3,B,6.610589981079102,1.2514160871505737
0.75,64,4,8,32,2000,3,C,6.623786449432373,20.130064010620117
0.75,64,4,8,32,2000,4,A,6.719367027282715,1.2994366884231567
0.75,64,4,8,32,2000,4,B,6.68162727355957,1.0529757738113403
0.75,64,4,8,32,2000,4,C,6.699105262756348,20.3933048248291
0.75,128,4,8,32,2000,0,A,6.780071258544922,1.201247215270996
0.75,128,4,8,32,2000,0,B,6.757704734802246,1.2030086517333984
0.75,128,4,8,32,2000,0,C,6.748989582061768,41.0166015625
0.75,128,4,8,32,2000,1,A,6.7256364822387695,1.4269046783447266
0.75,128,4,8,32,2000,1,B,6.706215858459473,1.5857113599777222
0.75,128,4,8,32,2000,1,C,6.699111461639404,41.030181884765625
0.75,128,4,8,32,2000,2,A,6.553118705749512,1.4356938600540161
0.75,128,4,8,32,2000,2,B,6.5345964431762695,1.5706720352172852
0.75,128,4,8,32,2000,2,C,6.519465446472168,41.38947296142578
0.75,128,4,8,32,2000,3,A,6.6761932373046875,1.3226237297058105
0.75,128,4,8,32,2000,3,B,6.649154186248779,1.3813966512680054
0.75,128,4,8,32,2000,3,C,6.647734642028809,40.7917366027832
0.75,128,4,8,32,2000,4,A,6.7499542236328125,1.2636072635650635
0.75,128,4,8,32,2000,4,B,6.713100433349609,1.1719807386398315
0.75,128,4,8,32,2000,4,C,6.694149017333984,40.806434631347656
0.75,256,4,8,32,2000,0,A,6.843900203704834,1.3261299133300781
0.75,256,4,8,32,2000,0,B,6.804898262023926,1.2087448835372925
0.75,256,4,8,32,2000,0,C,6.798303127288818,82.23807525634766
0.75,256,4,8,32,2000,1,A,6.779469013214111,1.8241037130355835
0.75,256,4,8,32,2000,1,B,6.7633891105651855,1.445215106010437
0.75,256,4,8,32,2000,1,C,6.705407619476318,82.45436096191406
0.75,256,4,8,32,2000,2,A,6.614850997924805,1.3471648693084717
0.75,256,4,8,32,2000,2,B,6.591160774230957,1.4042646884918213
0.75,256,4,8,32,2000,2,C,6.530770778656006,82.55559539794922
0.75,256,4,8,32,2000,3,A,6.7298078536987305,1.5506563186645508
0.75,256,4,8,32,2000,3,B,6.690718650817871,1.2204465866088867
0.75,256,4,8,32,2000,3,C,6.647662162780762,81.1544418334961
0.75,256,4,8,32,2000,4,A,6.832388401031494,1.331848382949829
0.75,256,4,8,32,2000,4,B,6.759586811065674,1.2029621601104736
0.75,256,4,8,32,2000,4,C,6.72957706451416,81.27978515625
0.5,64,4,512,2048,128000,0,A,6.921176433563232,0.9438404440879822
0.5,64,4,512,2048,128000,0,B,6.8108110427856445,0.323353111743927
0.5,64,4,512,2048,128000,0,C,6.722766876220703,21.31147003173828
0.5,64,4,512,2048,128000,1,A,6.931540489196777,0.9319443106651306
0.5,64,4,512,2048,128000,1,B,6.81453800201416,0.3879055678844452
0.5,64,4,512,2048,128000,1,C,6.741441249847412,21.30982780456543
0.75,16,4,32,128,8000,0,A,6.715746879577637,1.1746530532836914
0.75,16,4,32,128,8000,0,B,6.69352388381958,0.6354168057441711
0.75,16,4,32,128,8000,0,C,6.700523376464844,5.27339506149292
0.75,16,4,32,128,8000,1,A,6.602336406707764,1.2765814065933228
0.75,16,4,32,128,8000,1,B,6.574585914611816,0.6741917133331299
0.75,16,4,32,128,8000,1,C,6.592015266418457,5.237170219421387
0.75,16,4,32,128,8000,2,A,6.596484661102295,1.1602534055709839
0.75,16,4,32,128,8000,2,B,6.570687294006348,0.4674060344696045
0.75,16,4,32,128,8000,2,C,6.569766044616699,5.2634663581848145
0.5,64,4,512,2048,128000,2,A,6.912702560424805,0.9430980682373047
0.5,64,4,512,2048,128000,2,B,6.799868583679199,0.37513303756713867
0.5,64,4,512,2048,128000,2,C,6.721078872680664,21.311973571777344
0.5,64,4,512,2048,128000,3,A,6.913785934448242,0.9443932175636292
0.5,64,4,512,2048,128000,3,B,6.799129486083984,0.4258514642715454
0.5,64,4,512,2048,128000,3,C,6.7199177742004395,21.313232421875
0.75,16,4,32,128,8000,3,A,6.668406009674072,1.245219349861145
0.75,16,4,32,128,8000,3,B,6.6412353515625,0.6575254201889038
0.75,16,4,32,128,8000,3,C,6.65045690536499,5.233575344085693
0.75,16,4,32,128,8000,4,A,6.6223907470703125,1.345238447189331
0.75,16,4,32,128,8000,4,B,6.595522403717041,0.646233320236206
0.75,16,4,32,128,8000,4,C,6.608491897583008,5.231254577636719
0.75,64,4,32,128,8000,0,A,6.785898208618164,1.0269581079483032
0.75,64,4,32,128,8000,0,B,6.741768836975098,0.7400354146957397
0.75,64,4,32,128,8000,0,C,6.714225769042969,21.07612419128418
0.75,64,4,32,128,8000,1,A,6.6627302169799805,1.1027365922927856
0.75,64,4,32,128,8000,1,B,6.617089748382568,0.8543538451194763
0.75,64,4,32,128,8000,1,C,6.593960285186768,20.996986389160156
0.75,64,4,32,128,8000,2,A,6.654629230499268,1.0461293458938599
0.75,64,4,32,128,8000,2,B,6.603918075561523,0.9427445530891418
0.75,64,4,32,128,8000,2,C,6.580289363861084,21.08059310913086
0.75,64,4,32,128,8000,3,A,6.736846923828125,1.0640240907669067
0.75,64,4,32,128,8000,3,B,6.681064128875732,1.020814299583435
0.75,64,4,32,128,8000,3,C,6.670186996459961,20.949996948242188
0.75,64,4,32,128,8000,4,A,6.696000099182129,1.0691009759902954
0.75,64,4,32,128,8000,4,B,6.637458801269531,0.9666941165924072
0.75,64,4,32,128,8000,4,C,6.623895645141602,20.93505096435547
0.5,64,4,512,2048,128000,4,A,6.915688514709473,0.9474366903305054
0.5,64,4,512,2048,128000,4,B,6.800976753234863,0.49284249544143677
0.5,64,4,512,2048,128000,4,C,6.72148323059082,21.31324577331543
0.75,128,4,32,128,8000,0,A,6.85754919052124,1.0819251537322998
0.75,128,4,32,128,8000,0,B,6.785606384277344,0.9319474697113037
0.75,128,4,32,128,8000,0,C,6.727908134460449,42.1464958190918
0.75,128,4,32,128,8000,1,A,6.731780529022217,1.10374915599823
0.75,128,4,32,128,8000,1,B,6.663170337677002,0.8262044191360474
0.75,128,4,32,128,8000,1,C,6.606637954711914,41.93849182128906
0.75,128,4,32,128,8000,2,A,6.723056793212891,1.0755480527877808
0.75,128,4,32,128,8000,2,B,6.645538806915283,0.6584901809692383
0.75,128,4,32,128,8000,2,C,6.60729455947876,41.936241149902344
0.75,128,4,32,128,8000,3,A,6.798505783081055,1.0584739446640015
0.75,128,4,32,128,8000,3,B,6.736120700836182,0.713922917842865
0.75,128,4,32,128,8000,3,C,6.6790008544921875,41.89379119873047
0.75,128,4,32,128,8000,4,A,6.756539344787598,1.0977766513824463
0.75,128,4,32,128,8000,4,B,6.688722133636475,0.8559370040893555
0.75,128,4,32,128,8000,4,C,6.639012813568115,41.6083869934082
0.75,256,4,32,128,8000,0,A,6.933279991149902,1.142951250076294
0.75,256,4,32,128,8000,0,B,6.868053436279297,0.7993714809417725
0.75,256,4,32,128,8000,0,C,6.770208358764648,84.12162780761719
0.75,256,4,32,128,8000,1,A,6.803489685058594,1.1694705486297607
0.75,256,4,32,128,8000,1,B,6.756216526031494,0.7765034437179565
0.75,256,4,32,128,8000,1,C,6.638337135314941,83.23291778564453
0.75,256,4,32,128,8000,2,A,6.807199478149414,1.1833380460739136
0.75,256,4,32,128,8000,2,B,6.728958606719971,0.8357437252998352
0.75,256,4,32,128,8000,2,C,6.63166618347168,84.20845031738281
0.75,256,4,32,128,8000,3,A,6.874378204345703,1.2305402755737305
0.75,256,4,32,128,8000,3,B,6.816877365112305,0.7478981018066406
0.75,256,4,32,128,8000,3,C,6.714329719543457,83.63370513916016
0.75,256,4,32,128,8000,4,A,6.8387250900268555,1.1741918325424194
0.75,256,4,32,128,8000,4,B,6.768110752105713,0.7753702998161316
0.75,256,4,32,128,8000,4,C,6.6715593338012695,83.33394622802734
0.5,128,4,512,2048,128000,0,A,7.026656150817871,0.9591555595397949
0.5,128,4,512,2048,128000,0,B,6.91776180267334,0.3838541507720947
0.5,128,4,512,2048,128000,0,C,6.74544095993042,42.617801666259766
0.5,128,4,512,2048,128000,1,A,7.048526287078857,0.9687013626098633
0.5,128,4,512,2048,128000,1,B,6.924081802368164,0.3272227644920349
0.5,128,4,512,2048,128000,1,C,6.769528388977051,42.61856460571289
0.5,128,4,512,2048,128000,2,A,7.024231433868408,0.9826473593711853
0.5,128,4,512,2048,128000,2,B,6.908754348754883,0.3286815285682678
0.5,128,4,512,2048,128000,2,C,6.7536234855651855,42.61974334716797
0.5,128,4,512,2048,128000,3,A,7.01926326751709,0.9834091067314148
0.5,128,4,512,2048,128000,3,B,6.905028820037842,0.3710455894470215
0.5,128,4,512,2048,128000,3,C,6.748260498046875,42.624610900878906
0.75,16,4,128,512,32000,0,A,6.6439433097839355,0.9862592220306396
0.75,16,4,128,512,32000,0,B,6.6133623123168945,0.6427235007286072
0.75,16,4,128,512,32000,0,C,6.602797508239746,5.321315765380859
0.75,16,4,128,512,32000,1,A,6.664597511291504,1.0319091081619263
0.75,16,4,128,512,32000,1,B,6.630279541015625,0.7974081039428711
0.75,16,4,128,512,32000,1,C,6.623220443725586,5.314403533935547
0.75,16,4,128,512,32000,2,A,6.606969356536865,1.0269874334335327
0.75,16,4,128,512,32000,2,B,6.57443904876709,0.6567419767379761
0.75,16,4,128,512,32000,2,C,6.575844764709473,5.317255020141602
0.75,16,4,128,512,32000,3,A,6.6504716873168945,1.121956706047058
0.75,16,4,128,512,32000,3,B,6.613955497741699,0.4300730228424072
0.75,16,4,128,512,32000,3,C,6.613115310668945,5.315460205078125
0.75,16,4,128,512,32000,4,A,6.599547386169434,1.0643260478973389
0.75,16,4,128,512,32000,4,B,6.56400203704834,0.529746949672699
0.75,16,4,128,512,32000,4,C,6.556982040405273,5.315466403961182
0.75,64,4,128,512,32000,0,A,6.750973701477051,1.0140042304992676
0.75,64,4,128,512,32000,0,B,6.675542831420898,0.7010239958763123
0.75,64,4,128,512,32000,0,C,6.626082897186279,21.270483016967773
0.75,64,4,128,512,32000,1,A,6.766788959503174,1.018229365348816
0.75,64,4,128,512,32000,1,B,6.696904182434082,0.9172613024711609
0.75,64,4,128,512,32000,1,C,6.651844024658203,21.258520126342773
0.75,64,4,128,512,32000,2,A,6.712002754211426,1.0149457454681396
0.75,64,4,128,512,32000,2,B,6.648560523986816,0.5936620831489563
0.75,64,4,128,512,32000,2,C,6.5927863121032715,21.255266189575195
0.75,64,4,128,512,32000,3,A,6.7464494705200195,1.0104179382324219
0.75,64,4,128,512,32000,3,B,6.674716949462891,0.9161661863327026
0.75,64,4,128,512,32000,3,C,6.641509056091309,21.260684967041016
0.75,64,4,128,512,32000,4,A,6.705327987670898,1.0155023336410522
0.75,64,4,128,512,32000,4,B,6.623846054077148,0.6984347105026245
0.75,64,4,128,512,32000,4,C,6.584599494934082,21.262794494628906
0.75,128,4,128,512,32000,0,A,6.841209888458252,1.0450857877731323
0.75,128,4,128,512,32000,0,B,6.760561466217041,0.8579828143119812
0.75,128,4,128,512,32000,0,C,6.654480934143066,42.54536819458008
0.75,128,4,128,512,32000,1,A,6.860522270202637,1.0229541063308716
0.75,128,4,128,512,32000,1,B,6.773517608642578,0.6658020615577698
0.75,128,4,128,512,32000,1,C,6.677934646606445,42.50010681152344
0.5,128,4,512,2048,128000,4,A,7.029023170471191,0.9682251811027527
0.5,128,4,512,2048,128000,4,B,6.900381088256836,0.35706716775894165
0.5,128,4,512,2048,128000,4,C,6.745186805725098,42.62328338623047
0.75,128,4,128,512,32000,2,A,6.800624370574951,1.034508466720581
0.75,128,4,128,512,32000,2,B,6.711818695068359,0.6208450198173523
0.75,128,4,128,512,32000,2,C,6.6153974533081055,42.52029800415039
0.75,128,4,128,512,32000,3,A,6.840760231018066,1.018316626548767
0.75,128,4,128,512,32000,3,B,6.752764701843262,0.5885919332504272
0.75,128,4,128,512,32000,3,C,6.655764579772949,42.505863189697266
0.75,128,4,128,512,32000,4,A,6.802276611328125,1.0348154306411743
0.75,128,4,128,512,32000,4,B,6.708299160003662,0.6930583119392395
0.75,128,4,128,512,32000,4,C,6.606995582580566,42.48947525024414
0.75,256,4,128,512,32000,0,A,6.917063236236572,1.2614985704421997
0.75,256,4,128,512,32000,0,B,6.867769718170166,0.6146780252456665
0.75,256,4,128,512,32000,0,C,6.6922607421875,85.0855712890625
0.75,256,4,128,512,32000,1,A,6.9456562995910645,1.239086389541626
0.75,256,4,128,512,32000,1,B,6.889484882354736,0.606318473815918
0.75,256,4,128,512,32000,1,C,6.723695755004883,84.97083282470703
0.75,256,4,128,512,32000,2,A,6.880086898803711,1.323869228363037
0.75,256,4,128,512,32000,2,B,6.83429479598999,0.6152331829071045
0.75,256,4,128,512,32000,2,C,6.669525146484375,85.0135269165039
0.75,256,4,128,512,32000,3,A,6.921004295349121,1.2767252922058105
0.75,256,4,128,512,32000,3,B,6.877133846282959,0.6154917478561401
0.75,256,4,128,512,32000,3,C,6.709374904632568,84.99213409423828
0.75,256,4,128,512,32000,4,A,6.872689723968506,1.2400490045547485
0.75,256,4,128,512,32000,4,B,6.821691989898682,0.7520439624786377
0.75,256,4,128,512,32000,4,C,6.644285678863525,85.03669738769531
0.5,256,4,512,2048,128000,0,A,7.084013938903809,1.3426457643508911
0.5,256,4,512,2048,128000,0,B,7.05073356628418,0.3375542461872101
0.5,256,4,512,2048,128000,0,C,6.791019439697266,85.24398040771484
0.5,256,4,512,2048,128000,1,A,7.101618766784668,1.357499122619629
0.5,256,4,512,2048,128000,1,B,7.069981575012207,0.33137187361717224
0.5,256,4,512,2048,128000,1,C,6.815550804138184,85.24169158935547
0.5,256,4,512,2048,128000,2,A,7.081089019775391,1.2397103309631348
0.5,256,4,512,2048,128000,2,B,7.055542469024658,0.34924009442329407
0.5,256,4,512,2048,128000,2,C,6.796236991882324,85.2386245727539
0.5,256,4,512,2048,128000,3,A,7.080446243286133,1.353051781654358
0.5,256,4,512,2048,128000,3,B,7.053463935852051,0.33075037598609924
0.5,256,4,512,2048,128000,3,C,6.804734230041504,85.25702667236328
0.5,256,4,512,2048,128000,4,A,7.083067417144775,1.3580259084701538
0.5,256,4,512,2048,128000,4,B,7.047142028808594,0.3588654696941376
0.5,256,4,512,2048,128000,4,C,6.789170265197754,85.24427795410156
0.75,16,4,512,2048,128000,0,A,6.677557945251465,0.9977520704269409
0.75,16,4,512,2048,128000,0,B,6.61525297164917,0.6956062912940979
0.75,16,4,512,2048,128000,0,C,6.600701808929443,5.3282551765441895
0.75,16,4,512,2048,128000,1,A,6.696269989013672,0.968669593334198
0.75,16,4,512,2048,128000,1,B,6.631086826324463,0.5971505045890808
0.75,16,4,512,2048,128000,1,C,6.616850852966309,5.32829475402832
0.75,16,4,512,2048,128000,2,A,6.6724419593811035,0.9959146976470947
0.75,16,4,512,2048,128000,2,B,6.614358425140381,0.6145842671394348
0.75,16,4,512,2048,128000,2,C,6.600115776062012,5.328481197357178
0.75,16,4,512,2048,128000,4,A,6.67051887512207,0.9953636527061462
0.75,16,4,512,2048,128000,4,B,6.613045692443848,0.6675891280174255
0.75,16,4,512,2048,128000,4,C,6.603024482727051,5.32875394821167
0.75,16,4,512,2048,128000,3,A,6.668787002563477,1.0148323774337769
0.75,16,4,512,2048,128000,3,B,6.6088080406188965,0.6695809960365295
0.75,16,4,512,2048,128000,3,C,6.589797019958496,5.329002380371094
1.0,16,4,8,32,2000,0,A,6.675384998321533,2.1801469326019287
1.0,16,4,8,32,2000,0,B,6.661218166351318,1.1185001134872437
1.0,16,4,8,32,2000,0,C,6.6739301681518555,5.168549537658691
1.0,16,4,8,32,2000,1,A,6.584489345550537,2.523834466934204
1.0,16,4,8,32,2000,1,B,6.579211235046387,1.4853627681732178
1.0,16,4,8,32,2000,1,C,6.600360870361328,5.134552478790283
1.0,16,4,8,32,2000,2,A,6.409782409667969,2.437042474746704
1.0,16,4,8,32,2000,2,B,6.404363632202148,1.336643099784851
1.0,16,4,8,32,2000,2,C,6.412925720214844,5.208300590515137
1.0,16,4,8,32,2000,3,A,6.535784721374512,2.0434343814849854
1.0,16,4,8,32,2000,3,B,6.526857376098633,0.7802904844284058
1.0,16,4,8,32,2000,3,C,6.550315856933594,5.061319351196289
1.0,16,4,8,32,2000,4,A,6.624586582183838,1.969641923904419
1.0,16,4,8,32,2000,4,B,6.6183600425720215,0.7094208598136902
1.0,16,4,8,32,2000,4,C,6.622702598571777,5.062534332275391
1.0,64,4,8,32,2000,0,A,6.707170009613037,1.746260643005371
1.0,64,4,8,32,2000,0,B,6.686717510223389,1.520987868309021
1.0,64,4,8,32,2000,0,C,6.695704936981201,20.519535064697266
1.0,64,4,8,32,2000,1,A,6.624415874481201,2.451054096221924
1.0,64,4,8,32,2000,1,B,6.601365566253662,2.1873579025268555
1.0,64,4,8,32,2000,1,C,6.603607177734375,20.49944305419922
1.0,64,4,8,32,2000,2,A,6.440038681030273,2.235391855239868
1.0,64,4,8,32,2000,2,B,6.434298038482666,1.541283369064331
1.0,64,4,8,32,2000,2,C,6.440613269805908,20.79148292541504
1.0,64,4,8,32,2000,3,A,6.578746795654297,1.5620721578598022
1.0,64,4,8,32,2000,3,B,6.550932884216309,1.9051321744918823
1.0,64,4,8,32,2000,3,C,6.5583038330078125,20.01364517211914
1.0,64,4,8,32,2000,4,A,6.671460151672363,1.664355754852295
1.0,64,4,8,32,2000,4,B,6.638756275177002,1.4623370170593262
1.0,64,4,8,32,2000,4,C,6.640006065368652,20.283662796020508
1.0,128,4,8,32,2000,0,A,6.7345290184021,1.4365638494491577
1.0,128,4,8,32,2000,0,B,6.709187984466553,1.5870494842529297
1.0,128,4,8,32,2000,0,C,6.704093933105469,40.854835510253906
1.0,128,4,8,32,2000,1,A,6.6641154289245605,1.7145159244537354
1.0,128,4,8,32,2000,1,B,6.657338619232178,2.233292818069458
1.0,128,4,8,32,2000,1,C,6.6382551193237305,41.15327453613281
1.0,128,4,8,32,2000,2,A,6.471805572509766,1.8241595029830933
1.0,128,4,8,32,2000,2,B,6.456210136413574,2.1154651641845703
1.0,128,4,8,32,2000,2,C,6.437522888183594,41.44098663330078
1.0,128,4,8,32,2000,3,A,6.617888927459717,1.6044946908950806
1.0,128,4,8,32,2000,3,B,6.582660675048828,1.9258569478988647
1.0,128,4,8,32,2000,3,C,6.570437908172607,40.46449279785156
1.0,128,4,8,32,2000,4,A,6.712952613830566,1.4556947946548462
1.0,128,4,8,32,2000,4,B,6.668205261230469,1.4530576467514038
1.0,128,4,8,32,2000,4,C,6.6409149169921875,40.702423095703125
1.0,256,4,8,32,2000,0,A,6.79859733581543,1.3249790668487549
1.0,256,4,8,32,2000,0,B,6.758286952972412,1.309737205505371
1.0,256,4,8,32,2000,0,C,6.741471290588379,82.46737670898438
1.0,256,4,8,32,2000,1,A,6.728054523468018,1.9621156454086304
1.0,256,4,8,32,2000,1,B,6.714737415313721,1.7948367595672607
1.0,256,4,8,32,2000,1,C,6.645046710968018,82.38544464111328
1.0,256,4,8,32,2000,2,A,6.544057846069336,1.445586919784546
1.0,256,4,8,32,2000,2,B,6.4984588623046875,1.6721173524856567
1.0,256,4,8,32,2000,2,C,6.448955535888672,82.45960235595703
1.0,256,4,8,32,2000,3,A,6.665172576904297,1.6214897632598877
1.0,256,4,8,32,2000,3,B,6.628180980682373,1.5760990381240845
1.0,256,4,8,32,2000,3,C,6.578964710235596,80.5075454711914
1.0,256,4,8,32,2000,4,A,6.782956123352051,1.4223829507827759
1.0,256,4,8,32,2000,4,B,6.711333274841309,1.2558761835098267
1.0,256,4,8,32,2000,4,C,6.681422233581543,81.52825927734375
0.75,64,4,512,2048,128000,0,A,6.836884498596191,0.9903148412704468
0.75,64,4,512,2048,128000,0,B,6.720083236694336,0.5874813795089722
0.75,64,4,512,2048,128000,0,C,6.630685806274414,21.310829162597656
1.0,16,4,32,128,8000,0,A,6.6606831550598145,1.5698505640029907
1.0,16,4,32,128,8000,0,B,6.639223098754883,0.856218159198761
1.0,16,4,32,128,8000,0,C,6.644614219665527,5.277256011962891
0.75,64,4,512,2048,128000,1,A,6.849935531616211,0.9888908267021179
0.75,64,4,512,2048,128000,1,B,6.728203773498535,0.6640510559082031
0.75,64,4,512,2048,128000,1,C,6.6590986251831055,21.31040382385254
0.75,64,4,512,2048,128000,2,A,6.830239772796631,0.9908788800239563
0.75,64,4,512,2048,128000,2,B,6.713603973388672,0.6160799264907837
0.75,64,4,512,2048,128000,2,C,6.6284332275390625,21.312786102294922
1.0,16,4,32,128,8000,1,A,6.530506610870361,1.6397271156311035
1.0,16,4,32,128,8000,1,B,6.501996994018555,0.9241559505462646
1.0,16,4,32,128,8000,1,C,6.508637428283691,5.237672328948975
1.0,16,4,32,128,8000,2,A,6.5190019607543945,1.4842904806137085
1.0,16,4,32,128,8000,2,B,6.493084907531738,0.6582983136177063
1.0,16,4,32,128,8000,2,C,6.496606826782227,5.267199516296387
1.0,16,4,32,128,8000,3,A,6.602019309997559,1.6550270318984985
1.0,16,4,32,128,8000,3,B,6.5764479637146,0.9745936989784241
1.0,16,4,32,128,8000,3,C,6.5896711349487305,5.238950729370117
1.0,16,4,32,128,8000,4,A,6.555030822753906,1.8675298690795898
1.0,16,4,32,128,8000,4,B,6.52685022354126,0.8217686414718628
1.0,16,4,32,128,8000,4,C,6.538630485534668,5.244330406188965
1.0,64,4,32,128,8000,0,A,6.7338361740112305,1.0954194068908691
1.0,64,4,32,128,8000,0,B,6.68700647354126,0.9902685284614563
1.0,64,4,32,128,8000,0,C,6.657711982727051,21.094919204711914
1.0,64,4,32,128,8000,1,A,6.590991020202637,1.1906505823135376
1.0,64,4,32,128,8000,1,B,6.545429229736328,1.1771292686462402
1.0,64,4,32,128,8000,1,C,6.525819301605225,20.975536346435547
1.0,64,4,32,128,8000,2,A,6.583962440490723,1.100695252418518
1.0,64,4,32,128,8000,2,B,6.5330705642700195,1.3234721422195435
1.0,64,4,32,128,8000,2,C,6.503205299377441,21.082216262817383
1.0,64,4,32,128,8000,3,A,6.673738479614258,1.1907340288162231
1.0,64,4,32,128,8000,3,B,6.620238780975342,1.265028715133667
1.0,64,4,32,128,8000,3,C,6.6037516593933105,21.020309448242188
0.75,64,4,512,2048,128000,3,A,6.824117660522461,0.9989174604415894
0.75,64,4,512,2048,128000,3,B,6.704283714294434,0.7210239768028259
0.75,64,4,512,2048,128000,3,C,6.621540069580078,21.313953399658203
0.75,64,4,512,2048,128000,4,A,6.828989505767822,0.9916607737541199
0.75,64,4,512,2048,128000,4,B,6.70808219909668,0.7944809794425964
0.75,64,4,512,2048,128000,4,C,6.6235246658325195,21.312074661254883
1.0,64,4,32,128,8000,4,A,6.629009246826172,1.1495388746261597
1.0,64,4,32,128,8000,4,B,6.568985939025879,1.2776291370391846
1.0,64,4,32,128,8000,4,C,6.5587615966796875,20.971031188964844
1.0,128,4,32,128,8000,0,A,6.807431221008301,1.1873281002044678
1.0,128,4,32,128,8000,0,B,6.7386474609375,1.0571094751358032
1.0,128,4,32,128,8000,0,C,6.675562381744385,42.03885269165039
1.0,128,4,32,128,8000,1,A,6.659702301025391,1.2126127481460571
1.0,128,4,32,128,8000,1,B,6.5950469970703125,0.8977093696594238
1.0,128,4,32,128,8000,1,C,6.540118217468262,41.94636154174805
1.0,128,4,32,128,8000,2,A,6.654657363891602,1.1328877210617065
1.0,128,4,32,128,8000,2,B,6.576251983642578,0.7992398738861084
1.0,128,4,32,128,8000,2,C,6.528506278991699,41.982398986816406
1.0,128,4,32,128,8000,3,A,6.737118721008301,1.1074614524841309
1.0,128,4,32,128,8000,3,B,6.670620918273926,0.8960743546485901
1.0,128,4,32,128,8000,3,C,6.61557674407959,41.8686637878418
1.0,128,4,32,128,8000,4,A,6.697450637817383,1.1488343477249146
1.0,128,4,32,128,8000,4,B,6.630136966705322,1.0190699100494385
1.0,128,4,32,128,8000,4,C,6.572238922119141,41.677703857421875
1.0,256,4,32,128,8000,0,A,6.8888044357299805,1.254122257232666
1.0,256,4,32,128,8000,0,B,6.820412635803223,0.9545462727546692
1.0,256,4,32,128,8000,0,C,6.705057144165039,84.21157836914062
1.0,256,4,32,128,8000,1,A,6.735917091369629,1.260213017463684
1.0,256,4,32,128,8000,1,B,6.67937707901001,0.8914197683334351
1.0,256,4,32,128,8000,1,C,6.569465637207031,83.34078979492188
1.0,256,4,32,128,8000,2,A,6.740958213806152,1.307358741760254
1.0,256,4,32,128,8000,2,B,6.659588813781738,0.863218367099762
1.0,256,4,32,128,8000,2,C,6.559100151062012,84.09548950195312
1.0,256,4,32,128,8000,3,A,6.814392566680908,1.3370310068130493
1.0,256,4,32,128,8000,3,B,6.75382137298584,0.7997819781303406
1.0,256,4,32,128,8000,3,C,6.6543097496032715,83.59805297851562
1.0,256,4,32,128,8000,4,A,6.772922515869141,1.233656406402588
1.0,256,4,32,128,8000,4,B,6.7035651206970215,0.9217342138290405
1.0,256,4,32,128,8000,4,C,6.605290412902832,83.26276397705078
0.75,128,4,512,2048,128000,0,A,6.954549312591553,1.0357427597045898
0.75,128,4,512,2048,128000,0,B,6.833666801452637,0.6517512202262878
0.75,128,4,512,2048,128000,0,C,6.6539411544799805,42.621456146240234
0.75,128,4,512,2048,128000,1,A,6.973559379577637,1.0131417512893677
0.75,128,4,512,2048,128000,1,B,6.848018646240234,0.5257734060287476
0.75,128,4,512,2048,128000,1,C,6.678454399108887,42.61952209472656
0.75,128,4,512,2048,128000,2,A,6.947205066680908,1.0520063638687134
0.75,128,4,512,2048,128000,2,B,6.829373359680176,0.5403167605400085
0.75,128,4,512,2048,128000,2,C,6.662228584289551,42.61927795410156
1.0,16,4,128,512,32000,0,A,6.568333625793457,1.071435809135437
1.0,16,4,128,512,32000,0,B,6.537684440612793,0.6155081391334534
1.0,16,4,128,512,32000,0,C,6.5327959060668945,5.32120943069458
1.0,16,4,128,512,32000,1,A,6.596287727355957,1.1371650695800781
1.0,16,4,128,512,32000,1,B,6.564957141876221,0.8768782019615173
1.0,16,4,128,512,32000,1,C,6.556222915649414,5.31423282623291
1.0,16,4,128,512,32000,2,A,6.5266594886779785,1.1541328430175781
1.0,16,4,128,512,32000,2,B,6.496084213256836,0.8184362053871155
1.0,16,4,128,512,32000,2,C,6.494675159454346,5.317971706390381
0.75,128,4,512,2048,128000,3,A,6.940168380737305,1.0086479187011719
0.75,128,4,512,2048,128000,3,B,6.819682598114014,0.6152501106262207
0.75,128,4,512,2048,128000,3,C,6.655488967895508,42.625118255615234
1.0,16,4,128,512,32000,3,A,6.575606346130371,1.1594303846359253
1.0,16,4,128,512,32000,3,B,6.5417633056640625,0.7911024689674377
1.0,16,4,128,512,32000,3,C,6.543107986450195,5.316040515899658
1.0,16,4,128,512,32000,4,A,6.517529010772705,1.1253966093063354
1.0,16,4,128,512,32000,4,B,6.48433780670166,0.7325060367584229
1.0,16,4,128,512,32000,4,C,6.4782233238220215,5.314975738525391
1.0,64,4,128,512,32000,0,A,6.674009323120117,1.0378819704055786
1.0,64,4,128,512,32000,0,B,6.601220607757568,0.9763097763061523
1.0,64,4,128,512,32000,0,C,6.55607271194458,21.273780822753906
0.75,128,4,512,2048,128000,4,A,6.949243545532227,0.996860682964325
0.75,128,4,512,2048,128000,4,B,6.813873767852783,0.5948255658149719
0.75,128,4,512,2048,128000,4,C,6.650632381439209,42.62302017211914
1.0,64,4,128,512,32000,1,A,6.701179027557373,1.042278528213501
1.0,64,4,128,512,32000,1,B,6.630165100097656,1.242423415184021
1.0,64,4,128,512,32000,1,C,6.58074426651001,21.25478744506836
1.0,64,4,128,512,32000,2,A,6.629651069641113,1.035142183303833
1.0,64,4,128,512,32000,2,B,6.563174247741699,0.8684935569763184
1.0,64,4,128,512,32000,2,C,6.510737419128418,21.258556365966797
1.0,64,4,128,512,32000,3,A,6.673702239990234,1.0317758321762085
1.0,64,4,128,512,32000,3,B,6.600467205047607,0.9677077531814575
1.0,64,4,128,512,32000,3,C,6.565643310546875,21.268091201782227
1.0,64,4,128,512,32000,4,A,6.623851776123047,1.0302565097808838
1.0,64,4,128,512,32000,4,B,6.542832851409912,0.860345184803009
1.0,64,4,128,512,32000,4,C,6.505895614624023,21.26394271850586
1.0,128,4,128,512,32000,0,A,6.768579483032227,1.0956683158874512
1.0,128,4,128,512,32000,0,B,6.680964946746826,1.4154132604599
1.0,128,4,128,512,32000,0,C,6.583032131195068,42.548919677734375
1.0,128,4,128,512,32000,1,A,6.799929618835449,1.063251256942749
1.0,128,4,128,512,32000,1,B,6.7105278968811035,0.8633409142494202
1.0,128,4,128,512,32000,1,C,6.603612899780273,42.485084533691406
1.0,128,4,128,512,32000,2,A,6.721985816955566,1.1120121479034424
1.0,128,4,128,512,32000,2,B,6.63364839553833,0.9713430404663086
1.0,128,4,128,512,32000,2,C,6.541275978088379,42.52611541748047
1.0,128,4,128,512,32000,3,A,6.765822410583496,1.0785763263702393
1.0,128,4,128,512,32000,3,B,6.681063175201416,0.7736148238182068
1.0,128,4,128,512,32000,3,C,6.574862003326416,42.513023376464844
1.0,128,4,128,512,32000,4,A,6.719046592712402,1.0897153615951538
1.0,128,4,128,512,32000,4,B,6.628684043884277,1.1685395240783691
1.0,128,4,128,512,32000,4,C,6.525116920471191,42.506595611572266
0.75,256,4,512,2048,128000,0,A,7.006875038146973,1.3805890083312988
0.75,256,4,512,2048,128000,0,B,6.984796524047852,0.5043601989746094
0.75,256,4,512,2048,128000,0,C,6.715578079223633,85.24165344238281
1.0,256,4,128,512,32000,0,A,6.848729133605957,1.388428807258606
1.0,256,4,128,512,32000,0,B,6.797571182250977,0.7207531332969666
1.0,256,4,128,512,32000,0,C,6.61517333984375,85.0794448852539
1.0,256,4,128,512,32000,1,A,6.877006530761719,1.4208251237869263
1.0,256,4,128,512,32000,1,B,6.8262104988098145,0.7496574521064758
1.0,256,4,128,512,32000,1,C,6.66386604309082,84.9544906616211
1.0,256,4,128,512,32000,2,A,6.800419807434082,1.418678641319275
1.0,256,4,128,512,32000,2,B,6.754755973815918,0.7716338038444519
1.0,256,4,128,512,32000,2,C,6.592713832855225,85.00264739990234
1.0,256,4,128,512,32000,3,A,6.847527503967285,1.3837714195251465
1.0,256,4,128,512,32000,3,B,6.808041572570801,0.7518863677978516
1.0,256,4,128,512,32000,3,C,6.6338043212890625,85.00366973876953
1.0,256,4,128,512,32000,4,A,6.798693656921387,1.4183918237686157
1.0,256,4,128,512,32000,4,B,6.738626480102539,0.9439316391944885
1.0,256,4,128,512,32000,4,C,6.577291488647461,85.03778839111328
0.75,256,4,512,2048,128000,1,A,7.024744033813477,1.414116621017456
0.75,256,4,512,2048,128000,1,B,6.995830059051514,0.4912157952785492
0.75,256,4,512,2048,128000,1,C,6.733851432800293,85.2458267211914
0.75,256,4,512,2048,128000,2,A,6.998344898223877,1.39243745803833
0.75,256,4,512,2048,128000,2,B,6.9722747802734375,0.5455816388130188
0.75,256,4,512,2048,128000,2,C,6.696001052856445,85.24131774902344
0.75,256,4,512,2048,128000,3,A,7.000115871429443,1.3915070295333862
0.75,256,4,512,2048,128000,3,B,6.9801859855651855,0.544407844543457
0.75,256,4,512,2048,128000,3,C,6.7082061767578125,85.249267578125
0.75,256,4,512,2048,128000,4,A,7.003660678863525,1.6101937294006348
0.75,256,4,512,2048,128000,4,B,6.970478534698486,0.5292896628379822
0.75,256,4,512,2048,128000,4,C,6.690683364868164,85.24220275878906
1.0,16,4,512,2048,128000,0,A,6.603481292724609,1.008792519569397
1.0,16,4,512,2048,128000,0,B,6.544617652893066,0.9548426270484924
1.0,16,4,512,2048,128000,0,C,6.528972625732422,5.3285298347473145
1.0,16,4,512,2048,128000,1,A,6.624231815338135,1.0789457559585571
1.0,16,4,512,2048,128000,1,B,6.56221866607666,0.8825193643569946
1.0,16,4,512,2048,128000,1,C,6.549615383148193,5.328073024749756
1.0,16,4,512,2048,128000,2,A,6.596564292907715,1.103355050086975
1.0,16,4,512,2048,128000,2,B,6.538811683654785,0.8922483325004578
1.0,16,4,512,2048,128000,2,C,6.526710510253906,5.328670024871826
1.0,16,4,512,2048,128000,3,A,6.593886375427246,1.1147586107254028
1.0,16,4,512,2048,128000,3,B,6.534366607666016,0.9317300319671631
1.0,16,4,512,2048,128000,3,C,6.515514373779297,5.328968524932861
1.0,16,4,512,2048,128000,4,A,6.593903541564941,1.0966362953186035
1.0,16,4,512,2048,128000,4,B,6.537265300750732,0.9905263781547546
1.0,16,4,512,2048,128000,4,C,6.526659965515137,5.328553676605225
1.0,64,4,512,2048,128000,0,A,6.760989189147949,1.0327900648117065
1.0,64,4,512,2048,128000,0,B,6.641706466674805,0.8693610429763794
1.0,64,4,512,2048,128000,0,C,6.555933475494385,21.310518264770508
1.0,64,4,512,2048,128000,1,A,6.778142929077148,1.0030694007873535
1.0,64,4,512,2048,128000,1,B,6.660080909729004,1.019748330116272
1.0,64,4,512,2048,128000,1,C,6.5919342041015625,21.3092098236084
1.0,64,4,512,2048,128000,2,A,6.754432678222656,1.0022735595703125
1.0,64,4,512,2048,128000,2,B,6.634194374084473,1.0346875190734863
1.0,64,4,512,2048,128000,2,C,6.554876327514648,21.312917709350586
1.0,64,4,512,2048,128000,3,A,6.745429515838623,1.0503336191177368
1.0,64,4,512,2048,128000,3,B,6.628142356872559,1.0422617197036743
1.0,64,4,512,2048,128000,3,C,6.555042266845703,21.31464195251465
1.0,64,4,512,2048,128000,4,A,6.752894401550293,1.0415332317352295
1.0,64,4,512,2048,128000,4,B,6.6334428787231445,1.1360697746276855
1.0,64,4,512,2048,128000,4,C,6.548510551452637,21.3125
1.0,128,4,512,2048,128000,0,A,6.879402160644531,1.046306848526001
1.0,128,4,512,2048,128000,0,B,6.760409832000732,0.8237510323524475
1.0,128,4,512,2048,128000,0,C,6.581878662109375,42.62187957763672
1.0,128,4,512,2048,128000,1,A,6.90284538269043,1.1425215005874634
1.0,128,4,512,2048,128000,1,B,6.777000427246094,0.8532954454421997
1.0,128,4,512,2048,128000,1,C,6.61184549331665,42.62018966674805
1.0,128,4,512,2048,128000,2,A,6.870813369750977,1.1351735591888428
1.0,128,4,512,2048,128000,2,B,6.751880645751953,0.8643214106559753
1.0,128,4,512,2048,128000,2,C,6.591925621032715,42.625343322753906
1.0,128,4,512,2048,128000,3,A,6.861635684967041,1.1288750171661377
1.0,128,4,512,2048,128000,3,B,6.741572380065918,0.9329950213432312
1.0,128,4,512,2048,128000,3,C,6.578279495239258,42.62705993652344
1.0,128,4,512,2048,128000,4,A,6.874185562133789,1.0462267398834229
1.0,128,4,512,2048,128000,4,B,6.7355756759643555,0.9072474241256714
1.0,128,4,512,2048,128000,4,C,6.574232578277588,42.62185287475586
1.0,256,4,512,2048,128000,0,A,6.927865505218506,1.5330214500427246
1.0,256,4,512,2048,128000,0,B,6.904415130615234,0.7127432227134705
1.0,256,4,512,2048,128000,0,C,6.641022205352783,85.24474334716797
1.0,256,4,512,2048,128000,1,A,6.953085422515869,1.5912481546401978
1.0,256,4,512,2048,128000,1,B,6.922728538513184,0.7607039213180542
1.0,256,4,512,2048,128000,1,C,6.657755374908447,85.24092102050781
1.0,256,4,512,2048,128000,2,A,6.923819065093994,1.5635987520217896
1.0,256,4,512,2048,128000,2,B,6.899651527404785,0.705048680305481
1.0,256,4,512,2048,128000,2,C,6.630474090576172,85.24353790283203
1.0,256,4,512,2048,128000,3,A,6.913819313049316,1.5572326183319092
1.0,256,4,512,2048,128000,3,B,6.902759552001953,0.7905704379081726
1.0,256,4,512,2048,128000,3,C,6.636135101318359,85.25233459472656
1.0,256,4,512,2048,128000,4,A,6.9202704429626465,1.8985540866851807
1.0,256,4,512,2048,128000,4,B,6.899791240692139,0.7179105281829834
1.0,256,4,512,2048,128000,4,C,6.621157169342041,85.24569702148438
