K,phi,d,activation,lr,seed,n_classes,n_lexemes,n_over_d,m_eff,k_item,capacity,final_loss,cvwh_hidden
2,0.0,16,identity,0.003,4,4,2400,150.0,3.0,5.555191426408754,0.5346994641505471,8.78823471069336,0.0006750769171494812
2,0.0,16,identity,0.003,2,4,2400,150.0,3.0,5.764535004231572,0.5477834377644732,8.791247367858887,0.0020219014642347535
2,0.0,16,identity,0.003,6,4,2400,150.0,3.0,5.213836134099166,0.5133647583811979,8.790718078613281,0.002156276311426846
2,0.25,16,identity,0.003,4,4,2400,150.0,3.0,6.099120903278911,0.568695056454932,8.796673774719238,0.0001708623085761888
2,0.25,16,relu,0.003,6,4,2400,150.0,3.0,7.025779615737013,0.6266112259835633,8.796082496643066,0.02773647394871711
2,0.0,16,identity,0.003,5,4,2400,150.0,3.0,5.478478300484371,0.5299048937802732,8.791611671447754,0.0012742040390556924
2,0.0,16,relu,0.003,6,4,2400,150.0,3.0,6.062213783762642,0.5663883614851651,8.792194366455078,0.03520277918651628
2,0.25,16,relu,0.003,1,4,2400,150.0,3.0,5.778730199184574,0.5486706374490359,8.8009672164917,0.006324725640032657
2,0.25,16,identity,0.003,5,4,2400,150.0,3.0,5.784551371894244,0.5490344607433902,8.79819393157959,0.0005002426386688359
2,0.0,16,relu,0.003,0,4,2400,150.0,3.0,6.447759455049379,0.5904849659405862,8.791911125183105,0.02100783086234916
2,0.25,16,relu,0.003,2,4,2400,150.0,3.0,6.014299473338583,0.5633937170836614,8.795783996582031,0.012390839850142601
2,0.25,16,identity,0.003,2,4,2400,150.0,3.0,5.424973323612771,0.5265608327257982,8.796945571899414,7.909290346843375e-05
2,0.0,16,relu,0.003,7,4,2400,150.0,3.0,5.289524817013009,0.5180953010633131,8.792256355285645,0.011256144265865953
2,0.25,16,relu,0.003,3,4,2400,150.0,3.0,4.881822819488304,0.492613926218019,8.799187660217285,0.045139344122769966
2,0.25,16,relu,0.003,7,4,2400,150.0,3.0,6.664137304367138,0.6040085815229461,8.7987699508667,0.028541362501086708
2,0.25,16,identity,0.003,1,4,2400,150.0,3.0,5.430071845389259,0.5268794903368287,8.801070213317871,8.840239967747108e-05
2,0.0,16,identity,0.003,7,4,2400,150.0,3.0,5.437361744848943,0.5273351090530589,8.791659355163574,0.016460972455528137
2,0.0,16,relu,0.003,4,4,2400,150.0,3.0,6.15487971923251,0.5721799824520319,8.789140701293945,0.040892460103561214
2,0.25,16,identity,0.003,0,4,2400,150.0,3.0,5.823330185471998,0.5514581365919999,8.79571533203125,0.0002523455213313708
2,0.25,16,identity,0.003,3,4,2400,150.0,3.0,5.310412086155705,0.5194007553847315,8.798567771911621,0.00010980012138480932
2,0.0,16,identity,0.003,3,4,2400,150.0,3.0,4.85333285011062,0.49083330313191376,8.790335655212402,4.687424601810062e-05
2,0.0,16,identity,0.003,0,4,2400,150.0,3.0,5.516017757230757,0.5322511098269223,8.789508819580078,0.01339754557434535
2,0.0,16,identity,0.003,1,4,2400,150.0,3.0,5.20633607826569,0.5128960048916056,8.794051170349121,0.0016385676456865772
2,0.25,16,relu,0.003,4,4,2400,150.0,3.0,6.969458007787274,0.6230911254867046,8.797916412353516,0.033713555880602444
2,0.0,16,relu,0.003,1,4,2400,150.0,3.0,6.172090335135606,0.5732556459459754,8.79465103149414,0.020280032080511868
2,0.0,16,relu,0.003,2,4,2400,150.0,3.0,6.839575974035763,0.6149734983772353,8.792484283447266,0.0362284641867453
2,0.25,16,relu,0.003,0,4,2400,150.0,3.0,6.82906497461357,0.6143165609133481,8.797853469848633,0.010422615266095394
2,0.25,16,relu,0.003,5,4,2400,150.0,3.0,6.82581736958917,0.6141135855993232,8.798643112182617,0.007384119681663764
2,0.0,16,relu,0.003,3,4,2400,150.0,3.0,4.57261593236948,0.4732884957730925,8.792903900146484,0.15674267574690193
2,0.0,16,relu,0.003,5,4,2400,150.0,3.0,4.803550670908287,0.4877219169317679,8.793129920959473,0.019398403152539
2,0.25,16,identity,0.003,6,4,2400,150.0,3.0,5.205226758012114,0.5128266723757571,8.794677734375,0.0004316843559676668
2,0.25,16,identity,0.003,7,4,2400,150.0,3.0,5.389678107174262,0.5243548816983914,8.797480583190918,2.865269371833796e-05
2,0.5,16,identity,0.003,1,4,2400,150.0,3.0,5.727886160367998,0.5454928850229999,8.793933868408203,2.865687267900929e-05
2,0.5,16,relu,0.003,2,4,2400,150.0,3.0,6.7846237163166405,0.6115389822697901,8.791427612304688,0.005857571335185009
2,0.5,16,identity,0.003,3,4,2400,150.0,3.0,5.609442574705362,0.5380901609190851,8.789475440979004,6.818460879728529e-06
2,0.5,16,relu,0.003,6,4,2400,150.0,3.0,6.423630733115511,0.5889769208197194,8.79240894317627,0.004048923175493798
2,0.5,16,relu,0.003,1,4,2400,150.0,3.0,6.154769409953522,0.5721730881220951,8.795013427734375,0.003541749195258642
2,0.5,16,relu,0.003,0,4,2400,150.0,3.0,6.458487029759282,0.5911554393599552,8.791788101196289,0.0036426945088900474
2,0.5,16,identity,0.003,2,4,2400,150.0,3.0,6.329845661327731,0.5831153538329832,8.79086685180664,4.186526292089984e-05
2,0.5,16,relu,0.003,4,4,2400,150.0,3.0,7.017070413981193,0.6260669008738246,8.789129257202148,0.0024192158858901093
2,0.5,16,relu,0.003,5,4,2400,150.0,3.0,7.136348706802608,0.633521794175163,8.791789054870605,0.004278350225578485
2,0.5,16,identity,0.003,0,4,2400,150.0,3.0,5.960524961420544,0.560032810088784,8.790163040161133,5.1879315677370755e-05
2,0.5,16,identity,0.003,4,4,2400,150.0,3.0,5.881117218173259,0.5550698261358287,8.785496711730957,3.7439317152114994e-05
2,0.5,16,relu,0.003,7,4,2400,150.0,3.0,5.21661117057226,0.5135381981607663,8.79055404663086,0.004952314773136777
2,0.5,16,relu,0.003,3,4,2400,150.0,3.0,4.757894548942442,0.4848684093089026,8.794598579406738,0.012867932896894155
2,0.5,16,identity,0.003,5,4,2400,150.0,3.0,5.873474553962964,0.5545921596226853,8.789555549621582,1.2650604636444217e-05
2,0.5,16,identity,0.003,6,4,2400,150.0,3.0,5.085628488801564,0.5053517805500978,8.790276527404785,3.074137109979877e-05
2,0.5,16,identity,0.003,7,4,2400,150.0,3.0,5.222596906177469,0.5139123066360918,8.78898811340332,0.00015008615131390592
2,0.75,16,relu,0.003,0,4,2400,150.0,3.0,7.283930998530558,0.6427456874081598,8.781087875366211,0.006663083922780163
2,0.75,16,identity,0.003,2,4,2400,150.0,3.0,5.809589916750945,0.550599369796934,8.781246185302734,1.3649431862750863e-05
2,0.75,16,relu,0.003,4,4,2400,150.0,3.0,7.383846197174642,0.6489903873234151,8.780190467834473,0.00370476662700649
2,0.75,16,identity,0.003,0,4,2400,150.0,3.0,5.543657871900508,0.5339786169937817,8.778058052062988,6.739205856687956e-05
2,0.75,16,relu,0.003,1,4,2400,150.0,3.0,6.339091561486171,0.5836932225928857,8.783923149108887,0.003137895477600748
2,0.75,16,relu,0.003,2,4,2400,150.0,3.0,7.051653317634842,0.6282283323521776,8.784369468688965,0.003918917856722433
2,0.75,16,relu,0.003,6,4,2400,150.0,3.0,6.735814378226942,0.6084883986391838,8.784631729125977,0.0034003284990607083
2,0.75,16,relu,0.003,5,4,2400,150.0,3.0,6.6688508584081845,0.6043031786505115,8.785476684570312,0.004831854578388086
2,0.75,16,identity,0.003,1,4,2400,150.0,3.0,5.517611548706691,0.5323507217941682,8.781110763549805,8.105711308217891e-05
2,0.75,16,identity,0.003,3,4,2400,150.0,3.0,5.250525611488139,0.5156578507180087,8.781326293945312,0.00018544277535908024
2,0.75,16,relu,0.003,7,4,2400,150.0,3.0,5.716801987173996,0.5448001241983748,8.784188270568848,0.003992894260309546
2,0.75,16,relu,0.003,3,4,2400,150.0,3.0,5.585616549997427,0.5366010343748392,8.786774635314941,0.006371985936734688
2,0.75,16,identity,0.003,4,4,2400,150.0,3.0,5.85106932963911,0.5531918331024444,8.776521682739258,8.634911465035694e-06
2,0.75,16,identity,0.003,5,4,2400,150.0,3.0,5.537178168475798,0.5335736355297374,8.783239364624023,3.678334894331391e-05
2,0.75,16,identity,0.003,6,4,2400,150.0,3.0,5.206625139705421,0.5129140712315888,8.78229808807373,5.200254736815271e-06
2,0.75,16,identity,0.003,7,4,2400,150.0,3.0,5.255187508130029,0.5159492192581268,8.782270431518555,0.00012312536901075275
2,1.0,16,identity,0.003,1,4,2400,150.0,3.0,5.724022553305642,0.5452514095816026,8.787822723388672,4.5479213331366816e-05
2,1.0,16,relu,0.003,2,4,2400,150.0,3.0,6.805743418591089,0.612858963661943,8.795661926269531,0.0044201614090370045
2,1.0,16,identity,0.003,2,4,2400,150.0,3.0,5.310123936002773,0.5193827460001733,8.788168907165527,0.00013572079906266007
2,1.0,16,relu,0.003,6,4,2400,150.0,3.0,6.712350443893386,0.6070219027433366,8.786698341369629,0.0037895545157538854
2,1.0,16,relu,0.003,0,4,2400,150.0,3.0,5.414972112639722,0.5259357570399826,8.790838241577148,0.0030756967254681462
2,1.0,16,relu,0.003,1,4,2400,150.0,3.0,7.33657643710187,0.6460360273188669,8.792590141296387,0.004975680834958038
2,1.0,16,identity,0.003,0,4,2400,150.0,3.0,5.503261751060257,0.5314538594412661,8.78700065612793,8.391177306422864e-05
2,1.0,16,relu,0.003,4,4,2400,150.0,3.0,6.703550970138147,0.6064719356336341,8.787590980529785,0.0032226471615475908
2,1.0,16,relu,0.003,5,4,2400,150.0,3.0,5.585495762471422,0.5365934851544638,8.79293155670166,0.0036167280539895616
2,1.0,16,relu,0.003,7,4,2400,150.0,3.0,6.38288513934593,0.5864303212091206,8.794734001159668,0.005567924241784421
2,1.0,16,relu,0.003,3,4,2400,150.0,3.0,4.825329952973221,0.4890831220608263,8.797086715698242,0.012235570348312411
2,1.0,16,identity,0.003,3,4,2400,150.0,3.0,5.279543513747366,0.5174714696092104,8.790534019470215,0.00010006158316682476
2,1.0,16,identity,0.003,5,4,2400,150.0,3.0,5.78191817718054,0.5488698860737837,8.789202690124512,5.251469967087122e-06
2,1.0,16,identity,0.003,6,4,2400,150.0,3.0,5.037395972821593,0.5023372483013495,8.78269100189209,2.9476257851054087e-05
2,1.0,16,identity,0.003,4,4,2400,150.0,3.0,5.992418589438454,0.5620261618399034,8.783502578735352,2.5018284809904126e-05
2,1.0,16,identity,0.003,7,4,2400,150.0,3.0,5.930986359477673,0.5581866474673546,8.789557456970215,3.879975958408484e-05
3,0.0,16,relu,0.003,0,8,2400,150.0,7.0,6.797549774991607,0.8623468609369754,8.793869972229004,0.3585028635635642
3,0.0,16,relu,0.003,1,8,2400,150.0,7.0,6.48710975261622,0.8429443595385138,8.795880317687988,0.41559418978919815
3,0.0,16,identity,0.003,0,8,2400,150.0,7.0,4.322857414958859,0.7076785884349287,8.79169750213623,0.12116230822724168
3,0.0,16,relu,0.003,6,8,2400,150.0,7.0,4.7654993371402865,0.735343708571268,8.793033599853516,0.3146244194652244
3,0.0,16,relu,0.003,3,8,2400,150.0,7.0,5.718237916889484,0.7948898698055927,8.7939453125,0.19532565054452528
3,0.0,16,identity,0.003,1,8,2400,150.0,6.0,5.930810463535606,0.7456756539709753,8.794873237609863,0.039223707520045156
3,0.0,16,relu,0.003,4,8,2400,150.0,7.0,5.797669340897768,0.7998543338061105,8.790610313415527,0.37245397801446456
3,0.0,16,relu,0.003,5,8,2400,150.0,7.0,5.624378305416264,0.7890236440885166,8.795251846313477,0.24697511692844104
3,0.0,16,relu,0.003,2,8,2400,150.0,7.0,3.878545477439315,0.6799090923399572,8.79477310180664,0.424969280694259
3,0.0,16,relu,0.003,7,8,2400,150.0,7.0,5.746077510061693,0.7966298443788558,8.793726921081543,0.34234448647087606
3,0.0,16,identity,0.003,2,8,2400,150.0,7.0,4.619547296194791,0.7262217060121745,8.793173789978027,0.04124533794403491
3,0.0,16,identity,0.003,3,8,2400,150.0,7.0,5.360899829411416,0.7725562393382135,8.791540145874023,0.048582714054895365
3,0.0,16,identity,0.003,4,8,2400,150.0,7.0,5.21237589409527,0.7632734933809544,8.789071083068848,0.17925373305545597
3,0.0,16,identity,0.003,5,8,2400,150.0,6.0,5.625422689723611,0.7265889181077256,8.79255199432373,0.14343914236677796
3,0.0,16,identity,0.003,7,8,2400,150.0,6.0,5.305813054450546,0.7066133159031591,8.791841506958008,0.12313702104530792
3,0.0,16,identity,0.003,6,8,2400,150.0,7.0,5.428088050360687,0.7767555031475429,8.791718482971191,0.19263395683430473
3,0.25,16,relu,0.003,3,8,2400,150.0,7.0,5.733553558614509,0.7958470974134069,8.796375274658203,0.11959603060491893
3,0.25,16,relu,0.003,1,8,2400,150.0,7.0,6.947833707593331,0.8717396067245832,8.795680046081543,0.13347950404442138
3,0.25,16,identity,0.003,0,8,2400,150.0,7.0,5.060940002290872,0.7538087501431795,8.793784141540527,0.10745158046483738
3,0.25,16,relu,0.003,2,8,2400,150.0,7.0,5.6025204007731775,0.7876575250483235,8.795158386230469,0.5935191770417138
3,0.25,16,relu,0.003,0,8,2400,150.0,7.0,5.796774064277528,0.7997983790173455,8.79447078704834,0.25972315253989764
3,0.25,16,relu,0.003,6,8,2400,150.0,7.0,6.155845101685509,0.8222403188553443,8.792215347290039,0.28140324798584054
3,0.25,16,relu,0.003,5,8,2400,150.0,7.0,5.248019795822869,0.7655012372389294,8.796217918395996,0.3151425088089952
3,0.25,16,relu,0.003,4,8,2400,150.0,7.0,7.592985679521274,0.9120616049700796,8.791147232055664,0.17372297140883314
3,0.25,16,relu,0.003,7,8,2400,150.0,7.0,5.076023223154117,0.7547514514471323,8.798163414001465,0.29555224601277325
3,0.25,16,identity,0.003,1,8,2400,150.0,6.0,5.389690906747771,0.7118556816717356,8.795628547668457,0.07844382304230632
3,0.25,16,identity,0.003,2,8,2400,150.0,7.0,4.462653154790159,0.7164158221743849,8.794207572937012,0.07876179909550496
3,0.25,16,identity,0.003,3,8,2400,150.0,7.0,4.976490195044984,0.7485306371903115,8.795004844665527,0.18998139570747086
3,0.25,16,identity,0.003,4,8,2400,150.0,7.0,4.940711839510016,0.746294489969376,8.790292739868164,0.09165246521325496
3,0.25,16,identity,0.003,5,8,2400,150.0,7.0,5.119978275677635,0.7574986422298522,8.795031547546387,0.19727674357681338
3,0.25,16,identity,0.003,6,8,2400,150.0,6.0,4.866822996821279,0.6791764373013299,8.790815353393555,0.08799711748656688
3,0.25,16,identity,0.003,7,8,2400,150.0,7.0,5.552066375842287,0.7845041484901429,8.796533584594727,0.27325529043048474
3,0.5,16,relu,0.003,0,8,2400,150.0,7.0,5.976297977506785,0.8110186235941741,8.796472549438477,0.10398961977294488
3,0.5,16,relu,0.003,1,8,2400,150.0,7.0,7.27983694236116,0.8924898088975726,8.801085472106934,0.2659901222567146
3,0.5,16,relu,0.003,3,8,2400,150.0,7.0,6.285668071145576,0.8303542544465985,8.796980857849121,0.1193411397413749
3,0.5,16,relu,0.003,6,8,2400,150.0,7.0,4.960019151808482,0.7475011969880301,8.798154830932617,0.32012898326304107
3,0.5,16,relu,0.003,4,8,2400,150.0,7.0,6.09390803379757,0.8183692521123481,8.794340133666992,0.30538395894580256
3,0.5,16,relu,0.003,5,8,2400,150.0,7.0,5.209247275183536,0.763077954698971,8.797792434692383,0.46555862464054903
3,0.5,16,relu,0.003,2,8,2400,150.0,7.0,6.670007385524876,0.8543754615953048,8.798233032226562,0.24095994438394924
3,0.5,16,relu,0.003,7,8,2400,150.0,7.0,5.68054902156066,0.7925343138475412,8.796015739440918,0.33271631058674467
3,0.5,16,identity,0.003,0,8,2400,150.0,7.0,4.852479286006569,0.7407799553754106,8.797019004821777,0.0879473919405648
3,0.5,16,identity,0.003,1,8,2400,150.0,7.0,5.299396815454614,0.7687123009659134,8.800008773803711,0.12678896519392482
3,0.5,16,identity,0.003,3,8,2400,150.0,6.0,5.450997122989719,0.7156873201868574,8.795330047607422,0.16754030231165712
3,0.5,16,identity,0.003,2,8,2400,150.0,6.0,5.139789384290417,0.696236836518151,8.797468185424805,0.08585584933420772
3,0.5,16,identity,0.003,4,8,2400,150.0,7.0,5.3586446497948055,0.7724152906121753,8.792433738708496,0.111257726358891
3,0.5,16,identity,0.003,5,8,2400,150.0,7.0,4.622458492997434,0.7264036558123397,8.79577350616455,0.03182107582670369
3,0.5,16,identity,0.003,6,8,2400,150.0,7.0,5.157752447741695,0.7598595279838559,8.795669555664062,0.11313333121676779
3,0.5,16,identity,0.003,7,8,2400,150.0,6.3,5.601196186955712,0.743824761684732,8.795001983642578,0.04018726137540625
3,0.75,16,relu,0.003,1,8,2400,150.0,7.0,7.108715693963875,0.8817947308727422,8.799577713012695,0.12700134015254616
3,0.75,16,relu,0.003,0,8,2400,150.0,7.0,5.785827323061929,0.7991142076913705,8.796964645385742,0.26868268934419304
3,0.75,16,relu,0.003,3,8,2400,150.0,7.0,6.279519156108615,0.8299699472567885,8.797345161437988,0.16541598752233935
3,0.75,16,relu,0.003,4,8,2400,150.0,7.0,5.937608091675736,0.8086005057297335,8.798047065734863,0.22545776160712144
3,0.75,16,relu,0.003,6,8,2400,150.0,7.0,6.99562065843158,0.8747262911519738,8.797192573547363,0.12272371112294826
3,0.75,16,relu,0.003,2,8,2400,150.0,7.0,6.824969316325015,0.8640605822703135,8.798007011413574,0.46304179573137694
3,0.75,16,relu,0.003,5,8,2400,150.0,7.0,6.561222043065917,0.8475763776916199,8.798454284667969,0.10043712424912432
3,0.75,16,identity,0.003,0,8,2400,150.0,6.0,5.052293635698373,0.6907683522311483,8.794792175292969,0.060870971337886284
3,0.75,16,identity,0.003,1,8,2400,150.0,7.0,4.917060992672211,0.7448163120420133,8.797039985656738,0.18472272250186278
3,0.75,16,relu,0.003,7,8,2400,150.0,7.0,6.191250903805338,0.8244531814878336,8.799442291259766,0.37514109395476225
3,0.75,16,identity,0.003,2,8,2400,150.0,7.0,5.001755931537842,0.7501097457211151,8.795615196228027,0.1707734941976881
3,0.75,16,identity,0.003,3,8,2400,150.0,6.0,5.680444037242912,0.730027752327682,8.796998977661133,0.029652832372204358
3,0.75,16,identity,0.003,4,8,2400,150.0,7.0,5.382864041923975,0.7739290026202484,8.796862602233887,0.14590750784791434
3,0.75,16,identity,0.003,5,8,2400,150.0,7.0,5.694173098912381,0.7933858186820237,8.797791481018066,0.13745608887078872
3,0.75,16,identity,0.003,6,8,2400,150.0,7.0,5.80850789397025,0.8005317433731407,8.795161247253418,0.1736095170930551
3,0.75,16,identity,0.003,7,8,2400,150.0,7.0,4.809442883788332,0.7380901802367708,8.796939849853516,0.0723185544156945
3,1.0,16,relu,0.003,0,8,2400,150.0,7.0,7.089128422469813,0.8805705264043633,8.796350479125977,0.06108800672078727
3,1.0,16,relu,0.003,3,8,2400,150.0,7.0,7.4568202668824775,0.9035512666801548,8.798698425292969,0.061397576296874354
3,1.0,16,relu,0.003,1,8,2400,150.0,7.0,6.816986329814284,0.8635616456133928,8.799821853637695,0.13257799769832337
3,1.0,16,relu,0.003,2,8,2400,150.0,7.0,6.848614401733761,0.8655384001083601,8.800683975219727,0.14502022037308318
3,1.0,16,relu,0.003,4,8,2400,150.0,7.0,6.211609727865316,0.8257256079915822,8.793599128723145,0.11260030434191677
3,1.0,16,relu,0.003,5,8,2400,150.0,7.0,7.103418011750159,0.8814636257343849,8.799749374389648,0.15926901367332197
3,1.0,16,relu,0.003,6,8,2400,150.0,7.0,6.4094667059485735,0.8380916691217859,8.795743942260742,0.18204782456164345
3,1.0,16,relu,0.003,7,8,2400,150.0,7.0,7.238094344627482,0.8898808965392176,8.797548294067383,0.08443718456441147
3,1.0,16,identity,0.003,0,8,2400,150.0,7.0,4.7644247944536176,0.7352765496533511,8.794445037841797,0.058344439834982754
3,1.0,16,identity,0.003,1,8,2400,150.0,7.0,5.523343904164689,0.782708994010293,8.798445701599121,0.058919029497175424
3,1.0,16,identity,0.003,2,8,2400,150.0,7.0,4.700405482831215,0.7312753426769509,8.796865463256836,0.03406085766884195
3,1.0,16,identity,0.003,3,8,2400,150.0,6.9,5.619943498378831,0.782496468648677,8.796823501586914,0.06403107145410467
3,1.0,16,identity,0.003,4,8,2400,150.0,7.0,4.964144815623368,0.7477590509764604,8.792680740356445,0.10255134884570564
3,1.0,16,identity,0.003,5,8,2400,150.0,7.0,6.0541537990287795,0.8158846124392987,8.798836708068848,0.09384217220494487
3,1.0,16,identity,0.003,6,8,2400,150.0,7.0,5.615317701746577,0.788457356359161,8.793290138244629,0.07552730718768942
3,1.0,16,identity,0.003,7,8,2400,150.0,7.0,4.570846768904411,0.7231779230565256,8.796939849853516,0.035171250843635114
4,0.0,16,relu,0.003,2,16,2400,150.0,14.0,6.646936364667419,1.2904335227917136,8.7963285446167,0.8915738155559143
4,0.0,16,relu,0.003,0,16,2400,150.0,12.0,6.265742068036471,1.1416088792522794,8.795913696289062,0.8798581034432124
4,0.0,16,relu,0.003,1,16,2400,150.0,10.9,6.511305233688364,1.0882065771055227,8.798445701599121,1.4060243397829992
4,0.0,16,relu,0.003,3,16,2400,150.0,13.0,6.668830441146572,1.2293019025716607,8.793779373168945,0.6732276758627462
4,0.0,16,relu,0.003,4,16,2400,150.0,13.0,6.747594102284121,1.2342246313927576,8.793960571289062,0.9222280966274956
4,0.0,16,relu,0.003,5,16,2400,150.0,13.0,7.227586432278916,1.2642241520174322,8.795055389404297,0.6022329141878964
4,0.0,16,relu,0.003,6,16,2400,150.0,12.0,4.36521187245243,1.022825742028277,8.798837661743164,1.00176788514284
4,0.0,16,identity,0.003,1,16,2400,150.0,8.0,4.5301624190360466,0.7831351511897529,8.794685363769531,0.3201839682737769
4,0.0,16,identity,0.003,0,16,2400,150.0,7.0,4.712202959008497,0.7320126849380311,8.792194366455078,0.28813783917410163
4,0.0,16,relu,0.003,7,16,2400,150.0,12.0,5.251960945696011,1.0782475591060008,8.795050621032715,0.8362025194697644
4,0.0,16,identity,0.003,2,16,2400,150.0,8.0,4.224400662292977,0.7640250413933111,8.792523384094238,0.24035272873957672
4,0.0,16,identity,0.003,3,16,2400,150.0,8.0,4.13527633651764,0.7584547710323525,8.79170036315918,0.31874507038070565
4,0.0,16,identity,0.003,4,16,2400,150.0,8.0,4.39279179000268,0.7745494868751674,8.790864944458008,0.15329353938440743
4,0.0,16,identity,0.003,5,16,2400,150.0,8.0,5.089862724873498,0.8181164203045936,8.792876243591309,0.2098860316635248
4,0.0,16,identity,0.003,6,16,2400,150.0,8.0,4.625013875092069,0.7890633671932543,8.792915344238281,0.187687940038726
4,0.0,16,identity,0.003,7,16,2400,150.0,8.0,3.479711016557161,0.7174819385348226,8.792616844177246,0.194817225291201
4,0.25,16,relu,0.003,2,16,2400,150.0,14.0,6.7792145016540895,1.2987009063533805,8.826742172241211,0.836220661114883
4,0.25,16,relu,0.003,0,16,2400,150.0,13.0,4.186189886065145,1.0741368678790715,8.82579517364502,1.2307692307692304
4,0.25,16,relu,0.003,1,16,2400,150.0,13.0,6.543575851674834,1.2214734907296771,8.827923774719238,1.230769230769231
4,0.25,16,relu,0.003,3,16,2400,150.0,14.0,7.670305807374076,1.3543941129608799,8.823948860168457,0.883172276954206
4,0.25,16,relu,0.003,4,16,2400,150.0,13.0,5.260154552168751,1.1412596595105469,8.826922416687012,1.230769230769231
4,0.25,16,relu,0.003,5,16,2400,150.0,14.0,7.331605743903923,1.333225358993995,8.825783729553223,0.6830228530100754
4,0.25,16,identity,0.003,0,16,2400,150.0,8.0,4.326372795659083,0.7703982997286927,8.822762489318848,0.057958879132221065
4,0.25,16,identity,0.003,1,16,2400,150.0,8.0,4.386339406157458,0.7741462128848411,8.82474136352539,0.2916689236699329
4,0.25,16,identity,0.003,2,16,2400,150.0,8.0,4.028285717857865,0.7517678573661166,8.82465648651123,0.14919961873143311
4,0.25,16,identity,0.003,3,16,2400,150.0,7.3,4.677000239638004,0.7485625149773752,8.82056999206543,0.09736864409041827
4,0.25,16,relu,0.003,7,16,2400,150.0,12.9,5.343961750184645,1.1402476093865404,8.828205108642578,1.2066930965352234
4,0.25,16,relu,0.003,6,16,2400,150.0,12.0,5.12713837290887,1.0704461483068044,8.828754425048828,1.3333333333333335
4,0.25,16,identity,0.003,4,16,2400,150.0,8.0,5.126186118048479,0.82038663237803,8.821911811828613,0.2845225304790879
4,0.25,16,identity,0.003,5,16,2400,150.0,8.0,4.711190304691423,0.794449394043214,8.82465648651123,0.1666228883154435
4,0.25,16,identity,0.003,6,16,2400,150.0,8.0,5.016777410140409,0.8135485881337756,8.81926155090332,0.2151900710398545
4,0.25,16,identity,0.003,7,16,2400,150.0,8.0,4.425931320265089,0.7766207075165681,8.821185111999512,0.1835596442386016
4,0.5,16,relu,0.003,0,16,2400,150.0,14.0,7.417220673277622,1.3385762920798514,8.784058570861816,0.9089225779445155
4,0.5,16,relu,0.003,2,16,2400,150.0,14.0,6.983304273438977,1.311456517089936,8.78530502319336,0.6638889743564165
4,0.5,16,relu,0.003,1,16,2400,150.0,13.0,7.617841015168117,1.2886150634480074,8.788500785827637,0.8981502281116616
4,0.5,16,relu,0.003,3,16,2400,150.0,13.0,7.176291800965522,1.2610182375603451,8.785823822021484,0.7434730155874754
4,0.5,16,relu,0.003,5,16,2400,150.0,13.3,7.308758993937881,1.2880474371211177,8.787827491760254,0.6065464095818742
4,0.5,16,relu,0.003,4,16,2400,150.0,13.0,7.392629276452088,1.2745393297782555,8.783665657043457,1.2307692307692304
4,0.5,16,identity,0.003,0,16,2400,150.0,8.0,4.260580825208109,0.7662863015755068,8.782403945922852,0.21243903972817227
4,0.5,16,relu,0.003,6,16,2400,150.0,12.8,5.648028839963739,1.1530018024977338,8.783937454223633,1.1830300494408934
4,0.5,16,relu,0.003,7,16,2400,150.0,12.0,5.528719733300868,1.0955449833313042,8.787459373474121,0.9876226121813534
4,0.5,16,identity,0.003,1,16,2400,150.0,8.0,4.833201480278509,0.8020750925174068,8.78475570678711,0.19778067078594558
4,0.5,16,identity,0.003,2,16,2400,150.0,8.0,4.5881506432704775,0.7867594152044048,8.78438949584961,0.17539870329987078
4,0.5,16,identity,0.003,3,16,2400,150.0,8.0,4.964037811994633,0.8102523632496645,8.783649444580078,0.14138489116401123
4,0.5,16,identity,0.003,5,16,2400,150.0,8.0,4.230181677672074,0.7643863548545047,8.786288261413574,0.1577659371789216
4,0.5,16,identity,0.003,4,16,2400,150.0,8.0,4.658494876170611,0.7911559297606632,8.780269622802734,0.1655827674613632
4,0.5,16,identity,0.003,7,16,2400,150.0,8.0,4.455601990991107,0.7784751244369441,8.784404754638672,0.1867986460539063
4,0.5,16,identity,0.003,6,16,2400,150.0,8.0,4.49613051849563,0.7810081574059768,8.780001640319824,0.10322081015400826
4,0.75,16,relu,0.003,0,16,2400,150.0,13.0,7.657834016962291,1.2911146260601432,8.774458885192871,1.2307692307692304
4,0.75,16,relu,0.003,1,16,2400,150.0,13.0,6.567866649810182,1.2229916656131363,8.780050277709961,0.9509126748838816
4,0.75,16,relu,0.003,2,16,2400,150.0,14.0,7.452726866125733,1.3407954291328583,8.775339126586914,0.8383661814851406
4,0.75,16,relu,0.003,3,16,2400,150.0,13.0,8.496873875891554,1.343554617243222,8.777726173400879,0.6019802213959805
4,0.75,16,relu,0.003,5,16,2400,150.0,14.0,8.027389673640092,1.376711854602506,8.77420711517334,0.6167826322628424
4,0.75,16,relu,0.003,4,16,2400,150.0,14.0,6.712758507653209,1.2945474067283256,8.77215576171875,1.1428571428571428
4,0.75,16,identity,0.003,0,16,2400,150.0,8.0,4.573597582140144,0.785849848883759,8.771546363830566,0.13183670736666098
4,0.75,16,identity,0.003,2,16,2400,150.0,8.0,4.911287295576845,0.8069554559735528,8.774038314819336,0.15895457049024925
4,0.75,16,identity,0.003,1,16,2400,150.0,8.0,4.58563163699028,0.7866019773118925,8.775779724121094,0.18547267232063724
4,0.75,16,relu,0.003,6,16,2400,150.0,13.0,5.8842275473777095,1.1802642217111068,8.77518367767334,0.8926591234619996
4,0.75,16,relu,0.003,7,16,2400,150.0,13.0,6.555644297953168,1.222227768622073,8.778349876403809,1.2307692307692308
4,0.75,16,identity,0.003,3,16,2400,150.0,8.0,4.061011803025645,0.7538132376891028,8.77318000793457,0.11104280770710313
4,0.75,16,identity,0.003,5,16,2400,150.0,8.0,5.17274286512821,0.8232964290705131,8.774706840515137,0.0834667106099225
4,0.75,16,identity,0.003,4,16,2400,150.0,8.0,4.879722980250046,0.8049826862656279,8.770564079284668,0.1304281480619192
4,0.75,16,identity,0.003,6,16,2400,150.0,8.0,4.910548691321492,0.8069092932075932,8.773012161254883,0.11304204794206538
4,0.75,16,identity,0.003,7,16,2400,150.0,8.0,5.065507260610785,0.816594203788174,8.773324012756348,0.06186347490495105
4,1.0,16,relu,0.003,0,16,2400,150.0,13.0,6.476695403621634,1.217293462726352,8.801559448242188,1.2307692307692308
4,1.0,16,relu,0.003,1,16,2400,150.0,14.0,6.331383420837919,1.27071146380237,8.804742813110352,1.1428373240186809
4,1.0,16,relu,0.003,2,16,2400,150.0,14.0,7.975922783700929,1.3734951739813082,8.801190376281738,0.7750408023737642
4,1.0,16,relu,0.003,3,16,2400,150.0,13.0,6.987193905962301,1.2491996191226438,8.801228523254395,0.7757811034942297
4,1.0,16,relu,0.003,5,16,2400,150.0,15.0,7.125898069399642,1.3828686293374777,8.801131248474121,1.0666666666666664
4,1.0,16,identity,0.003,0,16,2400,150.0,8.0,4.301953210757496,0.7688720756723435,8.800541877746582,0.15529616197988233
4,1.0,16,relu,0.003,4,16,2400,150.0,13.0,6.374278874722222,1.2108924296701389,8.798905372619629,0.9002728350196346
4,1.0,16,relu,0.003,6,16,2400,150.0,13.0,6.027148164761963,1.1891967602976226,8.802173614501953,1.2307692307692306
4,1.0,16,relu,0.003,7,16,2400,150.0,13.0,6.461846421087205,1.2163654013179503,8.801766395568848,0.848482754033526
4,1.0,16,identity,0.003,1,16,2400,150.0,7.3,5.298172194267384,0.7873857621417115,8.802339553833008,0.2190301972409341
4,1.0,16,identity,0.003,2,16,2400,150.0,8.0,4.27667692869626,0.7672923080435162,8.800365447998047,0.13670686841363433
4,1.0,16,identity,0.003,3,16,2400,150.0,8.0,4.881525646029964,0.8050953528768727,8.801142692565918,0.1720240288076737
4,1.0,16,identity,0.003,4,16,2400,150.0,8.0,4.676148636039939,0.7922592897524963,8.79603385925293,0.10602549371726763
4,1.0,16,identity,0.003,5,16,2400,150.0,8.0,4.9284415081039326,0.8080275942564958,8.799553871154785,0.09958549564510497
4,1.0,16,identity,0.003,6,16,2400,150.0,8.0,4.638686176019841,0.7899178860012401,8.79722785949707,0.13643143455195478
4,1.0,16,identity,0.003,7,16,2400,150.0,8.0,5.042471074907041,0.8151544421816901,8.800036430358887,0.15725859028853204
2,0.0,32,relu,0.003,0,4,4800,150.0,3.0,17.7359777110094,0.6479993034690438,8.780823707580566,0.04148418149250364
2,0.0,32,relu,0.003,1,4,4800,150.0,3.0,16.74797295833085,0.617124154947839,8.783244132995605,0.039513282989573656
2,0.0,32,relu,0.003,3,4,4800,150.0,3.0,16.60893693373706,0.6127792791792831,8.7815580368042,0.028222350733683836
2,0.0,32,relu,0.003,6,4,4800,150.0,3.0,17.31834480724943,0.6349482752265447,8.780206680297852,0.03747012865165142
2,0.0,32,relu,0.003,5,4,4800,150.0,3.0,16.708225288264078,0.6158820402582524,8.781468391418457,0.02466554080744624
2,0.0,32,relu,0.003,4,4,4800,150.0,3.0,16.365903385078642,0.6051844807837076,8.781615257263184,0.02557759893217622
2,0.0,32,identity,0.003,0,4,4800,150.0,3.0,15.152936360403581,0.5672792612626119,8.774357795715332,5.003942757896606e-06
2,0.0,32,identity,0.003,1,4,4800,150.0,3.0,15.358991585009287,0.5737184870315402,8.777155876159668,2.1117394562229836e-06
2,0.0,32,relu,0.003,2,4,4800,150.0,3.0,15.589623394661578,0.5809257310831744,8.782325744628906,0.027854424807060595
2,0.0,32,identity,0.003,2,4,4800,150.0,3.0,15.236763413920928,0.5698988566850289,8.776145935058594,6.363518703892262e-06
2,0.0,32,relu,0.003,7,4,4800,150.0,3.0,15.668402601768811,0.5833875813052753,8.782373428344727,0.05888720147272312
2,0.0,32,identity,0.003,3,4,4800,150.0,3.0,15.198357952805733,0.5686986860251791,8.776155471801758,2.034744205154123e-06
2,0.0,32,identity,0.003,4,4,4800,150.0,3.0,15.298309793600174,0.5718221810500055,8.7752685546875,1.9336221390643473e-06
2,0.0,32,identity,0.003,5,4,4800,150.0,3.0,15.384692920560084,0.5745216537675026,8.775415420532227,1.1197150952976957e-06
2,0.0,32,identity,0.003,6,4,4800,150.0,3.0,15.238697965353989,0.5699593114173122,8.775385856628418,7.354955358390553e-06
2,0.0,32,identity,0.003,7,4,4800,150.0,3.0,14.990561675788872,0.5622050523684022,8.7750883102417,2.301039269193957e-06
2,0.25,32,relu,0.003,0,4,4800,150.0,3.0,17.357617824700565,0.6361755570218927,8.787304878234863,0.021641738681576064
2,0.25,32,relu,0.003,6,4,4800,150.0,3.0,17.423914596601083,0.6382473311437838,8.790184020996094,0.00988523110158187
2,0.25,32,relu,0.003,1,4,4800,150.0,3.0,16.912446290412195,0.6222639465753811,8.792247772216797,0.019005206745060226
2,0.25,32,relu,0.003,2,4,4800,150.0,3.0,15.757788518012719,0.5861808911878974,8.786681175231934,0.016967263702697855
2,0.25,32,identity,0.003,0,4,4800,150.0,3.0,15.490137970607277,0.5778168115814775,8.77950668334961,2.2105602835364185e-07
2,0.25,32,identity,0.003,1,4,4800,150.0,3.0,15.432560861902415,0.5760175269344505,8.785052299499512,1.5684444527353857e-07
2,0.25,32,relu,0.003,5,4,4800,150.0,3.0,16.499606217402587,0.6093626942938308,8.790109634399414,0.014624661162440425
2,0.25,32,relu,0.003,4,4,4800,150.0,3.0,16.17097896638281,0.5990930926994628,8.791479110717773,0.009746838571237851
2,0.25,32,relu,0.003,3,4,4800,150.0,3.0,15.711198569945127,0.5847249553107852,8.78740119934082,0.01671408518421168
2,0.25,32,identity,0.003,2,4,4800,150.0,3.0,15.267857292946472,0.5708705404045773,8.779119491577148,1.823660036595146e-07
2,0.25,32,identity,0.003,3,4,4800,150.0,3.0,15.123131204679487,0.566347850146234,8.780108451843262,2.6340210105931527e-07
2,0.25,32,identity,0.003,4,4,4800,150.0,3.0,15.445715222213225,0.5764286006941632,8.784032821655273,2.9199583417616856e-07
2,0.25,32,relu,0.003,7,4,4800,150.0,3.0,15.139898429692666,0.5668718259278958,8.789387702941895,0.03008931414054068
2,0.25,32,identity,0.003,5,4,4800,150.0,3.0,15.29664231372024,0.5717700723037575,8.783502578735352,1.6055506491335186e-07
2,0.25,32,identity,0.003,6,4,4800,150.0,3.0,15.212853040469957,0.5691516575146862,8.784439086914062,3.2995799534584223e-07
2,0.25,32,identity,0.003,7,4,4800,150.0,3.0,15.275343000977422,0.5711044687805444,8.780922889709473,2.418879884802796e-07
2,0.5,32,relu,0.003,0,4,4800,150.0,3.0,17.730482760980912,0.6478275862806535,8.780755043029785,0.014971248781288906
2,0.5,32,relu,0.003,1,4,4800,150.0,3.0,17.681096431495664,0.6462842634842395,8.782329559326172,0.012689614603037542
2,0.5,32,relu,0.003,3,4,4800,150.0,3.0,15.902224100006876,0.5906945031252149,8.780516624450684,0.01106874741833381
2,0.5,32,relu,0.003,5,4,4800,150.0,3.0,17.293113114202715,0.6341597848188348,8.78254222869873,0.0111071711546473
2,0.5,32,relu,0.003,6,4,4800,150.0,3.0,17.138708256144,0.6293346330045,8.783223152160645,0.011393865237212294
2,0.5,32,relu,0.003,2,4,4800,150.0,3.0,15.62353869211852,0.5819855841287038,8.780826568603516,0.013302859939462734
2,0.5,32,identity,0.003,0,4,4800,150.0,3.0,15.228591312043143,0.5696434785013482,8.772997856140137,2.723848513551404e-07
2,0.5,32,identity,0.003,1,4,4800,150.0,3.0,15.169783231168388,0.5678057259740121,8.774481773376465,2.4766670940202483e-07
2,0.5,32,relu,0.003,7,4,4800,150.0,3.0,16.257150169206223,0.6017859427876945,8.780593872070312,0.011024414127018763
2,0.5,32,relu,0.003,4,4,4800,150.0,3.0,15.779685061351902,0.5868651581672469,8.786979675292969,0.011959599920971198
2,0.5,32,identity,0.003,2,4,4800,150.0,3.0,14.914551473950015,0.5598297335609379,8.772850036621094,3.3785993446286e-07
2,0.5,32,identity,0.003,3,4,4800,150.0,3.0,14.83375603131596,0.5573048759786238,8.773112297058105,2.370475501009374e-07
2,0.5,32,identity,0.003,4,4,4800,150.0,3.0,15.454076571868962,0.576689892870905,8.778388977050781,2.275800575253691e-07
2,0.5,32,identity,0.003,5,4,4800,150.0,3.0,15.114638539235182,0.5660824543510994,8.775667190551758,2.3386257622885097e-07
2,0.5,32,identity,0.003,6,4,4800,150.0,3.0,15.304841771088777,0.5720263053465242,8.77598762512207,2.597532834619082e-07
2,0.5,32,identity,0.003,7,4,4800,150.0,3.0,15.184881011108901,0.5682775315971531,8.772920608520508,3.831943807104994e-07
2,0.75,32,relu,0.003,0,4,4800,150.0,3.0,17.698607426667827,0.6468314820833696,8.770845413208008,0.009941832835340541
2,0.75,32,relu,0.003,1,4,4800,150.0,3.0,15.591854575149284,0.5809954554734151,8.77808952331543,0.010562476302670607
2,0.75,32,relu,0.003,5,4,4800,150.0,3.0,17.282292290362335,0.633821634073823,8.775931358337402,0.009155630579068067
2,0.75,32,relu,0.003,6,4,4800,150.0,3.0,16.344963237650756,0.6045301011765861,8.777085304260254,0.008278058292255528
2,0.75,32,identity,0.003,0,4,4800,150.0,3.0,15.469997807022759,0.5771874314694612,8.76372241973877,2.2202306327343755e-07
2,0.75,32,relu,0.003,4,4,4800,150.0,3.0,15.679829440377057,0.583744670011783,8.775718688964844,0.013730532987789876
2,0.75,32,relu,0.003,3,4,4800,150.0,3.0,16.40212207595931,0.6063163148737284,8.776396751403809,0.010350348340425062
2,0.75,32,relu,0.003,2,4,4800,150.0,3.0,14.878146649021588,0.5586920827819246,8.774760246276855,0.011983797175878094
2,0.75,32,identity,0.003,1,4,4800,150.0,3.0,15.379976827905303,0.5743742758720407,8.769021034240723,1.8144208372687825e-07
2,0.75,32,identity,0.003,3,4,4800,150.0,3.0,15.517617685983009,0.578675552686969,8.768038749694824,2.5670222944889083e-07
2,0.75,32,identity,0.003,2,4,4800,150.0,3.0,15.30587969147529,0.5720587403586028,8.765523910522461,2.6585582398519044e-07
2,0.75,32,relu,0.003,7,4,4800,150.0,3.0,16.71020871689855,0.6159440224030797,8.775616645812988,0.010795975077147957
2,0.75,32,identity,0.003,4,4,4800,150.0,3.0,15.299639290574147,0.5718637278304421,8.766084671020508,1.8087226456805241e-07
2,0.75,32,identity,0.003,5,4,4800,150.0,3.0,15.601912281532304,0.5813097587978845,8.766850471496582,1.4618014702378914e-07
2,0.75,32,identity,0.003,6,4,4800,150.0,3.0,15.39629941602035,0.5748843567506359,8.768131256103516,3.6421265374803914e-07
2,0.75,32,identity,0.003,7,4,4800,150.0,3.0,15.403441329419422,0.575107541544357,8.76663589477539,2.3606242015872905e-07
2,1.0,32,relu,0.003,0,4,4800,150.0,3.0,17.369642628352203,0.6365513321360063,8.779834747314453,0.0077387461355657595
2,1.0,32,relu,0.003,2,4,4800,150.0,3.0,17.17447372673439,0.6304523039604497,8.781404495239258,0.006858188049368268
2,1.0,32,relu,0.003,1,4,4800,150.0,3.0,16.429461649407497,0.6071706765439843,8.784029006958008,0.012439882321313094
2,1.0,32,relu,0.003,5,4,4800,150.0,3.0,18.35547970192172,0.6673587406850537,8.781087875366211,0.008612273328990493
2,1.0,32,relu,0.003,6,4,4800,150.0,3.0,17.151982962209683,0.6297494675690526,8.781801223754883,0.007442904851526938
2,1.0,32,relu,0.003,4,4,4800,150.0,3.0,16.419485041419932,0.6068589075443729,8.782652854919434,0.00895395556306104
2,1.0,32,relu,0.003,3,4,4800,150.0,3.0,16.06826971252358,0.5958834285163619,8.784544944763184,0.008090137254040423
2,1.0,32,relu,0.003,7,4,4800,150.0,3.0,16.344949279509816,0.6045296649846817,8.78193473815918,0.009721454602251097
2,1.0,32,identity,0.003,1,4,4800,150.0,3.0,15.349560336313985,0.573423760509812,8.774784088134766,2.0150510926922445e-07
2,1.0,32,identity,0.003,0,4,4800,150.0,3.0,15.415503598304754,0.5754844874470235,8.770020484924316,2.880822875977092e-07
2,1.0,32,identity,0.003,2,4,4800,150.0,3.0,15.319889297818355,0.5724965405568236,8.77352523803711,2.967745023929348e-07
2,1.0,32,identity,0.003,3,4,4800,150.0,3.0,15.533136324835159,0.5791605101510987,8.774640083312988,2.5320623613741567e-07
2,1.0,32,identity,0.003,4,4,4800,150.0,3.0,15.524129082562682,0.5788790338300838,8.772576332092285,2.6655099776149054e-07
2,1.0,32,identity,0.003,5,4,4800,150.0,3.0,15.345296328047105,0.573290510251472,8.772404670715332,2.7808451389577416e-07
2,1.0,32,identity,0.003,6,4,4800,150.0,3.0,15.459876166737992,0.5768711302105622,8.772676467895508,2.7253612674327417e-07
2,1.0,32,identity,0.003,7,4,4800,150.0,3.0,15.4867586441572,0.5777112076299125,8.771842956542969,1.7735229784128147e-07
3,0.0,32,relu,0.003,1,8,4800,150.0,7.0,16.306697489950068,0.7283342965609396,8.78780460357666,0.1408079955116816
3,0.0,32,relu,0.003,3,8,4800,150.0,7.0,17.01793065407048,0.7505603329397025,8.786152839660645,0.20293339309652772
3,0.0,32,relu,0.003,4,8,4800,150.0,7.0,16.298040937033647,0.7280637792823015,8.785626411437988,0.17167209423011787
3,0.0,32,relu,0.003,2,8,4800,150.0,7.0,15.54132672009087,0.7044164600028398,8.78614616394043,0.18914690053325972
3,0.0,32,relu,0.003,5,8,4800,150.0,7.0,15.72639615863178,0.7101998799572431,8.786752700805664,0.19629178194470592
3,0.0,32,relu,0.003,6,8,4800,150.0,7.0,15.789406591186433,0.7121689559745761,8.785059928894043,0.1822113542859059
3,0.0,32,identity,0.003,0,8,4800,150.0,7.0,14.305143643839687,0.6657857388699902,8.780965805053711,0.00017547984346196255
3,0.0,32,relu,0.003,0,8,4800,150.0,7.0,13.421016341624563,0.6381567606757677,8.786768913269043,0.25575322095975117
3,0.0,32,identity,0.003,1,8,4800,150.0,7.0,14.49924209402869,0.6718513154383965,8.783785820007324,0.0033937531114195535
3,0.0,32,relu,0.003,7,8,4800,150.0,7.0,14.818517595345897,0.6818286748545592,8.786947250366211,0.31481709586260903
3,0.0,32,identity,0.003,2,8,4800,150.0,7.0,14.417765016742054,0.6693051567731891,8.782424926757812,0.0036109560785158755
3,0.0,32,identity,0.003,3,8,4800,150.0,7.0,14.260555001594396,0.6643923437998249,8.78229808807373,0.00012006311644087611
3,0.0,32,identity,0.003,4,8,4800,150.0,7.0,14.371193784110773,0.6678498057534616,8.78164291381836,0.0015994951467301296
3,0.0,32,identity,0.003,5,8,4800,150.0,7.0,14.604817958070818,0.6751505611897131,8.7816162109375,0.002241163643559176
3,0.0,32,identity,0.003,6,8,4800,150.0,7.0,14.741129628864535,0.6794103009020167,8.780355453491211,0.0026086255100067277
3,0.0,32,identity,0.003,7,8,4800,150.0,7.0,14.86927803584941,0.6834149386202941,8.781758308410645,0.005488528604257373
3,0.25,32,relu,0.003,1,8,4800,150.0,7.0,16.035559223791545,0.7198612257434858,8.789015769958496,0.09313572678903621
3,0.25,32,relu,0.003,3,8,4800,150.0,7.0,16.857214338217737,0.7455379480693043,8.788484573364258,0.1212658009183416
3,0.25,32,relu,0.003,4,8,4800,150.0,7.0,16.398613261014717,0.7312066644067099,8.788656234741211,0.1257422035320986
3,0.25,32,relu,0.003,2,8,4800,150.0,7.0,14.535944403319366,0.6729982626037302,8.787314414978027,0.189957778316055
3,0.25,32,relu,0.003,5,8,4800,150.0,7.0,16.6284009672382,0.7383875302261937,8.786432266235352,0.1701850578750541
3,0.25,32,relu,0.003,0,8,4800,150.0,7.0,13.409265074493188,0.6377895335779121,8.786376953125,0.11772694867552538
3,0.25,32,relu,0.003,6,8,4800,150.0,7.0,15.160820332270019,0.6925256353834381,8.785911560058594,0.08608971152736168
3,0.25,32,relu,0.003,7,8,4800,150.0,7.0,14.50434557715088,0.672010799285965,8.787311553955078,0.19207338414428998
3,0.25,32,identity,0.003,0,8,4800,150.0,7.0,13.9585806765855,0.6549556461432968,8.779511451721191,0.0001669824902767189
3,0.25,32,identity,0.003,1,8,4800,150.0,7.0,14.215759745144544,0.662992492035767,8.78397274017334,3.816152462626703e-05
3,0.25,32,identity,0.003,2,8,4800,150.0,7.0,14.280040478920572,0.6650012649662679,8.781959533691406,0.0007747225874100633
3,0.25,32,identity,0.003,3,8,4800,150.0,7.0,14.267100933762515,0.6645969041800786,8.783419609069824,0.0003912825845874603
3,0.25,32,identity,0.003,4,8,4800,150.0,7.0,13.899950462148983,0.6531234519421557,8.783161163330078,5.11465547308971e-05
3,0.25,32,identity,0.003,5,8,4800,150.0,7.0,14.327526657249342,0.666485208039042,8.781346321105957,0.00035362896145895936
3,0.25,32,identity,0.003,6,8,4800,150.0,7.0,14.429752654954223,0.6696797704673194,8.78128719329834,2.4866002145975206e-05
3,0.25,32,identity,0.003,7,8,4800,150.0,7.0,14.464946581377962,0.6707795806680613,8.78105354309082,0.0008397389668461794
3,0.5,32,relu,0.003,1,8,4800,150.0,7.0,16.8308804117775,0.7447150128680469,8.78950023651123,0.06375502061203694
3,0.5,32,relu,0.003,2,8,4800,150.0,7.0,14.927010821811361,0.685219088181605,8.785669326782227,0.08572762782855178
3,0.5,32,relu,0.003,3,8,4800,150.0,7.0,15.834648112319407,0.7135827535099815,8.786502838134766,0.0609088325752082
3,0.5,32,relu,0.003,0,8,4800,150.0,7.0,13.186239227090624,0.630819975846582,8.788680076599121,0.132369826904354
3,0.5,32,relu,0.003,5,8,4800,150.0,7.0,16.87100049190284,0.7459687653719638,8.7877836227417,0.09743766698483494
3,0.5,32,relu,0.003,6,8,4800,150.0,7.0,15.83398947615276,0.7135621711297737,8.786956787109375,0.061461779865258595
3,0.5,32,relu,0.003,4,8,4800,150.0,7.0,16.501399824162355,0.7344187445050736,8.790918350219727,0.07666470733878482
3,0.5,32,relu,0.003,7,8,4800,150.0,7.0,15.613019791881694,0.7066568684963029,8.786048889160156,0.10121449807043377
3,0.5,32,identity,0.003,0,8,4800,150.0,7.0,13.746091476256183,0.6483153586330057,8.780620574951172,0.0006280880020101433
3,0.5,32,identity,0.003,1,8,4800,150.0,7.0,13.657878781831329,0.645558711932229,8.783745765686035,0.00043505201701285435
3,0.5,32,identity,0.003,2,8,4800,150.0,7.0,13.65776368967166,0.6455551153022394,8.778953552246094,0.005910738989620931
3,0.5,32,identity,0.003,3,8,4800,150.0,7.0,14.374575498719972,0.6679554843349991,8.779058456420898,0.000869559379162284
3,0.5,32,identity,0.003,4,8,4800,150.0,7.0,14.423601129370196,0.6694875352928187,8.783074378967285,0.000777625139357351
3,0.5,32,identity,0.003,5,8,4800,150.0,7.0,14.068225544717095,0.6583820482724092,8.781606674194336,0.00019028476661234428
3,0.5,32,identity,0.003,6,8,4800,150.0,7.0,13.71824551075302,0.6474451722110319,8.78217887878418,0.00015304315463780577
3,0.5,32,identity,0.003,7,8,4800,150.0,7.0,14.167948770088593,0.6614983990652685,8.780338287353516,0.00025976645202805743
3,0.75,32,relu,0.003,1,8,4800,150.0,7.0,16.505053843352147,0.7345329326047546,8.786837577819824,0.06220770746283912
3,0.75,32,relu,0.003,2,8,4800,150.0,7.0,13.690030004032577,0.6465634376260181,8.785867691040039,0.0628834555654335
3,0.75,32,relu,0.003,0,8,4800,150.0,7.0,13.013123531211352,0.6254101103503548,8.788268089294434,0.08490502146998899
3,0.75,32,relu,0.003,4,8,4800,150.0,7.0,16.613132953894524,0.7379104048092039,8.786229133605957,0.05292918710928122
3,0.75,32,relu,0.003,3,8,4800,150.0,7.0,16.42221685586906,0.7319442767459081,8.784010887145996,0.034221161070460436
3,0.75,32,relu,0.003,5,8,4800,150.0,7.0,15.326729724802508,0.6977103039000784,8.789487838745117,0.06603928987796227
3,0.75,32,relu,0.003,6,8,4800,150.0,7.0,15.412468283977232,0.7003896338742885,8.785873413085938,0.05236302694927245
3,0.75,32,relu,0.003,7,8,4800,150.0,7.0,14.463479359251627,0.6707337299766134,8.786090850830078,0.04695659460725936
3,0.75,32,identity,0.003,0,8,4800,150.0,7.0,14.388287383449503,0.6683839807327969,8.779040336608887,0.00029439157896219304
3,0.75,32,identity,0.003,2,8,4800,150.0,7.0,13.742303730394875,0.6481969915748398,8.778966903686523,0.0002921880577801115
3,0.75,32,identity,0.003,1,8,4800,150.0,7.0,14.042255633161139,0.6575704885362856,8.781792640686035,0.0005737451037754601
3,0.75,32,identity,0.003,3,8,4800,150.0,7.0,14.220234095852081,0.6631323154953775,8.77772331237793,0.0018367409719969373
3,0.75,32,identity,0.003,4,8,4800,150.0,7.0,14.422606879868905,0.6694564649959033,8.77940845489502,0.0008394437812644332
3,0.75,32,identity,0.003,5,8,4800,150.0,7.0,14.010941367151736,0.6565919177234918,8.782562255859375,0.0006487973539305063
3,0.75,32,identity,0.003,6,8,4800,150.0,7.0,14.184775971995057,0.6620242491248456,8.779581069946289,0.0003421647248424853
3,0.75,32,identity,0.003,7,8,4800,150.0,7.0,13.658335166718915,0.645572973959966,8.779985427856445,0.00832921360235661
3,1.0,32,relu,0.003,1,8,4800,150.0,7.0,14.638926152268633,0.6762164422583947,8.788721084594727,0.030502220548687082
3,1.0,32,relu,0.003,2,8,4800,150.0,7.0,15.330388538301769,0.6978246418219303,8.78780460357666,0.049067507090653016
3,1.0,32,relu,0.003,3,8,4800,150.0,7.0,17.186886131607867,0.7558401916127458,8.788625717163086,0.04187107790655318
3,1.0,32,relu,0.003,4,8,4800,150.0,7.0,15.76538171618446,0.7114181786307644,8.786261558532715,0.03787666431083413
3,1.0,32,relu,0.003,0,8,4800,150.0,7.0,14.11759916278023,0.6599249738368822,8.787062644958496,0.03308888266250968
3,1.0,32,relu,0.003,5,8,4800,150.0,7.0,14.661527441451923,0.6769227325453726,8.787042617797852,0.045893184219855575
3,1.0,32,relu,0.003,6,8,4800,150.0,7.0,14.6679581373669,0.6771236917927157,8.78815746307373,0.02666648769788449
3,1.0,32,relu,0.003,7,8,4800,150.0,7.0,15.639677690947055,0.7074899278420954,8.786664962768555,0.04003704211550636
3,1.0,32,identity,0.003,0,8,4800,150.0,7.0,14.108696723335997,0.6596467726042499,8.778044700622559,0.0001875670752019619
3,1.0,32,identity,0.003,1,8,4800,150.0,7.0,13.967336383701092,0.6552292619906591,8.781998634338379,0.0016823754774792949
3,1.0,32,identity,0.003,2,8,4800,150.0,7.0,14.561170574314122,0.6737865804473163,8.779562950134277,0.0010589737119816136
3,1.0,32,identity,0.003,3,8,4800,150.0,7.0,13.933707650067111,0.6541783640645973,8.781126976013184,0.00044243979325114726
3,1.0,32,identity,0.003,4,8,4800,150.0,7.0,14.229031970075155,0.6634072490648486,8.779685974121094,0.0006967246490034234
3,1.0,32,identity,0.003,5,8,4800,150.0,7.0,14.15977883557918,0.6612430886118494,8.778997421264648,0.0012614201169275218
3,1.0,32,identity,0.003,6,8,4800,150.0,7.0,14.222875269136313,0.6632148521605098,8.780089378356934,0.00039469238822894035
4,0.0,32,relu,0.003,0,16,4800,150.0,15.0,14.788164870431741,0.930880152200992,8.787577629089355,0.46425803030058627
3,1.0,32,identity,0.003,7,8,4800,150.0,7.0,14.421190475977275,0.6694122023742899,8.778651237487793,0.0007794649329248891
4,0.0,32,relu,0.003,2,16,4800,150.0,15.0,14.049633828285133,0.9078010571339103,8.788936614990234,0.48281598030278
4,0.0,32,relu,0.003,1,16,4800,150.0,15.0,12.90746053044377,0.8721081415763678,8.790071487426758,0.4500942443601783
4,0.0,32,relu,0.003,3,16,4800,150.0,15.0,15.63652845470323,0.957391514209476,8.788165092468262,0.46789311568100533
4,0.0,32,relu,0.003,4,16,4800,150.0,15.0,13.415870608920706,0.8879959565287721,8.788928031921387,0.5868816549808592
4,0.0,32,relu,0.003,5,16,4800,150.0,15.0,13.114756116082079,0.8785861286275649,8.789484024047852,0.513390590754897
4,0.0,32,relu,0.003,6,16,4800,150.0,15.0,13.99449980987839,0.9060781190586997,8.787605285644531,0.5240093709282878
4,0.0,32,relu,0.003,7,16,4800,150.0,15.0,12.591419045290294,0.8622318451653217,8.787334442138672,0.4769418552533701
4,0.0,32,identity,0.003,0,16,4800,150.0,13.0,12.556349705109206,0.7986359282846627,8.784812927246094,0.03259499190325691
4,0.0,32,identity,0.003,1,16,4800,150.0,14.0,13.195836215279105,0.849869881727472,8.786757469177246,0.03717070134835602
4,0.0,32,identity,0.003,2,16,4800,150.0,14.7,12.658557098077665,0.854954909314927,8.7864408493042,0.08373441812369894
4,0.0,32,identity,0.003,3,16,4800,150.0,13.0,12.68009084676576,0.8025028389614299,8.786242485046387,0.08172379818360802
4,0.0,32,identity,0.003,4,16,4800,150.0,14.0,13.290034027990638,0.8528135633747074,8.784064292907715,0.08111303607568052
4,0.0,32,identity,0.003,5,16,4800,150.0,14.0,12.75011515527482,0.8359410986023381,8.787030220031738,0.03230207243900416
4,0.0,32,identity,0.003,7,16,4800,150.0,14.0,13.695891135622281,0.8654965979881963,8.783868789672852,0.021584264808381607
4,0.0,32,identity,0.003,6,16,4800,150.0,13.4,13.006133451974097,0.8251916703741906,8.785284996032715,0.04067772706828015
4,0.25,32,relu,0.003,0,16,4800,150.0,15.0,14.324412478986838,0.9163878899683386,8.81525993347168,0.37741348159463695
4,0.25,32,relu,0.003,1,16,4800,150.0,15.0,14.0442306032957,0.9076322063529907,8.815424919128418,0.4069596686203461
4,0.25,32,relu,0.003,2,16,4800,150.0,15.0,14.569413714176434,0.9240441785680136,8.814229011535645,0.4362755153283797
4,0.25,32,relu,0.003,3,16,4800,150.0,15.0,14.708680736093395,0.9283962730029186,8.815978050231934,0.40748722489258443
4,0.25,32,relu,0.003,4,16,4800,150.0,15.0,14.30187765376884,0.9156836766802763,8.821714401245117,0.5830965584055021
4,0.25,32,relu,0.003,5,16,4800,150.0,15.0,13.244180453549136,0.8826306391734104,8.817299842834473,0.4791755969132539
4,0.25,32,relu,0.003,6,16,4800,150.0,15.0,13.89263534263953,0.9028948544574853,8.817322731018066,0.39885400591935505
4,0.25,32,relu,0.003,7,16,4800,150.0,15.0,12.99600896610649,0.8748752801908278,8.816632270812988,0.45091335013246037
4,0.25,32,identity,0.003,0,16,4800,150.0,14.0,12.14250096452448,0.81695315514139,8.812480926513672,0.05205197399112995
4,0.25,32,identity,0.003,1,16,4800,150.0,14.0,13.125040114993224,0.8476575035935383,8.813276290893555,0.012351239631867243
4,0.25,32,identity,0.003,2,16,4800,150.0,14.0,12.714789642889263,0.8348371763402895,8.810745239257812,0.05987185952470486
4,0.25,32,identity,0.003,3,16,4800,150.0,14.0,13.49591950169863,0.8592474844280822,8.812756538391113,0.04281942067193619
4,0.25,32,identity,0.003,4,16,4800,150.0,13.0,13.602158917068834,0.8313174661584011,8.816500663757324,0.014393885121129688
4,0.25,32,identity,0.003,6,16,4800,150.0,13.5,12.763600604586085,0.8207375188933151,8.814388275146484,0.05039715463007845
4,0.25,32,identity,0.003,5,16,4800,150.0,14.0,12.847665963283038,0.838989561352595,8.813282012939453,0.07111334328145828
4,0.5,32,relu,0.003,0,16,4800,150.0,15.0,15.675027178279613,0.9585945993212379,8.775655746459961,0.3586006638201049
4,0.5,32,relu,0.003,2,16,4800,150.0,15.0,13.361586517678209,0.886299578677444,8.775113105773926,0.36337314780756647
4,0.25,32,identity,0.003,7,16,4800,150.0,13.2,13.351429977108568,0.8297321867846428,8.812918663024902,0.05008842239080037
4,0.5,32,relu,0.003,1,16,4800,150.0,15.0,12.939572873239118,0.8731116522887225,8.778912544250488,0.35814483944782666
4,0.5,32,relu,0.003,3,16,4800,150.0,15.0,14.478071958048384,0.9211897486890119,8.776410102844238,0.3161860718779156
4,0.5,32,relu,0.003,4,16,4800,150.0,15.0,12.736373417145142,0.8667616692857857,8.779545783996582,0.42172639868520223
4,0.5,32,relu,0.003,5,16,4800,150.0,15.0,12.95545922134075,0.8736081006668984,8.779775619506836,0.408170925126059
4,0.5,32,relu,0.003,6,16,4800,150.0,15.0,14.31924450950378,0.9162263909219932,8.777771949768066,0.4018134660991513
4,0.5,32,relu,0.003,7,16,4800,150.0,15.0,12.85676475156246,0.8705238984863268,8.774554252624512,0.3522314282223934
4,0.5,32,identity,0.003,0,16,4800,150.0,14.0,12.950597066635504,0.8422061583323595,8.7719087600708,0.04156804190465699
4,0.5,32,identity,0.003,1,16,4800,150.0,14.0,12.80574424898745,0.8376795077808579,8.776046752929688,0.043059299923692625
4,0.5,32,identity,0.003,2,16,4800,150.0,14.0,12.3859414132301,0.8245606691634406,8.771134376525879,0.04555191626178291
4,0.5,32,identity,0.003,3,16,4800,150.0,14.0,12.679679005873421,0.8337399689335444,8.772501945495605,0.04617695300550491
4,0.5,32,identity,0.003,4,16,4800,150.0,14.0,12.76971894844426,0.836553717138883,8.775880813598633,0.051807684136473776
4,0.5,32,identity,0.003,5,16,4800,150.0,13.0,13.305612366168019,0.8220503864427506,8.775680541992188,0.03328490233972585
4,0.5,32,identity,0.003,6,16,4800,150.0,14.0,13.241576011891949,0.8512992503716235,8.77371883392334,0.04832479791590488
4,0.5,32,identity,0.003,7,16,4800,150.0,14.0,12.562050208913606,0.8300640690285501,8.771997451782227,0.09015342808476944
4,0.75,32,relu,0.003,0,16,4800,150.0,15.0,16.474184470760466,0.9835682647112646,8.76328182220459,0.33644874645281453
4,0.75,32,relu,0.003,1,16,4800,150.0,15.0,13.526363039054768,0.8914488449704615,8.766053199768066,0.25739994873826466
4,0.75,32,relu,0.003,2,16,4800,150.0,15.0,15.335481888531897,0.9479838090166217,8.764031410217285,0.37916509053214986
4,0.75,32,relu,0.003,3,16,4800,150.0,15.0,14.32195066256697,0.9163109582052178,8.761947631835938,0.2479300681719086
4,0.75,32,relu,0.003,4,16,4800,150.0,15.0,13.625069491243849,0.8945334216013703,8.768321990966797,0.41793056596992856
4,0.75,32,relu,0.003,5,16,4800,150.0,15.0,13.945177611489072,0.9045368003590335,8.766197204589844,0.2773282399593855
4,0.75,32,relu,0.003,6,16,4800,150.0,15.0,14.856023269354376,0.9330007271673242,8.766295433044434,0.31404302989632304
4,0.75,32,relu,0.003,7,16,4800,150.0,15.0,13.511767129595329,0.890992722799854,8.76511287689209,0.37380695371667894
4,0.75,32,identity,0.003,1,16,4800,150.0,14.0,11.590493657634385,0.7997029268010745,8.763751983642578,0.059063774580022196
4,0.75,32,identity,0.003,0,16,4800,150.0,13.0,12.976854320347087,0.8117766975108465,8.758914947509766,0.02254684414766204
4,0.75,32,identity,0.003,2,16,4800,150.0,13.6,11.73364393498973,0.7916763729684291,8.758001327514648,0.1137007790647305
4,0.75,32,identity,0.003,3,16,4800,150.0,13.0,12.086507932849559,0.7839533729015487,8.75829029083252,0.038090420766619906
4,0.75,32,identity,0.003,4,16,4800,150.0,13.0,13.01601058774439,0.8130003308670122,8.76285457611084,0.019923520749794525
4,0.75,32,identity,0.003,6,16,4800,150.0,14.0,12.077447208899153,0.8149202252780985,8.760515213012695,0.03582318783884966
4,1.0,32,relu,0.003,0,16,4800,150.0,15.0,14.593469701319858,0.9247959281662456,8.790603637695312,0.24883674773819764
4,0.75,32,identity,0.003,5,16,4800,150.0,14.0,12.443960059758565,0.8263737518674552,8.76128101348877,0.027059717080663626
4,0.75,32,identity,0.003,7,16,4800,150.0,13.9,12.697413046926231,0.8311691577164447,8.760635375976562,0.056640857401581826
4,1.0,32,relu,0.003,1,16,4800,150.0,15.0,13.356381015163832,0.8861369067238698,8.79206371307373,0.30308499235571673
4,1.0,32,relu,0.003,2,16,4800,150.0,15.0,13.105906423090795,0.8783095757215873,8.79210090637207,0.25378192852076004
4,1.0,32,relu,0.003,3,16,4800,150.0,15.0,15.734744713966624,0.960460772311457,8.790404319763184,0.2332439225434368
4,1.0,32,relu,0.003,4,16,4800,150.0,15.0,14.09310433991843,0.9091595106224509,8.793278694152832,0.2561255602372668
4,1.0,32,relu,0.003,5,16,4800,150.0,15.0,13.929829314852569,0.9040571660891428,8.790794372558594,0.25592213579228906
4,1.0,32,relu,0.003,6,16,4800,150.0,15.0,12.92796065779016,0.8727487705559425,8.79088306427002,0.254751062851378
4,1.0,32,relu,0.003,7,16,4800,150.0,15.0,13.668822923755691,0.8959007163673653,8.791141510009766,0.28720415196322613
4,1.0,32,identity,0.003,0,16,4800,150.0,14.0,11.691580258285212,0.8028618830714129,8.784671783447266,0.05409665125320366
4,1.0,32,identity,0.003,1,16,4800,150.0,14.0,12.162579345306167,0.8175806045408177,8.78683090209961,0.07723938606499352
4,1.0,32,identity,0.003,2,16,4800,150.0,13.0,12.268593791051808,0.789643555970369,8.783919334411621,0.086564310167557
4,1.0,32,identity,0.003,3,16,4800,150.0,14.0,12.540993323485974,0.8294060413589367,8.785127639770508,0.04339954880447512
4,1.0,32,identity,0.003,5,16,4800,150.0,14.0,11.291252806329997,0.7903516501978124,8.78530502319336,0.06638720899237269
4,1.0,32,identity,0.003,4,16,4800,150.0,14.0,12.718382083393395,0.8349494401060436,8.787776947021484,0.09398649569141236
4,1.0,32,identity,0.003,6,16,4800,150.0,13.0,12.590291057142078,0.79969659553569,8.786791801452637,0.04732210749982674
4,1.0,32,identity,0.003,7,16,4800,150.0,14.0,12.54668826240076,0.8295840082000238,8.785407066345215,0.06438426512576928
2,0.0,64,relu,0.003,0,4,9600,150.0,3.0,45.18644932873508,0.7529132707614856,8.767033576965332,0.0701038958387256
2,0.0,64,relu,0.003,1,4,9600,150.0,3.0,41.88203401152504,0.7012817814300788,8.769973754882812,0.04122448722315776
2,0.0,64,relu,0.003,2,4,9600,150.0,3.0,42.64478427489051,0.7131997542951642,8.768141746520996,0.027579063935138665
2,0.0,64,relu,0.003,3,4,9600,150.0,3.0,43.93161125790597,0.7333064259047808,8.768621444702148,0.08359134930989606
2,0.0,64,relu,0.003,4,4,9600,150.0,3.0,43.551835700021364,0.7273724328128338,8.768966674804688,0.033414547084056924
2,0.0,64,identity,0.003,0,4,9600,150.0,3.0,29.789108664300343,0.5123298228796929,8.766997337341309,1.7555893318510607e-07
2,0.0,64,identity,0.003,1,4,9600,150.0,3.0,29.982807388210727,0.5153563654407927,8.770044326782227,1.633814222495734e-07
2,0.0,64,relu,0.003,6,4,9600,150.0,3.0,44.52878160078502,0.7426372125122659,8.768528938293457,0.07404532028781505
2,0.0,64,relu,0.003,7,4,9600,150.0,3.0,43.01359268372661,0.7189623856832282,8.770062446594238,0.03675895310268388
2,0.0,64,identity,0.003,2,4,9600,150.0,3.0,29.888519441223185,0.5138831162691122,8.767478942871094,1.3120059299945723e-07
2,0.0,64,relu,0.003,5,4,9600,150.0,3.0,42.191716063816344,0.7061205634971304,8.76994514465332,0.07180239676453008
2,0.0,64,identity,0.003,5,4,9600,150.0,3.0,30.02290818844266,0.5159829404444165,8.767863273620605,1.9032717458328325e-07
2,0.0,64,identity,0.003,6,4,9600,150.0,3.0,29.853593719411453,0.5133374018658039,8.768041610717773,1.583220715637818e-07
2,0.0,64,identity,0.003,4,4,9600,150.0,3.0,30.13022476736422,0.5176597619900659,8.768270492553711,2.6759626564828386e-07
2,0.0,64,identity,0.003,3,4,9600,150.0,3.0,30.063523561335252,0.5166175556458633,8.767478942871094,1.285961200274008e-07
2,0.25,64,relu,0.003,0,4,9600,150.0,3.0,45.030468396847006,0.7504760687007345,8.773575782775879,0.019820463226281365
2,0.0,64,identity,0.003,7,4,9600,150.0,3.0,29.653040096384682,0.5102037515060107,8.769296646118164,2.8560604336250466e-07
2,0.25,64,relu,0.003,1,4,9600,150.0,3.0,41.11272193141508,0.6892612801783606,8.778624534606934,0.027048880086494233
2,0.25,64,relu,0.003,2,4,9600,150.0,3.0,42.105972579456974,0.7047808215540152,8.775385856628418,0.017957170661419643
2,0.25,64,relu,0.003,3,4,9600,150.0,3.0,43.713477097921654,0.7298980796550258,8.777676582336426,0.02080223179362898
2,0.25,64,relu,0.003,5,4,9600,150.0,3.0,44.13958142012823,0.7365559596895036,8.7754487991333,0.015060256131303526
2,0.25,64,relu,0.003,4,4,9600,150.0,3.0,45.129258141515,0.7520196584611719,8.77617073059082,0.020418486956483496
2,0.25,64,relu,0.003,7,4,9600,150.0,3.0,42.14067070359513,0.7053229797436739,8.777739524841309,0.015819949847484784
2,0.25,64,relu,0.003,6,4,9600,150.0,3.0,45.469637515361214,0.757338086177519,8.77413272857666,0.026209236508084904
2,0.25,64,identity,0.003,0,4,9600,150.0,3.0,30.06173430570909,0.5165895985267046,8.773409843444824,1.317746232893498e-07
2,0.25,64,identity,0.003,1,4,9600,150.0,3.0,29.967926950085406,0.5151238585950845,8.7766752243042,1.4142513850738113e-07
2,0.25,64,identity,0.003,2,4,9600,150.0,3.0,30.21056204575206,0.5189150319648759,8.774123191833496,1.0088802309280731e-07
2,0.25,64,identity,0.003,4,4,9600,150.0,3.0,29.963910579957208,0.5150611028118314,8.776108741760254,1.2615502592000358e-07
2,0.25,64,identity,0.003,3,4,9600,150.0,3.0,29.936389257931086,0.5146310821551732,8.777386665344238,9.246559720320313e-08
2,0.25,64,identity,0.003,5,4,9600,150.0,3.0,29.94212391439903,0.5147206861624849,8.774331092834473,9.746304188229496e-08
2,0.25,64,identity,0.003,6,4,9600,150.0,3.0,30.011704999865266,0.5158078906228948,8.77425479888916,1.562157967611088e-07
2,0.25,64,identity,0.003,7,4,9600,150.0,3.0,29.98001655931189,0.5153127587392483,8.77622127532959,1.5867051181187635e-07
2,0.5,64,relu,0.003,0,4,9600,150.0,3.0,44.79328121522855,0.7467700189879461,8.766899108886719,0.015993854957555207
2,0.5,64,relu,0.003,1,4,9600,150.0,3.0,42.999121161703066,0.7187362681516104,8.768980979919434,0.01726018093514329
2,0.5,64,relu,0.003,2,4,9600,150.0,3.0,44.09125068958901,0.7358007920248283,8.766342163085938,0.016114196101920518
2,0.5,64,relu,0.003,4,4,9600,150.0,3.0,44.59023314282745,0.7435973928566789,8.768646240234375,0.01725699840753448
2,0.5,64,relu,0.003,3,4,9600,150.0,3.0,44.366195753141554,0.7400968086428368,8.768570899963379,0.015312905515806118
2,0.5,64,relu,0.003,5,4,9600,150.0,3.0,43.55954876867776,0.72749294951059,8.768065452575684,0.016386092345038617
2,0.5,64,relu,0.003,6,4,9600,150.0,3.0,44.79372996721799,0.7467770307377811,8.767988204956055,0.015735613690396683
2,0.5,64,relu,0.003,7,4,9600,150.0,3.0,43.73880882547368,0.7302938878980263,8.770628929138184,0.014378948333910162
2,0.5,64,identity,0.003,1,4,9600,150.0,3.0,29.920985137748637,0.5143903927773225,8.767402648925781,1.2529376587080903e-07
2,0.5,64,identity,0.003,4,4,9600,150.0,3.0,30.15037719154273,0.5179746436178552,8.768109321594238,1.557222695171478e-07
2,0.5,64,identity,0.003,2,4,9600,150.0,3.0,29.940257838194285,0.5146915287217857,8.766227722167969,1.0511289959120523e-07
2,0.5,64,identity,0.003,0,4,9600,150.0,3.0,30.033894503368586,0.5161546016151342,8.76688289642334,1.1241936403934536e-07
2,0.5,64,identity,0.003,3,4,9600,150.0,3.0,30.01395135201801,0.5158429898752814,8.767539024353027,6.538892998236578e-08
2,0.5,64,identity,0.003,5,4,9600,150.0,3.0,29.917322896466263,0.5143331702572853,8.768126487731934,1.1323235515647905e-07
2,0.5,64,identity,0.003,6,4,9600,150.0,3.0,30.08036890984679,0.5168807642163561,8.76675796508789,9.763151913501188e-08
2,0.5,64,identity,0.003,7,4,9600,150.0,3.0,30.12331396823318,0.5175517807536434,8.769186973571777,1.2607610615581508e-07
2,0.75,64,relu,0.003,1,4,9600,150.0,3.0,42.67304341256827,0.7136413033213792,8.76264476776123,0.013566027642714843
2,0.75,64,relu,0.003,0,4,9600,150.0,3.0,44.314250370375376,0.7392851620371153,8.759834289550781,0.013731056503239896
2,0.75,64,relu,0.003,2,4,9600,150.0,3.0,44.32995907731033,0.7395306105829739,8.759778022766113,0.013520488961756758
2,0.75,64,relu,0.003,6,4,9600,150.0,3.0,46.2746429061462,0.7699162954085343,8.759895324707031,0.011998159122767188
2,0.75,64,relu,0.003,4,4,9600,150.0,3.0,42.88354131374832,0.7169303330273175,8.763033866882324,0.01259399321090198
2,0.75,64,relu,0.003,5,4,9600,150.0,3.0,43.635762565729,0.7286837900895157,8.761656761169434,0.014100497072077871
2,0.75,64,relu,0.003,3,4,9600,150.0,3.0,43.959646043354454,0.7337444694274133,8.760300636291504,0.0130516003113443
2,0.75,64,relu,0.003,7,4,9600,150.0,3.0,43.69172831610269,0.7295582549391045,8.76302433013916,0.012632674104593742
2,0.75,64,identity,0.003,0,4,9600,150.0,3.0,29.994690314632827,0.5155420361661379,8.758909225463867,1.1248003008539446e-07
2,0.75,64,identity,0.003,1,4,9600,150.0,3.0,29.784108973998404,0.512251702718725,8.761116981506348,1.1120312661227275e-07
2,0.75,64,identity,0.003,2,4,9600,150.0,3.0,29.93015997195153,0.5145337495617426,8.758654594421387,1.1099696253307954e-07
2,0.75,64,identity,0.003,3,4,9600,150.0,3.0,29.912275803598074,0.51425430943122,8.759537696838379,8.318989401954455e-08
2,0.75,64,identity,0.003,4,4,9600,150.0,3.0,29.718968970917484,0.5112338901705857,8.760849952697754,8.912759009077326e-08
2,0.75,64,identity,0.003,5,4,9600,150.0,3.0,29.80969226615235,0.5126514416586305,8.760368347167969,8.52082334833876e-08
2,0.75,64,identity,0.003,6,4,9600,150.0,3.0,29.874091114130596,0.5136576736582905,8.760733604431152,1.2554199979039214e-07
2,0.75,64,identity,0.003,7,4,9600,150.0,3.0,29.8480629010053,0.5132509828282078,8.761702537536621,8.314217502008973e-08
2,1.0,64,relu,0.003,1,4,9600,150.0,3.0,43.726123900973974,0.7300956859527183,8.76819896697998,0.014012576262521611
2,1.0,64,relu,0.003,0,4,9600,150.0,3.0,46.39402495432903,0.7717816399113911,8.765999794006348,0.011819921635771755
2,1.0,64,relu,0.003,3,4,9600,150.0,3.0,44.16230496236022,0.7369110150368784,8.76717758178711,0.01063053270106526
2,1.0,64,relu,0.003,2,4,9600,150.0,3.0,43.03590093866637,0.7193109521666621,8.765893936157227,0.010562644645168623
2,1.0,64,relu,0.003,5,4,9600,150.0,3.0,44.216887249143696,0.7377638632678702,8.76878833770752,0.01097475969716757
2,1.0,64,relu,0.003,4,4,9600,150.0,3.0,45.148217790355936,0.7523159029743115,8.766794204711914,0.010353868666006233
2,1.0,64,identity,0.003,0,4,9600,150.0,3.0,29.975810199556552,0.5152470343680711,8.76595401763916,1.0960172577889044e-07
2,1.0,64,identity,0.003,2,4,9600,150.0,3.0,29.8251045761999,0.5128922590031235,8.765155792236328,1.284399754072054e-07
2,1.0,64,relu,0.003,6,4,9600,150.0,3.0,46.59181999912622,0.7748721874863472,8.76778793334961,0.010166132418928475
2,1.0,64,identity,0.003,1,4,9600,150.0,3.0,29.75180130681381,0.5117468954189658,8.76648235321045,1.5540223482316282e-07
2,1.0,64,relu,0.003,7,4,9600,150.0,3.0,45.14416366659197,0.7522525572904996,8.770200729370117,0.011913310530383279
2,1.0,64,identity,0.003,3,4,9600,150.0,3.0,29.73795867004221,0.5115306042194095,8.765681266784668,1.1022222924143706e-07
2,1.0,64,identity,0.003,4,4,9600,150.0,3.0,29.82742585078399,0.5129285289184998,8.765779495239258,1.2123479510628626e-07
2,1.0,64,identity,0.003,5,4,9600,150.0,3.0,30.136680577448658,0.5177606340226353,8.767075538635254,9.858785168105282e-08
2,1.0,64,identity,0.003,6,4,9600,150.0,3.0,30.09921669299832,0.5171752608280987,8.767974853515625,1.1763751776814261e-07
2,1.0,64,identity,0.003,7,4,9600,150.0,3.0,29.55158876101467,0.5086185743908542,8.768218994140625,1.1316759086202924e-07
3,0.0,64,relu,0.003,0,8,9600,150.0,7.0,44.54814315781585,0.8054397368408727,8.773871421813965,0.19835377041863905
3,0.0,64,relu,0.003,3,8,9600,150.0,7.0,43.8451595676395,0.7944556182443672,8.774892807006836,0.13200599282598924
3,0.0,64,relu,0.003,1,8,9600,150.0,7.0,43.37072770142595,0.7870426203347805,8.77668285369873,0.16497553834832152
3,0.0,64,relu,0.003,2,8,9600,150.0,7.0,41.53874020665121,0.7584178157289252,8.775130271911621,0.14660195383968178
3,0.0,64,relu,0.003,4,8,9600,150.0,7.0,44.07552965413618,0.7980551508458779,8.775284767150879,0.17385021429994937
3,0.0,64,relu,0.003,5,8,9600,150.0,7.0,43.154275668183764,0.7836605573153713,8.775138854980469,0.19574471644072403
3,0.0,64,relu,0.003,6,8,9600,150.0,7.0,43.155215951786516,0.7836752492466643,8.775465965270996,0.14515104752390554
3,0.0,64,relu,0.003,7,8,9600,150.0,7.0,43.25946490031394,0.7853041390674053,8.776664733886719,0.1578130066390377
3,0.0,64,identity,0.003,0,8,9600,150.0,7.0,30.123927652941184,0.580061369577206,8.775052070617676,6.589029232326955e-07
3,0.0,64,identity,0.003,1,8,9600,150.0,7.0,29.80729431192466,0.5751139736238229,8.777573585510254,4.947996270053433e-07
3,0.0,64,identity,0.003,2,8,9600,150.0,7.0,30.036292669822128,0.5786920729659708,8.775788307189941,7.352607463877503e-07
3,0.0,64,identity,0.003,3,8,9600,150.0,7.0,29.825808061110074,0.5754032509548449,8.776047706604004,3.766795808923862e-07
3,0.0,64,identity,0.003,4,8,9600,150.0,7.0,29.88887812514458,0.576388720705384,8.77658748626709,4.598548137951045e-07
3,0.0,64,identity,0.003,5,8,9600,150.0,7.0,30.079414530404968,0.5793658520375776,8.77518367767334,5.909288297913905e-07
3,0.0,64,identity,0.003,6,8,9600,150.0,7.0,29.964507349682002,0.5775704273387813,8.7758207321167,5.622977140465758e-07
3,0.0,64,identity,0.003,7,8,9600,150.0,7.0,29.92295563728976,0.5769211818326525,8.777013778686523,6.076481359911085e-07
3,0.25,64,relu,0.003,0,8,9600,150.0,7.0,44.57610768705428,0.8058766826102232,8.775724411010742,0.09141043805878607
3,0.25,64,relu,0.003,1,8,9600,150.0,7.0,44.27466049285897,0.8011665702009214,8.775157928466797,0.09515046495754054
3,0.25,64,identity,0.003,0,8,9600,150.0,7.0,29.93836249512243,0.577161913986288,8.77608585357666,4.281327861189278e-07
3,0.25,64,relu,0.003,2,8,9600,150.0,7.0,42.988039259272114,0.7810631134261268,8.77509593963623,0.1062244966159184
3,0.25,64,relu,0.003,3,8,9600,150.0,7.0,41.99145321585956,0.7654914564978056,8.776776313781738,0.08059840163300594
3,0.25,64,relu,0.003,7,8,9600,150.0,7.0,43.68407241543894,0.7919386314912334,8.777007102966309,0.10547164304762988
3,0.25,64,relu,0.003,4,8,9600,150.0,7.0,43.50985117493617,0.7892164246083777,8.775749206542969,0.08974702594298915
3,0.25,64,relu,0.003,5,8,9600,150.0,7.0,42.966474922591914,0.7807261706654987,8.776528358459473,0.09873265279469574
3,0.25,64,relu,0.003,6,8,9600,150.0,7.0,42.450785693430014,0.772668526459844,8.777548789978027,0.10519389217833372
3,0.25,64,identity,0.003,1,8,9600,150.0,7.0,30.055146005696706,0.578986656339011,8.776615142822266,5.046947747957627e-07
3,0.25,64,identity,0.003,2,8,9600,150.0,7.0,30.08677157384931,0.5794808058413954,8.775533676147461,5.92369776979977e-07
3,0.25,64,identity,0.003,3,8,9600,150.0,7.0,29.963837875960266,0.5775599668118792,8.776488304138184,3.51992535791802e-07
3,0.25,64,identity,0.003,4,8,9600,150.0,7.0,29.955897001662198,0.5774358906509718,8.775606155395508,4.29314274500517e-07
3,0.25,64,identity,0.003,5,8,9600,150.0,7.0,30.01727552244465,0.5783949300381976,8.777092933654785,3.4759091021525936e-07
3,0.25,64,identity,0.003,6,8,9600,150.0,7.0,30.24439376889641,0.5819436526390064,8.77772331237793,3.7945690010991885e-07
3,0.5,64,relu,0.003,0,8,9600,150.0,7.0,45.148603497278714,0.8148219296449799,8.774040222167969,0.08830382415764534
3,0.5,64,relu,0.003,1,8,9600,150.0,7.0,43.73227495423328,0.792691796159895,8.775850296020508,0.07643750038121092
3,0.25,64,identity,0.003,7,8,9600,150.0,7.0,29.95532611933221,0.5774269706145658,8.777462005615234,4.81949168321811e-07
3,0.5,64,relu,0.003,2,8,9600,150.0,7.0,42.09532040568298,0.7671143813387966,8.774503707885742,0.07439974080921205
3,0.5,64,relu,0.003,4,8,9600,150.0,7.0,44.426837687087556,0.8035443388607431,8.776654243469238,0.06619759185013693
3,0.5,64,relu,0.003,3,8,9600,150.0,7.0,43.050320289037046,0.7820362545162038,8.77627182006836,0.06703456145031574
3,0.5,64,relu,0.003,5,8,9600,150.0,7.0,43.158464739959236,0.7837260115618631,8.775672912597656,0.06611378338533604
3,0.5,64,relu,0.003,6,8,9600,150.0,7.0,42.804646196158956,0.7781975968149837,8.77653980255127,0.06163286611577189
3,0.5,64,relu,0.003,7,8,9600,150.0,7.0,43.082892775980184,0.7825451996246904,8.777788162231445,0.07057808000926387
3,0.5,64,identity,0.003,0,8,9600,150.0,7.0,30.09673270527485,0.5796364485199195,8.775007247924805,8.846665827787271e-07
3,0.5,64,identity,0.003,1,8,9600,150.0,7.0,30.226538223928397,0.5816646597488813,8.776145935058594,5.068151454165148e-07
3,0.5,64,identity,0.003,3,8,9600,150.0,7.0,29.861724549930905,0.5759644460926704,8.776178359985352,6.151164131908083e-07
3,0.5,64,identity,0.003,2,8,9600,150.0,7.0,30.053715792479476,0.5789643092574919,8.774063110351562,5.117104447607223e-07
3,0.5,64,identity,0.003,4,8,9600,150.0,7.0,29.96140601614642,0.5775219690022878,8.777069091796875,6.063941603026817e-07
3,0.5,64,identity,0.003,6,8,9600,150.0,7.0,29.975159633902678,0.5777368692797293,8.777764320373535,4.100378881730685e-07
3,0.5,64,identity,0.003,5,8,9600,150.0,7.0,29.92907857307587,0.5770168527043105,8.776122093200684,4.6332877547986593e-07
3,0.5,64,identity,0.003,7,8,9600,150.0,7.0,30.163797664652165,0.5806843385101901,8.7780122756958,6.003787854750847e-07
3,0.75,64,relu,0.003,0,8,9600,150.0,7.0,45.28065252350328,0.8168851956797387,8.776470184326172,0.060389112022415384
3,0.75,64,relu,0.003,1,8,9600,150.0,7.0,43.85019624397596,0.7945343163121243,8.776643753051758,0.0615386939641314
3,0.75,64,relu,0.003,6,8,9600,150.0,7.0,42.828042713107536,0.7785631673923052,8.774148941040039,0.045958640430361346
3,0.75,64,relu,0.003,4,8,9600,150.0,7.0,43.62152156900099,0.7909612745156405,8.776993751525879,0.05508328490473079
3,0.75,64,relu,0.003,5,8,9600,150.0,7.0,43.239275592901286,0.7849886811390826,8.775813102722168,0.07082748467600765
3,0.75,64,relu,0.003,2,8,9600,150.0,7.0,43.079536093667144,0.7824927514635491,8.776549339294434,0.08130544536179654
3,0.75,64,relu,0.003,3,8,9600,150.0,7.0,43.54273358677925,0.7897302122934258,8.77603816986084,0.0696330234633327
3,0.75,64,identity,0.003,0,8,9600,150.0,7.0,29.812763352859633,0.5751994273884318,8.776076316833496,4.694641003408041e-07
3,0.75,64,relu,0.003,7,8,9600,150.0,7.0,44.46524713758413,0.804144486524752,8.776423454284668,0.05271923058940773
3,0.75,64,identity,0.003,1,8,9600,150.0,7.0,29.993153735531244,0.5780180271176757,8.775588035583496,4.498830520933939e-07
3,0.75,64,identity,0.003,2,8,9600,150.0,7.0,29.884168279859797,0.5763151293728093,8.77567195892334,7.209971785669292e-07
3,0.75,64,identity,0.003,4,8,9600,150.0,7.0,29.890330993115615,0.5764114217674314,8.7777738571167,6.186403148586874e-07
3,0.75,64,identity,0.003,3,8,9600,150.0,7.0,29.900045863199992,0.5765632166124999,8.775411605834961,4.874757372474285e-07
3,0.75,64,identity,0.003,5,8,9600,150.0,7.0,29.672460423817764,0.5730071941221526,8.77531623840332,4.800139111543963e-07
3,0.75,64,identity,0.003,6,8,9600,150.0,7.0,29.82873317297256,0.5754489558276963,8.774144172668457,4.5785084213018174e-07
3,0.75,64,identity,0.003,7,8,9600,150.0,7.0,29.791922439296727,0.5748737881140114,8.776790618896484,9.312414329155295e-07
3,1.0,64,relu,0.003,0,8,9600,150.0,7.0,44.96164255030996,0.8119006648485931,8.775534629821777,0.050567695410101976
3,1.0,64,relu,0.003,2,8,9600,150.0,7.0,44.14383626624224,0.799122441660035,8.773395538330078,0.06744082267545463
3,1.0,64,relu,0.003,1,8,9600,150.0,7.0,44.016406898761566,0.7971313577931495,8.776671409606934,0.04713733568506936
3,1.0,64,relu,0.003,3,8,9600,150.0,7.0,44.05430271757645,0.797723479962132,8.775381088256836,0.07154093006377238
3,1.0,64,relu,0.003,4,8,9600,150.0,7.0,44.35002317469778,0.8023441121046528,8.775014877319336,0.060086447195683027
3,1.0,64,relu,0.003,5,8,9600,150.0,7.0,43.80473857315006,0.7938240402054697,8.777091979980469,0.07203089353308442
3,1.0,64,relu,0.003,6,8,9600,150.0,7.0,43.85648004592656,0.7946325007176025,8.776371955871582,0.04744897049349661
3,1.0,64,relu,0.003,7,8,9600,150.0,7.0,44.809664367541146,0.8095260057428304,8.776313781738281,0.047969660589593
3,1.0,64,identity,0.003,0,8,9600,150.0,7.0,29.6004412019235,0.5718818937800547,8.775099754333496,7.399400680862095e-07
3,1.0,64,identity,0.003,1,8,9600,150.0,7.0,29.727630030476465,0.5738692192261947,8.77546215057373,7.086066827123435e-07
3,1.0,64,identity,0.003,2,8,9600,150.0,7.0,29.762080478504668,0.5744075074766355,8.773259162902832,8.253307846657527e-07
3,1.0,64,identity,0.003,3,8,9600,150.0,7.0,29.64008187524763,0.5725012793007442,8.774469375610352,5.892360658721741e-07
3,1.0,64,identity,0.003,4,8,9600,150.0,7.0,29.999700199753153,0.578120315621143,8.774080276489258,7.043918608282071e-07
3,1.0,64,identity,0.003,5,8,9600,150.0,7.0,29.93879221047185,0.5771686282886226,8.776260375976562,8.097491219115618e-07
3,1.0,64,identity,0.003,6,8,9600,150.0,7.0,29.951893136196635,0.5773733302530724,8.77545166015625,6.056229376747608e-07
4,0.0,64,relu,0.003,0,16,9600,150.0,15.0,41.87535104380646,0.888677360059476,8.77843952178955,0.28299696006820824
3,1.0,64,identity,0.003,7,8,9600,150.0,7.0,29.60282874204484,0.5719191990944505,8.775984764099121,7.459571669971378e-07
4,0.0,64,relu,0.003,2,16,9600,150.0,15.0,41.749020379929995,0.8867034434364062,8.778230667114258,0.3438895945638297
4,0.0,64,relu,0.003,3,16,9600,150.0,15.0,41.98867720903785,0.8904480813912165,8.779186248779297,0.2901221270338848
4,0.0,64,relu,0.003,1,16,9600,150.0,15.0,41.546455000044126,0.8835383593756895,8.781010627746582,0.36499881128851824
4,0.0,64,relu,0.003,4,16,9600,150.0,15.0,40.85780751282932,0.8727782423879581,8.780590057373047,0.3273702502307231
4,0.0,64,relu,0.003,7,16,9600,150.0,15.0,42.074914576644645,0.8917955402600726,8.779900550842285,0.3034430641350629
4,0.0,64,relu,0.003,6,16,9600,150.0,15.0,40.66150681206493,0.8697110439385145,8.780004501342773,0.27939220032195083
4,0.0,64,relu,0.003,5,16,9600,150.0,15.0,40.972302799805945,0.8745672312469679,8.778580665588379,0.2785996147187051
4,0.0,64,identity,0.003,0,16,9600,150.0,15.0,29.938343522066805,0.7021616175322938,8.778682708740234,2.846364981576458e-06
4,0.0,64,identity,0.003,1,16,9600,150.0,15.0,29.869423006591553,0.701084734477993,8.781000137329102,6.817679403794066e-05
4,0.0,64,identity,0.003,2,16,9600,150.0,15.0,30.03488947055803,0.7036701479774692,8.778076171875,5.836112242769867e-05
4,0.0,64,identity,0.003,3,16,9600,150.0,15.0,29.71834845081953,0.6987241945440552,8.779146194458008,0.00018095308532202362
4,0.0,64,identity,0.003,4,16,9600,150.0,15.0,29.910220852576018,0.7017222008215003,8.78022575378418,1.922212331828859e-06
4,0.0,64,identity,0.003,5,16,9600,150.0,15.0,30.12554332013814,0.7050866143771584,8.778717994689941,4.95837922489663e-06
4,0.25,64,relu,0.003,0,16,9600,150.0,15.0,40.84767874219848,0.8726199803468513,8.808375358581543,0.27264115126240357
4,0.0,64,identity,0.003,7,16,9600,150.0,15.0,30.078358455944205,0.7043493508741282,8.780280113220215,4.396513235323383e-06
4,0.0,64,identity,0.003,6,16,9600,150.0,15.0,29.987542246436522,0.7029303476005706,8.779487609863281,7.689177220293662e-06
4,0.25,64,relu,0.003,1,16,9600,150.0,15.0,41.631302128234815,0.884864095753669,8.807559967041016,0.23487494828319178
4,0.25,64,relu,0.003,2,16,9600,150.0,15.0,40.856473334011085,0.8727573958439232,8.807549476623535,0.27636519881003274
4,0.25,64,relu,0.003,3,16,9600,150.0,15.0,43.98443590013626,0.9216318109396291,8.80742359161377,0.2814799640614677
4,0.25,64,relu,0.003,4,16,9600,150.0,15.0,41.183215492274,0.8778627420667813,8.807832717895508,0.2848815540266069
4,0.25,64,relu,0.003,5,16,9600,150.0,15.0,41.86927036313386,0.8885823494239665,8.806732177734375,0.2737137911965026
4,0.25,64,relu,0.003,6,16,9600,150.0,15.0,40.25475793995917,0.863355592811862,8.807068824768066,0.22696266584841043
4,0.25,64,relu,0.003,7,16,9600,150.0,15.0,42.43086705189375,0.8973572976858398,8.808634757995605,0.24860197291938121
4,0.25,64,identity,0.003,0,16,9600,150.0,15.0,29.984321912460405,0.7028800298821938,8.806899070739746,1.1570520493650254e-06
4,0.25,64,identity,0.003,1,16,9600,150.0,15.0,29.50143974989596,0.6953349960921245,8.807250022888184,2.5065475044021784e-06
4,0.25,64,identity,0.003,3,16,9600,150.0,15.0,29.951054948766544,0.7023602335744772,8.806602478027344,1.882650430541859e-06
4,0.25,64,identity,0.003,2,16,9600,150.0,15.0,30.0176993851011,0.7034015528922046,8.805643081665039,5.462263028606994e-06
4,0.25,64,identity,0.003,4,16,9600,150.0,15.0,29.86921466758783,0.7010814791810598,8.80660629272461,1.261110327318239e-06
4,0.25,64,identity,0.003,5,16,9600,150.0,15.0,29.99325935621077,0.7030196774407933,8.80660629272461,2.0095958250491146e-06
4,0.25,64,identity,0.003,6,16,9600,150.0,15.0,29.980227596653418,0.7028160561977097,8.806222915649414,1.5991173321148814e-06
4,0.25,64,identity,0.003,7,16,9600,150.0,15.0,29.812873371203413,0.7002011464250533,8.808155059814453,1.5229825911173652e-06
4,0.5,64,relu,0.003,0,16,9600,150.0,15.0,39.97747688872657,0.8590230763863527,8.765518188476562,0.18359158435652087
4,0.5,64,relu,0.003,1,16,9600,150.0,15.0,42.45127278656326,0.8976761372900509,8.768298149108887,0.22036740526263293
4,0.5,64,relu,0.003,2,16,9600,150.0,15.0,40.227481789998905,0.8629294029687329,8.768819808959961,0.19931631047688503
4,0.5,64,relu,0.003,4,16,9600,150.0,15.0,41.727714057888754,0.8863705321545118,8.767966270446777,0.1929844918427292
4,0.5,64,relu,0.003,3,16,9600,150.0,15.0,42.43034075964695,0.8973490743694836,8.767838478088379,0.21054458991087527
4,0.5,64,relu,0.003,5,16,9600,150.0,15.0,41.261743491639805,0.879089742056872,8.76827621459961,0.18178072931965156
4,0.5,64,relu,0.003,6,16,9600,150.0,15.0,40.17443650851683,0.8621005704455754,8.768574714660645,0.18921076396163686
4,0.5,64,relu,0.003,7,16,9600,150.0,15.0,41.57763704277706,0.8840255787933916,8.768856048583984,0.19475274582646374
4,0.5,64,identity,0.003,1,16,9600,150.0,15.0,29.87873671267157,0.7012302611354932,8.766202926635742,1.495254557210043e-06
4,0.5,64,identity,0.003,0,16,9600,150.0,15.0,29.729313288372985,0.6988955201308279,8.764212608337402,3.5310754492667554e-06
4,0.5,64,identity,0.003,2,16,9600,150.0,15.0,29.85764884805346,0.7009007632508353,8.766183853149414,2.4951434988121797e-06
4,0.5,64,identity,0.003,4,16,9600,150.0,15.0,29.658514380315648,0.697789287192432,8.766508102416992,2.4519681310732354e-06
4,0.5,64,identity,0.003,3,16,9600,150.0,15.0,29.82902716760066,0.7004535494937603,8.766515731811523,1.0676696146208945e-05
4,0.5,64,identity,0.003,5,16,9600,150.0,15.0,29.936533601587,0.7021333375247969,8.766769409179688,3.958596085406302e-06
4,0.5,64,identity,0.003,6,16,9600,150.0,15.0,29.799390219795253,0.6999904721843009,8.766671180725098,2.4308936589868276e-06
4,0.5,64,identity,0.003,7,16,9600,150.0,15.0,30.04293901494263,0.7037959221084786,8.767138481140137,2.1256658574671827e-06
4,0.75,64,relu,0.003,0,16,9600,150.0,15.0,40.3531379252679,0.864892780082311,8.753173828125,0.18804581780875856
4,0.75,64,relu,0.003,1,16,9600,150.0,15.0,40.82760261300983,0.8723062908282786,8.753564834594727,0.16591776982131187
4,0.75,64,relu,0.003,2,16,9600,150.0,15.0,40.33096418535637,0.8645463153961933,8.75401496887207,0.14755977132301606
4,0.75,64,relu,0.003,3,16,9600,150.0,15.0,41.74811735171423,0.8866893336205348,8.754328727722168,0.17495608844116933
4,0.75,64,relu,0.003,4,16,9600,150.0,15.0,40.67236480536077,0.8698807000837621,8.7551851272583,0.15718662018101576
4,0.75,64,relu,0.003,5,16,9600,150.0,15.0,40.07218135693457,0.8605028337021027,8.754859924316406,0.1402034425556538
4,0.75,64,relu,0.003,7,16,9600,150.0,15.0,41.776285534032006,0.8871294614692501,8.755716323852539,0.16669025256511283
4,0.75,64,relu,0.003,6,16,9600,150.0,15.0,39.563283463459705,0.8525513041165579,8.755661964416504,0.1513041581810817
4,0.75,64,identity,0.003,0,16,9600,150.0,15.0,29.61218437565572,0.6970653808696206,8.750639915466309,3.5042464076697237e-06
4,0.75,64,identity,0.003,1,16,9600,150.0,15.0,29.617223826662887,0.6971441222916076,8.75204086303711,6.433416955119582e-06
4,0.75,64,identity,0.003,2,16,9600,150.0,15.0,29.756867197861087,0.6993260499665794,8.7520751953125,3.061026414951023e-05
4,0.75,64,identity,0.003,3,16,9600,150.0,15.0,29.78787655697208,0.6998105712026887,8.751834869384766,1.583880861602518e-05
4,0.75,64,identity,0.003,4,16,9600,150.0,15.0,29.78020621993236,0.6996907221864431,8.752911567687988,3.085927931028488e-06
4,0.75,64,identity,0.003,5,16,9600,150.0,15.0,30.08301002357053,0.7044220316182895,8.752689361572266,1.019629850995008e-05
4,0.75,64,identity,0.003,6,16,9600,150.0,15.0,29.928103750797895,0.7020016211062171,8.752979278564453,2.36370227936704e-06
4,0.75,64,identity,0.003,7,16,9600,150.0,15.0,30.111486162762734,0.7048669712931677,8.753094673156738,1.6671391279349849e-06
4,1.0,64,relu,0.003,0,16,9600,150.0,15.0,40.8478526045606,0.8726226969462594,8.780182838439941,0.16453865446240049
4,1.0,64,relu,0.003,4,16,9600,150.0,15.0,41.29842166810825,0.8796628385641914,8.781393051147461,0.13156089778947994
4,1.0,64,relu,0.003,3,16,9600,150.0,15.0,41.678757341450805,0.8856055834601688,8.781539916992188,0.13724670678012885
4,1.0,64,relu,0.003,2,16,9600,150.0,15.0,41.45980290383823,0.8821844203724724,8.779745101928711,0.13712552505285563
4,1.0,64,relu,0.003,1,16,9600,150.0,15.0,42.07727616672786,0.8918324401051229,8.782536506652832,0.1684232715918908
4,1.0,64,relu,0.003,5,16,9600,150.0,15.0,41.193090661160866,0.8780170415806385,8.781929016113281,0.14113797705272718
4,1.0,64,relu,0.003,6,16,9600,150.0,15.0,41.102379637037146,0.8765996818287054,8.7816162109375,0.12027157417156424
4,1.0,64,relu,0.003,7,16,9600,150.0,15.0,42.03623735207023,0.8911912086260974,8.782007217407227,0.15586559137097228
4,1.0,64,identity,0.003,0,16,9600,150.0,15.0,30.023130192759165,0.703486409261862,8.777203559875488,5.68820223133351e-06
4,1.0,64,identity,0.003,2,16,9600,150.0,15.0,29.988812749730496,0.702950199214539,8.777538299560547,5.272263861992649e-06
4,1.0,64,identity,0.003,1,16,9600,150.0,15.0,29.969425947884012,0.7026472804356877,8.77978229522705,9.057805968240975e-06
4,1.0,64,identity,0.003,5,16,9600,150.0,15.0,29.74150667172538,0.699086041745709,8.779151916503906,4.052261943982299e-06
4,1.0,64,identity,0.003,4,16,9600,150.0,15.0,29.63870661669891,0.6974797908859205,8.778338432312012,1.9818164061139296e-05
4,1.0,64,identity,0.003,3,16,9600,150.0,15.0,30.03630858615409,0.7036923216586577,8.778633117675781,1.5821255934489954e-05
4,1.0,64,identity,0.003,6,16,9600,150.0,15.0,29.942723301392498,0.7022300515842578,8.778735160827637,1.2931648445388343e-05
4,1.0,64,identity,0.003,7,16,9600,150.0,15.0,29.89016387897965,0.701408810609057,8.780281066894531,3.824438242814699e-06
