rank,d,d_over_r,condition,seed,n_classes,n_lexemes,n_over_d,m_eff,k_item,capacity,gap,final_loss,opt_loss,cvwh
8,4,0.5,interactive,0,8,6400,1600.0,2.0,1.7667934729726562,0.9416983682431641,1.3077855110168457,3.805459499359131,2.497673988342285,0.0896073891278653
8,4,0.5,additive,0,8,6400,1600.0,2.0,2.153701561042886,1.0384253902607214,1.4403362274169922,4.492374897003174,3.0520386695861816,0.07212800288806649
8,4,0.5,additive,6,8,6400,1600.0,2.0,2.161616837339724,1.040404209334931,1.2838199138641357,3.767601251602173,2.483781337738037,0.06185297439058871
8,4,0.5,interactive,3,8,6400,1600.0,2.9,2.0061896008557865,1.2265474002139465,1.064859390258789,3.2857306003570557,2.2208712100982666,0.5969900615812558
8,4,0.5,additive,2,8,6400,1600.0,2.0,2.0130446155168547,1.0032611538792136,1.3465301990509033,4.433032035827637,3.0865018367767334,0.001824642357191239
8,4,0.5,additive,4,8,6400,1600.0,2.0,1.9993789647652103,0.9998447411913025,1.2388298511505127,3.989898681640625,2.7510688304901123,0.0026054804808129657
8,4,0.5,interactive,5,8,6400,1600.0,3.0,1.6511453696816718,1.162786342420418,1.337563395500183,3.1666207313537598,1.8290573358535767,0.4035075731742678
8,4,0.5,additive,1,8,6400,1600.0,2.0,2.0073145968401573,1.0018286492100392,1.4490399360656738,4.9681525230407715,3.5191125869750977,0.007173767205140914
8,4,0.5,additive,3,8,6400,1600.0,3.0,1.7071140343057718,1.1767785085764428,1.1768872737884521,3.958699941635132,2.7818126678466797,0.536236254826963
8,4,0.5,additive,7,8,6400,1600.0,2.0,1.765321157808358,0.9413302894520895,1.3450758457183838,4.7820940017700195,3.4370181560516357,0.6580809407685118
8,4,0.5,interactive,4,8,6400,1600.0,2.0,1.2731841779837567,0.8182960444959392,1.4740941524505615,3.1188080310821533,1.6447138786315918,0.8516940519459227
8,4,0.5,interactive,2,8,6400,1600.0,2.0,1.638346515667566,0.9095866289168915,1.0239670276641846,2.974785804748535,1.9508187770843506,0.17814710048184682
8,4,0.5,interactive,1,8,6400,1600.0,2.0,2.130931170469462,1.0327327926173655,1.8195581436157227,3.870098829269409,2.0505406856536865,0.995572556861467
8,4,0.5,additive,5,8,6400,1600.0,2.0,1.4205665918227726,0.8551416479556931,1.7694134712219238,4.425890922546387,2.656477451324463,0.29832913776380093
8,2,0.25,interactive,3,8,6400,3200.0,1.0,1.001469111360495,1.0007345556802476,2.0302894115448,4.251160621643066,2.2208712100982666,0.00015613724339197502
8,2,0.25,additive,4,8,6400,3200.0,1.0,1.0,1.0,2.7273471355438232,5.4784159660339355,2.7510688304901123,1.9999999999999996
8,2,0.25,additive,3,8,6400,3200.0,2.0,1.0025664703317059,1.501283235165853,2.1061129570007324,4.887925624847412,2.7818126678466797,1.0
8,2,0.25,additive,2,8,6400,3200.0,,,,4.514400243759155,7.600902080535889,3.0865018367767334,
8,2,0.25,interactive,1,8,6400,3200.0,1.0,1.1795162513441224,1.0897581256720612,2.369225263595581,4.419765949249268,2.0505406856536865,0.29693420298863626
8,2,0.25,additive,1,8,6400,3200.0,1.0,1.001206360736833,1.0006031803684166,2.3011865615844727,5.82029914855957,3.5191125869750977,0.00047989089747991364
8,2,0.25,additive,0,8,6400,3200.0,2.0,1.0464468461667098,1.5232234230833548,2.1852121353149414,5.237250804901123,3.0520386695861816,1.0
8,2,0.25,interactive,7,8,6400,3200.0,,,,4.201231479644775,7.600902080535889,3.3996706008911133,
8,2,0.25,interactive,4,8,6400,3200.0,1.0,1.0,1.0,2.8846535682678223,4.529367446899414,1.6447138786315918,2.0
8,2,0.25,interactive,0,8,6400,3200.0,2.0,1.0040411067201784,1.5020205533600892,2.3907880783081055,4.888462066650391,2.497673988342285,1.0
8,2,0.25,interactive,2,8,6400,3200.0,,,,5.650083780288696,7.600902557373047,1.9508187770843506,
8,2,0.25,additive,7,8,6400,3200.0,,,,4.163884401321411,7.600902557373047,3.4370181560516357,
8,2,0.25,interactive,5,8,6400,3200.0,2.0,1.0394543981559414,1.5197271990779706,2.34469735622406,4.173754692077637,1.8290573358535767,1.0
8,2,0.25,additive,6,8,6400,3200.0,,,,5.117120742797852,7.600902080535889,2.483781337738037,
8,2,0.25,additive,5,8,6400,3200.0,2.0,1.167194313220907,1.5835971566104536,2.274935722351074,4.931413173675537,2.656477451324463,1.0
8,2,0.25,interactive,6,8,6400,3200.0,,,,6.190445423126221,7.600902080535889,1.410456657409668,
8,4,0.5,interactive,6,8,6400,1600.0,4.0,2.21472336266158,1.553680840665395,1.4520387649536133,2.8624954223632812,1.410456657409668,1.0
8,4,0.5,interactive,7,8,6400,1600.0,2.0,1.658121486480049,0.9145303716200123,1.1454310417175293,4.545101642608643,3.3996706008911133,0.6505206052280174
8,6,0.75,additive,1,8,6400,1066.6666666666667,3.0,3.200931807161966,1.0334886345269945,0.9263548851013184,4.445467472076416,3.5191125869750977,0.43811450651309486
8,6,0.75,additive,0,8,6400,1066.6666666666667,3.0,3.0228706232994926,1.0038117705499154,0.92079758644104,3.9728362560272217,3.0520386695861816,0.022472433860668772
8,6,0.75,additive,2,8,6400,1066.6666666666667,3.0,2.9945237881880753,0.999087298031346,0.8914813995361328,3.977983236312866,3.0865018367767334,0.040309632541793816
8,6,0.75,additive,4,8,6400,1066.6666666666667,3.0,3.4132536922022276,1.0688756153670378,0.825657844543457,3.5767266750335693,2.7510688304901123,0.478868243342258
8,6,0.75,additive,3,8,6400,1066.6666666666667,3.0,2.8635361259533063,0.9772560209922178,0.7302606105804443,3.512073278427124,2.7818126678466797,0.41392268493604367
8,6,0.75,additive,5,8,6400,1066.6666666666667,3.0,3.031830096911552,1.0053050161519252,0.8671350479125977,3.5236124992370605,2.656477451324463,0.0660225475177863
8,6,0.75,interactive,4,8,6400,1066.6666666666667,3.0,1.8876371144286068,0.8146061857381012,0.5230116844177246,2.1677255630493164,1.6447138786315918,0.459498357209161
8,6,0.75,interactive,0,8,6400,1066.6666666666667,3.2,2.1844680673382024,0.8974113445563671,0.6461248397827148,3.143798828125,2.497673988342285,0.6109615163702953
8,6,0.75,additive,6,8,6400,1066.6666666666667,3.0,1.7344084918457299,0.7890680819742882,0.7851366996765137,3.268918037414551,2.483781337738037,0.4167068752958725
8,6,0.75,interactive,6,8,6400,1066.6666666666667,4.0,2.564500951272885,1.0940834918788143,0.9323444366455078,2.342801094055176,1.410456657409668,0.6291641724662262
8,6,0.75,additive,7,8,6400,1066.6666666666667,2.0,2.9511214803823855,0.8251869133970642,0.8614623546600342,4.29848051071167,3.4370181560516357,0.03999112725864905
8,6,0.75,interactive,1,8,6400,1066.6666666666667,3.5,2.2752728130497357,0.9625454688416225,0.6680223941802979,2.7185630798339844,2.0505406856536865,0.6481095162560749
8,6,0.75,interactive,2,8,6400,1066.6666666666667,3.0,1.7145061942164734,0.7857510323694122,0.4785432815551758,2.4293620586395264,1.9508187770843506,0.4589437955604298
8,6,0.75,interactive,5,8,6400,1066.6666666666667,4.0,1.7712077081545838,0.9618679513590974,0.8269447088241577,2.6560020446777344,1.8290573358535767,0.6975538116927134
8,6,0.75,interactive,7,8,6400,1066.6666666666667,2.7,1.2781885430649635,0.6630314238441607,0.6369767189025879,4.036647319793701,3.3996706008911133,0.3804113188128119
8,6,0.75,interactive,3,8,6400,1066.6666666666667,3.0,2.482085622205591,0.9136809370342652,0.722038984298706,2.9429101943969727,2.2208712100982666,0.3868798384296558
8,8,1.0,additive,2,8,6400,800.0,3.0,4.247156200089676,0.9058945250112095,0.5045156478881836,3.591017484664917,3.0865018367767334,0.10447320523876073
8,8,1.0,additive,3,8,6400,800.0,4.0,3.441906511330097,0.9302383139162621,0.4265899658203125,3.208402633666992,2.7818126678466797,0.40205663401548203
8,8,1.0,additive,0,8,6400,800.0,3.0,3.965549329947037,0.8706936662433796,0.5793583393096924,3.631397008895874,3.0520386695861816,0.023366106020297785
8,8,1.0,additive,4,8,6400,800.0,3.0,3.1176009884458136,0.7647001235557267,0.5181007385253906,3.269169569015503,2.7510688304901123,0.43594418288716874
8,8,1.0,additive,5,8,6400,800.0,3.0,3.209732312086955,0.7762165390108694,0.4189033508300781,3.075380802154541,2.656477451324463,0.28380385554873694
8,8,1.0,additive,1,8,6400,800.0,3.0,4.176623378567204,0.8970779223209004,0.5256729125976562,4.044785499572754,3.5191125869750977,0.41501606949272335
8,8,1.0,additive,7,8,6400,800.0,3.0,4.134772177441388,0.8918465221801735,0.545778751373291,3.9827969074249268,3.4370181560516357,0.41768085847724973
8,8,1.0,additive,6,8,6400,800.0,3.0,4.0953014122905165,0.8869126765363146,0.5261406898498535,3.0099220275878906,2.483781337738037,0.36626790020161154
8,8,1.0,interactive,0,8,6400,800.0,3.8,2.879159504782099,0.8348949380977624,0.15668320655822754,2.6543571949005127,2.497673988342285,0.37751859411817085
8,8,1.0,interactive,1,8,6400,800.0,4.0,1.8441186862795298,0.7305148357849413,0.3796420097351074,2.430182695388794,2.0505406856536865,0.5860430568364977
8,8,1.0,interactive,2,8,6400,800.0,4.6,1.7706659858104545,0.7963332482263068,0.15221071243286133,2.103029489517212,1.9508187770843506,0.558126537123322
8,8,1.0,interactive,3,8,6400,800.0,4.0,1.9138921422841593,0.7392365177855199,0.24515557289123535,2.466026782989502,2.2208712100982666,0.3671672619970797
8,8,1.0,interactive,4,8,6400,800.0,4.0,3.06217899111388,0.882772373889235,0.31258344650268555,1.9572973251342773,1.6447138786315918,0.52324849514379
8,8,1.0,interactive,7,8,6400,800.0,3.0,3.644214345337351,0.8305267931671689,0.13836312294006348,3.5380337238311768,3.3996706008911133,0.34884695083533407
8,8,1.0,interactive,6,8,6400,800.0,4.0,2.053078234282618,0.7566347792853272,0.3651086091995239,1.775565266609192,1.410456657409668,0.34172663727556574
8,8,1.0,interactive,5,8,6400,800.0,5.0,2.5370719456425554,0.9421339932053194,0.20980775356292725,2.038865089416504,1.8290573358535767,0.6428413275746578
8,10,1.25,additive,0,8,6400,640.0,3.0,5.0917069945159446,0.8091706994515946,0.23808765411376953,3.290126323699951,3.0520386695861816,0.03136031925617608
8,10,1.25,additive,1,8,6400,640.0,3.5,4.630044173751287,0.8130044173751287,0.1839885711669922,3.70310115814209,3.5191125869750977,0.42426309136414425
8,10,1.25,additive,7,8,6400,640.0,3.0,3.955412626586569,0.6955412626586568,0.14390182495117188,3.5809199810028076,3.4370181560516357,0.3684049617886288
8,10,1.25,additive,3,8,6400,640.0,3.0,4.579447227991582,0.7579447227991583,0.15974187850952148,2.941554546356201,2.7818126678466797,0.017981139833233066
8,10,1.25,additive,4,8,6400,640.0,3.0,4.109972480450958,0.7109972480450958,0.14388036727905273,2.894949197769165,2.7510688304901123,0.2365328073695704
8,10,1.25,additive,5,8,6400,640.0,4.0,4.285559337511382,0.8285559337511381,0.15989160537719727,2.81636905670166,2.656477451324463,0.3705951275095968
8,10,1.25,additive,2,8,6400,640.0,3.0,4.922114690916911,0.792211469091691,0.20498371124267578,3.291485548019409,3.0865018367767334,0.14333275976074938
8,10,1.25,additive,6,8,6400,640.0,4.0,4.158017574243489,0.8158017574243489,0.18057703971862793,2.664358377456665,2.483781337738037,0.3399541266929017
8,10,1.25,interactive,7,8,6400,640.0,4.0,4.94131841266887,0.894131841266887,0.08026766777038574,3.479938268661499,3.3996706008911133,0.22827256651168587
8,10,1.25,interactive,3,8,6400,640.0,5.0,3.4267843785157646,0.8426784378515764,0.0802156925201416,2.301086902618408,2.2208712100982666,0.5159115182600073
8,10,1.25,interactive,4,8,6400,640.0,5.1,3.0699254991274034,0.8169925499127404,0.07923734188079834,1.7239512205123901,1.6447138786315918,0.5808197698557024
8,10,1.25,interactive,2,8,6400,640.0,6.0,4.137986373150895,1.0137986373150896,0.08515453338623047,2.035973310470581,1.9508187770843506,0.6420551710864597
8,10,1.25,interactive,6,8,6400,640.0,5.0,2.9264293030282076,0.7926429303028207,0.16004300117492676,1.5704996585845947,1.410456657409668,0.539058546074232
8,10,1.25,interactive,0,8,6400,640.0,4.0,3.846150759928645,0.7846150759928645,0.1308283805847168,2.628502368927002,2.497673988342285,0.27072098213106777
8,10,1.25,interactive,5,8,6400,640.0,5.0,4.3209430980098995,0.9320943098009898,0.09202277660369873,1.9210801124572754,1.8290573358535767,0.519313217815726
8,12,1.5,additive,0,8,6400,533.3333333333334,4.0,6.437695223491162,0.8698079352909301,0.027357101440429688,3.0793957710266113,3.0520386695861816,0.3680409937767382
8,10,1.25,interactive,1,8,6400,640.0,4.4,3.3256363474495045,0.7725636347449505,0.12865948677062988,2.1792001724243164,2.0505406856536865,0.579338113056855
8,12,1.5,additive,1,8,6400,533.3333333333334,4.0,5.614900462566001,0.8012417052138335,0.03537774085998535,3.554490327835083,3.5191125869750977,0.4953870971466679
8,12,1.5,additive,5,8,6400,533.3333333333334,5.0,6.134179021288408,0.927848251774034,0.028581619262695312,2.685059070587158,2.656477451324463,0.26693485543903595
8,12,1.5,additive,4,8,6400,533.3333333333334,5.0,6.067587759434085,0.9222989799528404,0.03040289878845215,2.7814717292785645,2.7510688304901123,0.43571437727285334
8,12,1.5,additive,6,8,6400,533.3333333333334,5.0,6.089524495370285,0.924127041280857,0.027028560638427734,2.510809898376465,2.483781337738037,0.28825587815941456
8,12,1.5,additive,2,8,6400,533.3333333333334,4.7,6.081253108726479,0.8984377590605398,0.030399322509765625,3.116901159286499,3.0865018367767334,0.35954077753572644
8,12,1.5,additive,3,8,6400,533.3333333333334,4.0,6.000161471047523,0.8333467892539602,0.029054641723632812,2.8108673095703125,2.7818126678466797,0.3259379719508432
8,12,1.5,additive,7,8,6400,533.3333333333334,3.0,6.027710871535704,0.7523092392946419,0.034006595611572266,3.471024751663208,3.4370181560516357,0.2649557719596426
8,12,1.5,interactive,1,8,6400,533.3333333333334,6.0,3.925649828662573,0.8271374857218811,0.04964613914489746,2.100186824798584,2.0505406856536865,0.621600068782964
8,12,1.5,interactive,0,8,6400,533.3333333333334,5.0,5.457436544787319,0.8714530453989432,0.07618880271911621,2.5738627910614014,2.497673988342285,0.6184728935989494
8,12,1.5,interactive,3,8,6400,533.3333333333334,5.3,5.559955024986894,0.9049962520822411,0.06229710578918457,2.283168315887451,2.2208712100982666,0.4754233354036742
8,12,1.5,interactive,4,8,6400,533.3333333333334,6.0,3.37911823352621,0.7815931861271842,0.06973433494567871,1.7144482135772705,1.6447138786315918,0.5972707365663531
8,12,1.5,interactive,2,8,6400,533.3333333333334,5.0,3.4929780474529797,0.7077481706210816,0.07641482353210449,2.027233600616455,1.9508187770843506,0.6105432258090301
8,12,1.5,interactive,5,8,6400,533.3333333333334,5.0,4.7021296884711195,0.8085108073725933,0.08771884441375732,1.916776180267334,1.8290573358535767,0.4704480128415315
8,12,1.5,interactive,6,8,6400,533.3333333333334,6.0,4.049245394885018,0.8374371162404182,0.07469403743743896,1.485150694847107,1.410456657409668,0.6045862736672316
8,14,1.75,additive,1,8,6400,457.14285714285717,4.0,7.097385872796635,0.792670419485474,0.02527332305908203,3.5443859100341797,3.5191125869750977,0.08581296804507425
8,12,1.5,interactive,7,8,6400,533.3333333333334,4.0,5.2319373064673185,0.7693281088722767,0.04607892036437988,3.445749521255493,3.3996706008911133,0.6419094937898183
8,14,1.75,additive,6,8,6400,457.14285714285717,4.0,6.954724662214068,0.7824803330152906,0.023776531219482422,2.5075578689575195,2.483781337738037,0.01049316153627236
8,14,1.75,additive,0,8,6400,457.14285714285717,4.0,6.808691245906507,0.7720493747076077,0.02610468864440918,3.078143358230591,3.0520386695861816,0.07619204884502824
8,14,1.75,additive,3,8,6400,457.14285714285717,6.0,6.93508047752318,0.9239343198230843,0.024632930755615234,2.806445598602295,2.7818126678466797,0.3982547298631832
8,14,1.75,additive,2,8,6400,457.14285714285717,6.0,6.825171903267857,0.9160837073762755,0.02575063705444336,3.1122524738311768,3.0865018367767334,0.13688358668328182
8,14,1.75,interactive,0,8,6400,457.14285714285717,6.0,5.887016389339387,0.8490725992385276,0.054765939712524414,2.5524399280548096,2.497673988342285,0.49784517440909487
8,14,1.75,interactive,2,8,6400,457.14285714285717,6.0,4.638378053003066,0.7598841466430761,0.045023202896118164,1.9958419799804688,1.9508187770843506,0.49192575931036775
8,14,1.75,additive,5,8,6400,457.14285714285717,6.0,6.914901757943534,0.9224929827102525,0.025705814361572266,2.682183265686035,2.656477451324463,0.3052628773341951
8,14,1.75,interactive,5,8,6400,457.14285714285717,6.0,6.8382685141931905,0.9170191795852279,0.04811668395996094,1.8771740198135376,1.8290573358535767,0.4793131172406232
8,14,1.75,interactive,1,8,6400,457.14285714285717,6.0,5.792489011009016,0.8423206436435011,0.04008054733276367,2.09062123298645,2.0505406856536865,0.47050600485394245
8,14,1.75,additive,4,8,6400,457.14285714285717,5.0,6.69121011940505,0.8350864371003607,0.024588346481323242,2.7756571769714355,2.7510688304901123,0.2566695361261089
8,14,1.75,interactive,4,8,6400,457.14285714285717,6.0,4.644888816487358,0.7603492011776684,0.051883578300476074,1.6965974569320679,1.6447138786315918,0.6145250293793515
8,16,2.0,additive,0,8,6400,400.0,5.2,8.092825047509479,0.8308015654693424,0.025938034057617188,3.077976703643799,3.0520386695861816,0.13774890082560096
8,14,1.75,additive,7,8,6400,457.14285714285717,4.0,6.872333823536507,0.7765952731097505,0.02681136131286621,3.463829517364502,3.4370181560516357,0.19924692519913526
8,14,1.75,interactive,7,8,6400,457.14285714285717,5.1,5.589019489340351,0.7635013920957393,0.04203915596008301,3.4417097568511963,3.3996706008911133,0.44369102194419086
8,14,1.75,interactive,3,8,6400,457.14285714285717,6.0,6.485156454177142,0.8917968895840815,0.049074649810791016,2.2699458599090576,2.2208712100982666,0.6411513493010698
8,14,1.75,interactive,6,8,6400,457.14285714285717,6.3,6.079728838143559,0.8842663455816828,0.05374801158905029,1.4642046689987183,1.410456657409668,0.4260807326611092
8,16,2.0,additive,1,8,6400,400.0,4.0,7.590061563877053,0.7243788477423159,0.02544546127319336,3.544558048248291,3.5191125869750977,0.17787131861120134
8,16,2.0,additive,3,8,6400,400.0,5.0,7.634396465967013,0.7896497791229383,0.023714065551757812,2.8055267333984375,2.7818126678466797,0.3045687392748318
8,16,2.0,additive,2,8,6400,400.0,4.0,7.469964570316012,0.7168727856447508,0.0246884822845459,3.1111903190612793,3.0865018367767334,0.19099495893328391
8,16,2.0,additive,4,8,6400,400.0,6.0,7.598827936489988,0.8499267460306242,0.02419900894165039,2.7752678394317627,2.7510688304901123,0.2603444958954818
8,16,2.0,additive,5,8,6400,400.0,6.0,7.734697933789287,0.8584186208618305,0.025833845138549805,2.6823112964630127,2.656477451324463,0.22489609628242097
8,16,2.0,additive,6,8,6400,400.0,5.0,7.632297276041889,0.7895185797526181,0.024499177932739258,2.5082805156707764,2.483781337738037,0.18808788449480765
8,16,2.0,additive,7,8,6400,400.0,4.0,7.665523867267277,0.7290952417042048,0.025726795196533203,3.462744951248169,3.4370181560516357,0.24768555184082372
8,16,2.0,interactive,0,8,6400,400.0,7.0,7.024475117331197,0.8765296948331998,0.03785991668701172,2.535533905029297,2.497673988342285,0.5765914123403859
8,16,2.0,interactive,1,8,6400,400.0,6.0,5.591423784338571,0.7244639865211606,0.03596687316894531,2.086507558822632,2.0505406856536865,0.5039553180883294
8,16,2.0,interactive,2,8,6400,400.0,6.0,5.153070990944638,0.6970669369340399,0.03978145122528076,1.9906002283096313,1.9508187770843506,0.5317625304323302
8,16,2.0,interactive,3,8,6400,400.0,6.0,6.81262615247129,0.8007891345294555,0.03712606430053711,2.2579972743988037,2.2208712100982666,0.47743578520114116
8,16,2.0,interactive,4,8,6400,400.0,6.7,5.110460271046332,0.7381537669403957,0.04455900192260742,1.6892728805541992,1.6447138786315918,0.5920587080919569
8,16,2.0,interactive,5,8,6400,400.0,6.1,7.259103918491375,0.8349439949057109,0.04427516460418701,1.8733325004577637,1.8290573358535767,0.4628461289900822
8,20,2.5,additive,2,8,6400,320.0,7.0,8.130461121359728,0.7565230560679864,0.023368120193481445,3.109869956970215,3.0865018367767334,0.1644378377770938
8,20,2.5,additive,6,8,6400,320.0,5.0,8.028869699550969,0.6514434849775484,0.02332472801208496,2.507106065750122,2.483781337738037,0.028780109647731422
8,16,2.0,interactive,7,8,6400,400.0,6.0,6.003649241337961,0.7502280775836225,0.038942575454711914,3.438613176345825,3.3996706008911133,0.6105291140284449
8,20,2.5,additive,1,8,6400,320.0,5.0,8.209031974702128,0.6604515987351064,0.024864912033081055,3.5439774990081787,3.5191125869750977,0.22208882922409093
8,20,2.5,additive,0,8,6400,320.0,6.0,8.270300078082862,0.7135150039041431,0.02502918243408203,3.0770678520202637,3.0520386695861816,0.15293680210003646
8,20,2.5,additive,3,8,6400,320.0,6.0,8.072319903994668,0.7036159951997334,0.024229049682617188,2.806041717529297,2.7818126678466797,0.22541271719055808
8,20,2.5,additive,4,8,6400,320.0,5.9,8.288598541202926,0.7094299270601463,0.024534940719604492,2.775603771209717,2.7510688304901123,0.36954980075805666
8,16,2.0,interactive,6,8,6400,400.0,7.0,6.112758727929296,0.819547420495581,0.05274689197540283,1.4632035493850708,1.410456657409668,0.6148757569395764
8,20,2.5,additive,7,8,6400,320.0,6.0,8.789333405968575,0.7394666702984287,0.02439594268798828,3.461414098739624,3.4370181560516357,0.18311909414480804
8,20,2.5,additive,5,8,6400,320.0,6.0,7.869931172502573,0.6934965586251287,0.027894973754882812,2.6843724250793457,2.656477451324463,0.16787830074821114
8,20,2.5,interactive,7,8,6400,320.0,6.5,7.075095252048701,0.6787547626024351,0.028761863708496094,3.4284324645996094,3.3996706008911133,0.4307989546183403
8,20,2.5,interactive,4,8,6400,320.0,7.0,6.319353759910224,0.6659676879955112,0.036580681800842285,1.681294560432434,1.6447138786315918,0.5879244592623387
8,20,2.5,interactive,0,8,6400,320.0,7.0,6.932672376704006,0.6966336188352003,0.037700653076171875,2.535374641418457,2.497673988342285,0.5811406282785117
8,20,2.5,interactive,2,8,6400,320.0,6.0,7.121997345437596,0.6560998672718797,0.032518863677978516,1.983337640762329,1.9508187770843506,0.28395930137877773
8,20,2.5,interactive,3,8,6400,320.0,7.0,7.668936764662908,0.7334468382331454,0.03504157066345215,2.2559127807617188,2.2208712100982666,0.4564901182989856
8,20,2.5,interactive,1,8,6400,320.0,6.0,7.978115265622685,0.6989057632811342,0.03153395652770996,2.0820746421813965,2.0505406856536865,0.403029066614918
8,20,2.5,interactive,5,8,6400,320.0,7.0,6.884642768078843,0.6942321384039422,0.03771078586578369,1.8667681217193604,1.8290573358535767,0.520169061426589
8,20,2.5,interactive,6,8,6400,320.0,7.0,7.952828462895926,0.7476414231447963,0.0373387336730957,1.4477953910827637,1.410456657409668,0.512487705523838
8,24,3.0,additive,0,8,6400,266.6666666666667,7.0,9.2030106881685,0.6751254453403542,0.02521991729736328,3.077258586883545,3.0520386695861816,0.2134228157109035
8,24,3.0,additive,1,8,6400,266.6666666666667,5.0,8.526196692936642,0.5635915288723601,0.02495431900024414,3.544066905975342,3.5191125869750977,0.1077811575728698
8,24,3.0,additive,3,8,6400,266.6666666666667,7.0,8.684569220314382,0.6535237175130992,0.022940635681152344,2.804753303527832,2.7818126678466797,0.4217985378275954
8,24,3.0,additive,2,8,6400,266.6666666666667,5.0,8.471111581703997,0.5612963159043333,0.023369312286376953,3.1098711490631104,3.0865018367767334,0.03954432657002135
8,24,3.0,additive,5,8,6400,266.6666666666667,7.0,9.046998781807092,0.6686249492419621,0.024010658264160156,2.680488109588623,2.656477451324463,0.12793038992208744
8,24,3.0,additive,4,8,6400,266.6666666666667,6.2,8.63658234491765,0.6181909310382355,0.02401113510131836,2.7750799655914307,2.7510688304901123,0.08893250686256644
8,24,3.0,additive,7,8,6400,266.6666666666667,5.6,9.072738216706853,0.6113640923627855,0.025520801544189453,3.462538957595825,3.4370181560516357,0.25211188262127565
8,24,3.0,additive,6,8,6400,266.6666666666667,6.0,8.663370323669408,0.6109737634862253,0.023743152618408203,2.5075244903564453,2.483781337738037,0.22034755693074773
8,24,3.0,interactive,0,8,6400,266.6666666666667,7.0,7.895250660001937,0.6206354441667474,0.031139373779296875,2.528813362121582,2.497673988342285,0.40998939198471207
8,24,3.0,interactive,1,8,6400,266.6666666666667,6.5,7.95902185016489,0.6024592437568704,0.03320813179016113,2.0837488174438477,2.0505406856536865,0.4053298895539557
8,24,3.0,interactive,2,8,6400,266.6666666666667,6.4,8.133558162775776,0.6055649234489907,0.032088398933410645,1.9829071760177612,1.9508187770843506,0.3365080777850892
8,24,3.0,interactive,4,8,6400,266.6666666666667,7.0,7.397139197280454,0.5998807998866856,0.03438246250152588,1.6790963411331177,1.6447138786315918,0.4840874189363797
8,24,3.0,interactive,3,8,6400,266.6666666666667,7.0,8.417110589176884,0.6423796078823701,0.030576705932617188,2.251447916030884,2.2208712100982666,0.44551601580292777
8,24,3.0,interactive,5,8,6400,266.6666666666667,7.0,8.854092773032272,0.6605871988763447,0.03464043140411377,1.8636977672576904,1.8290573358535767,0.3854695694961126
8,24,3.0,interactive,6,8,6400,266.6666666666667,7.0,7.40988159556915,0.6004117331487145,0.03869128227233887,1.4491479396820068,1.410456657409668,0.42436454000040225
8,24,3.0,interactive,7,8,6400,266.6666666666667,7.0,6.678797454592091,0.5699498939413371,0.025806427001953125,3.4254770278930664,3.3996706008911133,0.4984502588326327
8,32,4.0,additive,1,8,6400,200.0,6.0,9.687970580604581,0.49024908064389316,0.02579021453857422,3.544902801513672,3.5191125869750977,0.15680047118752355
8,32,4.0,additive,0,8,6400,200.0,7.0,9.578272439139097,0.5180710137230968,0.02459859848022461,3.0766372680664062,3.0520386695861816,0.2387020154413358
8,32,4.0,additive,6,8,6400,200.0,7.0,9.642717312119947,0.5200849160037484,0.02414560317993164,2.5079269409179688,2.483781337738037,0.23337150498492337
8,32,4.0,additive,3,8,6400,200.0,5.0,9.410368051726428,0.45032400161645086,0.0242617130279541,2.806074380874634,2.7818126678466797,0.058173538489218544
8,32,4.0,additive,2,8,6400,200.0,6.0,9.34111828549505,0.4794099464217203,0.0247952938079834,3.111297130584717,3.0865018367767334,0.16528929248524427
8,32,4.0,interactive,3,8,6400,200.0,7.0,9.31911850438284,0.5099724532619638,0.031717777252197266,2.252588987350464,2.2208712100982666,0.3471423866993376
8,32,4.0,interactive,2,8,6400,200.0,7.0,9.127641214538546,0.5039887879543296,0.03020656108856201,1.9810253381729126,1.9508187770843506,0.39726641352032577
8,32,4.0,interactive,0,8,6400,200.0,7.0,8.907400590769534,0.49710626846154793,0.03235292434692383,2.530026912689209,2.497673988342285,0.39180397727172955
8,32,4.0,interactive,1,8,6400,200.0,6.0,9.096427786345275,0.47176336832328986,0.029369354248046875,2.0799100399017334,2.0505406856536865,0.27178692048893305
8,32,4.0,additive,5,8,6400,200.0,6.5,9.169113731733654,0.4896598041166767,0.02440810203552246,2.6808855533599854,2.656477451324463,0.12950260513619252
8,32,4.0,interactive,4,8,6400,200.0,7.0,8.993359643624858,0.4997924888632768,0.03412127494812012,1.678835153579712,1.6447138786315918,0.4733238993318694
8,32,4.0,additive,7,8,6400,200.0,5.0,9.654214276939994,0.4579441961543748,0.02620863914489746,3.463226795196533,3.4370181560516357,0.10653670238621397
8,32,4.0,interactive,5,8,6400,200.0,7.0,9.902031872509996,0.5281884960159373,0.03257322311401367,1.8616305589675903,1.8290573358535767,0.35558352032026347
8,32,4.0,additive,4,8,6400,200.0,7.0,9.158289843378776,0.5049465576055867,0.026653766632080078,2.7777225971221924,2.7510688304901123,0.25343871652089034
8,32,4.0,interactive,7,8,6400,200.0,7.0,8.21596642868753,0.4754989508964853,0.026987552642822266,3.4266581535339355,3.3996706008911133,0.31395388300669336
8,32,4.0,interactive,6,8,6400,200.0,7.0,9.36435562965459,0.5113861134267059,0.03720366954803467,1.4476603269577026,1.410456657409668,0.38230369614616755
8,40,5.0,additive,1,8,6400,160.0,5.0,10.357172776614526,0.3839293194153631,0.02652883529663086,3.5456414222717285,3.5191125869750977,0.1180106139165944
8,40,5.0,additive,3,8,6400,160.0,7.0,10.955826874979717,0.4488956718744929,0.026607751846313477,2.808420419692993,2.7818126678466797,0.12209255053397527
8,40,5.0,additive,0,8,6400,160.0,7.0,10.175457166376487,0.4293864291594122,0.02646923065185547,3.078507900238037,3.0520386695861816,0.1924093670973121
8,40,5.0,additive,2,8,6400,160.0,6.0,10.45666318984849,0.41141657974621226,0.02450704574584961,3.111008882522583,3.0865018367767334,0.19059278858260306
8,40,5.0,additive,4,8,6400,160.0,6.0,9.754851585400193,0.39387128963500484,0.027198076248168945,2.7782669067382812,2.7510688304901123,0.10420787255294742
8,40,5.0,additive,5,8,6400,160.0,7.0,10.065858591043007,0.42664646477607515,0.027086734771728516,2.6835641860961914,2.656477451324463,0.19347760853622592
12,4,0.333,additive,0,8,6400,1600.0,2.0,1.9905711051883992,0.9976427762970999,1.9305925369262695,4.965743064880371,3.0351505279541016,0.0013573664731175812
8,40,5.0,additive,6,8,6400,160.0,7.0,10.599737622164472,0.4399934405541118,0.02651238441467285,2.51029372215271,2.483781337738037,0.22711862593410825
12,4,0.333,additive,2,8,6400,1600.0,2.0,1.9959487361463915,0.9989871840365978,1.6269817352294922,4.351275444030762,2.7242937088012695,0.0011062998834831387
12,4,0.333,additive,1,8,6400,1600.0,2.0,1.1126021330181033,0.7781505332545258,2.125563144683838,5.0181732177734375,2.8926100730895996,0.15797168312077767
12,4,0.333,additive,6,8,6400,1600.0,3.0,1.2668160805943351,1.0667040201485838,1.6447515487670898,4.198970794677734,2.5542192459106445,0.6648613550781511
12,4,0.333,additive,4,8,6400,1600.0,4.0,1.8912381283264825,1.4728095320816206,1.7876622676849365,4.255581378936768,2.467919111251831,1.0000000000000004
12,4,0.333,additive,5,8,6400,1600.0,3.0,1.6739288408077773,1.1684822102019443,1.8610060214996338,4.521115779876709,2.660109758377075,0.6282472565638688
8,40,5.0,interactive,1,8,6400,160.0,7.0,9.182563805721497,0.4045640951430374,0.03137803077697754,2.081918716430664,2.0505406856536865,0.40878894615617656
12,4,0.333,interactive,1,8,6400,1600.0,3.0,1.3508671033183268,1.0877167758295818,2.166592597961426,3.7504680156707764,1.5838754177093506,0.6397799026383882
12,4,0.333,additive,3,8,6400,1600.0,3.0,1.1956991693312053,1.0489247923328013,1.6266891956329346,4.324875831604004,2.6981866359710693,0.6607757368321868
12,4,0.333,additive,7,8,6400,1600.0,2.0,2.0025104675871894,1.0006276168967974,1.6811861991882324,4.422032833099365,2.740846633911133,0.0033067129804902244
8,40,5.0,additive,7,8,6400,160.0,5.0,10.487392262751355,0.38718480656878385,0.027245759963989258,3.464263916015625,3.4370181560516357,0.1525633201969056
12,4,0.333,interactive,0,8,6400,1600.0,3.0,1.6610121341256334,1.1652530335314084,1.7374668717384338,2.687516927719116,0.9500500559806824,0.7329033862576365
8,40,5.0,interactive,0,8,6400,160.0,7.0,9.131130642934725,0.40327826607336814,0.032263755798339844,2.529937744140625,2.497673988342285,0.32271680176698975
12,4,0.333,interactive,3,8,6400,1600.0,3.0,1.9433700178548816,1.2358425044637205,1.489019751548767,2.841688871383667,1.3526691198349,0.6930034332593025
12,4,0.333,interactive,2,8,6400,1600.0,4.0,1.3475888560789384,1.3368972140197346,2.2367860674858093,3.1165335178375244,0.8797474503517151,0.9999999999999998
12,4,0.333,interactive,4,8,6400,1600.0,3.0,1.9536453299839704,1.2384113324959927,2.1601772904396057,2.98673939704895,0.8265621066093445,0.8471429051518451
8,40,5.0,interactive,4,8,6400,160.0,7.0,9.154101465669289,0.4038525366417322,0.03403520584106445,1.6787490844726562,1.6447138786315918,0.43679127332707274
12,4,0.333,interactive,5,8,6400,1600.0,3.0,1.77246789607799,1.1931169740194976,2.274693489074707,4.275579929351807,2.0008864402770996,1.3333333333333333
8,40,5.0,interactive,2,8,6400,160.0,6.9,9.364693798414537,0.40661734496036345,0.030889511108398438,1.981708288192749,1.9508187770843506,0.38897054552289695
8,40,5.0,interactive,3,8,6400,160.0,7.0,9.562535369318843,0.4140633842329711,0.03034520149230957,2.251216411590576,2.2208712100982666,0.32936823052373976
8,40,5.0,interactive,5,8,6400,160.0,7.0,10.953647634690716,0.4488411908672679,0.034412264823913574,1.8634696006774902,1.8290573358535767,0.291343772274367
8,40,5.0,interactive,6,8,6400,160.0,7.0,9.682400263182743,0.41706000657956854,0.033649444580078125,1.444106101989746,1.410456657409668,0.3429727657070874
8,40,5.0,interactive,7,8,6400,160.0,7.0,8.434642386209378,0.38586605965523446,0.026468753814697266,3.4261393547058105,3.3996706008911133,0.42169251048762585
12,6,0.5,additive,0,8,6400,1066.6666666666667,3.0,2.903099314388089,0.9838498857313481,1.3367528915405273,4.371903419494629,3.0351505279541016,0.0026344384016026806
12,4,0.333,interactive,7,8,6400,1600.0,3.0,2.2443965200197855,1.3110991300049464,1.1686898469924927,2.1467225551605225,0.9780327081680298,0.8497981015799997
12,4,0.333,interactive,6,8,6400,1600.0,3.0,1.8205178700593814,1.2051294675148454,2.064167082309723,2.957000732421875,0.8928336501121521,0.7424226120474189
12,6,0.5,additive,1,8,6400,1066.6666666666667,3.5,2.2325048089843125,0.9554174681640522,1.328622817993164,4.221232891082764,2.8926100730895996,0.25303692319161275
12,6,0.5,additive,3,8,6400,1066.6666666666667,3.0,1.3596090930429046,0.7266015155071508,1.2063989639282227,3.904585599899292,2.6981866359710693,0.4287451763935273
12,6,0.5,additive,2,8,6400,1066.6666666666667,3.0,3.0140882385719783,1.0023480397619964,1.3251395225524902,4.04943323135376,2.7242937088012695,0.6573907241309269
12,6,0.5,additive,6,8,6400,1066.6666666666667,3.0,2.984056797737495,0.9973427996229157,1.1978471279144287,3.7520663738250732,2.5542192459106445,0.004458457633699214
12,6,0.5,additive,4,8,6400,1066.6666666666667,4.0,3.01018853864834,1.16836475644139,1.194152593612671,3.662071704864502,2.467919111251831,0.47818474403328803
12,6,0.5,additive,5,8,6400,1066.6666666666667,3.0,1.254242522735446,0.7090404204559076,1.4577891826629639,4.117898941040039,2.660109758377075,0.6569593744918624
12,6,0.5,additive,7,8,6400,1066.6666666666667,3.0,2.983248217772107,0.9972080362953513,1.2082164287567139,3.9490630626678467,2.740846633911133,0.0057673864692668626
12,6,0.5,interactive,0,8,6400,1066.6666666666667,5.0,2.7012677371590113,1.283544622859835,1.2235246300697327,2.173574686050415,0.9500500559806824,0.8538124324219503
12,6,0.5,interactive,1,8,6400,1066.6666666666667,3.0,2.6944660222512566,0.9490776703752095,1.5459299087524414,3.129805326461792,1.5838754177093506,0.2415563342047456
12,6,0.5,interactive,4,8,6400,1066.6666666666667,4.0,1.7650761237453627,0.9608460206242272,1.5014291405677795,2.327991247177124,0.8265621066093445,0.48714508702145676
12,6,0.5,interactive,3,8,6400,1066.6666666666667,4.0,2.532268657664854,1.0887114429441425,1.1844826936721802,2.53715181350708,1.3526691198349,0.8828497403842969
12,6,0.5,interactive,2,8,6400,1066.6666666666667,4.0,2.581648069316737,1.0969413448861227,1.715209186077118,2.594956636428833,0.8797474503517151,0.996583991398649
12,6,0.5,interactive,5,8,6400,1066.6666666666667,4.0,2.1012946816113125,1.0168824469352187,1.0953516960144043,3.096238136291504,2.0008864402770996,0.4901760775037195
12,6,0.5,interactive,7,8,6400,1066.6666666666667,3.0,1.7165622506456817,0.786093708440947,0.778484582901001,1.7565172910690308,0.9780327081680298,0.5175587896461986
12,8,0.667,additive,1,8,6400,800.0,4.0,4.074199995734576,1.009274999466822,0.908099889755249,3.8007099628448486,2.8926100730895996,0.1934273542327449
12,6,0.5,interactive,6,8,6400,1066.6666666666667,5.0,2.9655020572998345,1.327583676216639,1.6590784192085266,2.5519120693206787,0.8928336501121521,0.8117496746310702
12,8,0.667,additive,0,8,6400,800.0,4.0,4.116957104515155,1.0146196380643944,0.9544496536254883,3.98960018157959,3.0351505279541016,0.3106510408073362
12,8,0.667,additive,2,8,6400,800.0,4.0,3.972309410652206,0.9965386763315258,0.855330228805542,3.5796239376068115,2.7242937088012695,0.16982486096389707
12,8,0.667,additive,5,8,6400,800.0,4.0,4.037149723640474,1.0046437154550594,0.891254186630249,3.551363945007324,2.660109758377075,0.033111556192918085
12,8,0.667,additive,3,8,6400,800.0,4.0,3.872197732057206,0.9840247165071507,0.8158009052276611,3.5139875411987305,2.6981866359710693,0.43886486535838853
12,8,0.667,additive,6,8,6400,800.0,4.0,4.039567645217809,1.004945955652226,0.8467750549316406,3.400994300842285,2.5542192459106445,0.30693830969306574
12,8,0.667,additive,4,8,6400,800.0,4.0,3.9085776912354806,0.9885722114044351,0.8496942520141602,3.317613363265991,2.467919111251831,0.18360957814080964
12,8,0.667,additive,7,8,6400,800.0,4.0,4.024668127658072,1.0030835159572589,0.8688843250274658,3.6097309589385986,2.740846633911133,0.050772742510929815
12,8,0.667,interactive,0,8,6400,800.0,5.0,2.4058434588443793,0.9257304323555474,0.8143089413642883,1.7643589973449707,0.9500500559806824,0.6008932673165314
12,8,0.667,interactive,1,8,6400,800.0,4.0,3.220078040864266,0.9025097551080332,0.811575174331665,2.3954505920410156,1.5838754177093506,0.2405735807742221
12,8,0.667,interactive,2,8,6400,800.0,5.0,2.733911702184907,0.9667389627731133,0.8687281012535095,1.7484755516052246,0.8797474503517151,0.6694691909411539
12,8,0.667,interactive,3,8,6400,800.0,5.0,3.0707852503725426,1.0088481562965679,0.40654897689819336,1.7592180967330933,1.3526691198349,0.646388316028098
12,8,0.667,interactive,4,8,6400,800.0,5.0,2.794516803688396,0.9743146004610495,0.7596158385276794,1.586177945137024,0.8265621066093445,0.6677540289503506
12,8,0.667,interactive,5,8,6400,800.0,4.0,2.860853039215101,0.8576066299018876,0.44727087020874023,2.44815731048584,2.0008864402770996,0.29634519635423884
12,8,0.667,interactive,6,8,6400,800.0,6.0,3.4312524253172865,1.1789065531646608,1.1360686421394348,2.028902292251587,0.8928336501121521,0.7610372065656529
12,8,0.667,interactive,7,8,6400,800.0,5.0,2.7470620215838286,0.9683827526979786,0.4279663562774658,1.4059990644454956,0.9780327081680298,0.9476756565424456
12,10,0.833,additive,1,8,6400,640.0,4.0,4.1595403552679535,0.8159540355267954,0.5431911945343018,3.4358012676239014,2.8926100730895996,0.1674904383993283
12,10,0.833,additive,0,8,6400,640.0,5.0,3.988284472392539,0.8988284472392539,0.6318254470825195,3.666975975036621,3.0351505279541016,0.5690892437571061
12,10,0.833,additive,4,8,6400,640.0,5.0,4.806891962297325,0.9806891962297325,0.5788838863372803,3.0468029975891113,2.467919111251831,0.28043378569231847
12,10,0.833,additive,3,8,6400,640.0,4.0,4.771833805252035,0.8771833805252035,0.49262571334838867,3.190812349319458,2.6981866359710693,0.37910771096982
12,10,0.833,additive,2,8,6400,640.0,4.0,4.928994990815222,0.8928994990815223,0.6088793277740479,3.3331730365753174,2.7242937088012695,0.3463007240108247
12,10,0.833,additive,5,8,6400,640.0,4.0,4.6793146034663025,0.8679314603466303,0.5437734127044678,3.203883171081543,2.660109758377075,0.25415832229667135
12,10,0.833,additive,6,8,6400,640.0,4.0,5.090707274080619,0.9090707274080618,0.5359101295471191,3.0901293754577637,2.5542192459106445,0.1823388572593465
12,10,0.833,interactive,1,8,6400,640.0,5.9,3.382450051881445,0.9282450051881446,0.28047049045562744,1.864345908164978,1.5838754177093506,0.7234275599449473
12,10,0.833,additive,7,8,6400,640.0,4.3,4.244442242388165,0.8544442242388165,0.5510764122009277,3.2919230461120605,2.740846633911133,0.3804139282576301
12,10,0.833,interactive,0,8,6400,640.0,6.7,4.040537074235735,1.0740537074235736,0.44221872091293335,1.3922687768936157,0.9500500559806824,0.7755876045930366
12,10,0.833,interactive,2,8,6400,640.0,5.0,4.082250265488214,0.9082250265488213,0.5788938403129578,1.4586412906646729,0.8797474503517151,0.5636912955223089
12,10,0.833,interactive,3,8,6400,640.0,6.0,2.803701194643374,0.8803701194643374,0.15893375873565674,1.5116028785705566,1.3526691198349,0.6034134101983913
12,10,0.833,interactive,5,8,6400,640.0,5.7,3.0548920316607013,0.8754892031660703,0.20097589492797852,2.201862335205078,2.0008864402770996,0.5112191129523613
12,10,0.833,interactive,4,8,6400,640.0,6.0,2.56828567640943,0.8568285676409431,0.49387866258621216,1.3204407691955566,0.8265621066093445,0.7598623651266684
12,10,0.833,interactive,6,8,6400,640.0,6.0,4.8618082107976575,1.0861808210797659,0.6474707722663879,1.54030442237854,0.8928336501121521,0.6288067004359624
12,10,0.833,interactive,7,8,6400,640.0,5.0,4.212252092092722,0.9212252092092722,0.15790092945098877,1.1359336376190186,0.9780327081680298,0.5822852049251378
12,12,1.0,additive,1,8,6400,533.3333333333334,4.0,5.670077113316392,0.8058397594430327,0.32814979553222656,3.220759868621826,2.8926100730895996,0.34147697035910485
12,12,1.0,additive,0,8,6400,533.3333333333334,4.4,5.727740483503812,0.8439783736253177,0.3614630699157715,3.396613597869873,3.0351505279541016,0.3619196593413445
12,12,1.0,additive,6,8,6400,533.3333333333334,5.0,5.065151984741533,0.8387626653951278,0.2983376979827881,2.8525569438934326,2.5542192459106445,0.22069749560933713
12,12,1.0,additive,3,8,6400,533.3333333333334,5.0,4.347711377430862,0.7789759481192385,0.29630613327026367,2.994492769241333,2.6981866359710693,0.16474383017593686
12,12,1.0,additive,5,8,6400,533.3333333333334,4.0,5.239029821859736,0.7699191518216447,0.35027313232421875,3.010382890701294,2.660109758377075,0.11942099234553716
12,12,1.0,additive,2,8,6400,533.3333333333334,4.0,5.457186347633352,0.7880988623027795,0.30709052085876465,3.031384229660034,2.7242937088012695,0.19105570630839358
12,12,1.0,additive,4,8,6400,533.3333333333334,4.0,5.973743894806305,0.831145324567192,0.3692362308502197,2.837155342102051,2.467919111251831,0.017189753306172218
12,12,1.0,additive,7,8,6400,533.3333333333334,5.0,5.964095615048756,0.9136746345873963,0.3295586109161377,3.0704052448272705,2.740846633911133,0.30329887852087273
12,12,1.0,interactive,1,8,6400,533.3333333333334,6.0,5.671204612799165,0.9726003843999305,0.2691023349761963,1.8529777526855469,1.5838754177093506,0.5709413878075726
12,12,1.0,interactive,0,8,6400,533.3333333333334,7.0,4.259942286469204,0.9383285238724337,0.2007729411125183,1.1508229970932007,0.9500500559806824,0.7103153353898783
12,12,1.0,interactive,2,8,6400,533.3333333333334,7.0,4.010289516272176,0.9175241263560148,0.2975316643714905,1.1772791147232056,0.8797474503517151,0.6696032250374624
12,12,1.0,interactive,3,8,6400,533.3333333333334,7.0,3.1626946346653346,0.8468912195554447,0.10289859771728516,1.455567717552185,1.3526691198349,0.6501397710893505
12,12,1.0,interactive,4,8,6400,533.3333333333334,7.0,3.9375344072952707,0.9114612006079392,0.2745656371116638,1.1011277437210083,0.8265621066093445,0.6640443700237952
12,12,1.0,interactive,5,8,6400,533.3333333333334,6.0,4.409742226756533,0.8674785188963777,0.15679478645324707,2.1576812267303467,2.0008864402770996,0.38095988269629416
12,12,1.0,interactive,6,8,6400,533.3333333333334,7.0,5.331308407050629,1.0276090339208857,0.33242255449295044,1.2252562046051025,0.8928336501121521,0.6985804768995476
12,12,1.0,interactive,7,8,6400,533.3333333333334,5.3,3.760063471599473,0.7550052892999561,0.09167766571044922,1.069710373878479,0.9780327081680298,0.5164242454663243
12,14,1.167,additive,0,8,6400,457.14285714285717,5.0,6.716436996232144,0.8368883568737245,0.14238429069519043,3.177534818649292,3.0351505279541016,0.24801268489844844
12,14,1.167,additive,1,8,6400,457.14285714285717,5.0,6.70799595909061,0.8362854256493293,0.13538098335266113,3.0279910564422607,2.8926100730895996,0.23029895922534963
12,14,1.167,additive,2,8,6400,457.14285714285717,5.0,6.724441508312907,0.8374601077366363,0.12132692337036133,2.845620632171631,2.7242937088012695,0.1892343067302645
12,14,1.167,additive,4,8,6400,457.14285714285717,6.0,6.577617158119482,0.898401225579963,0.14372944831848145,2.6116485595703125,2.467919111251831,0.15593190702899742
12,14,1.167,additive,3,8,6400,457.14285714285717,5.0,6.65767874532198,0.8326913389515701,0.12636518478393555,2.824551820755005,2.6981866359710693,0.23835889025758533
12,14,1.167,additive,6,8,6400,457.14285714285717,6.0,6.890748197026149,0.9207677283590107,0.12529730796813965,2.679516553878784,2.5542192459106445,0.28621515127475705
12,14,1.167,additive,5,8,6400,457.14285714285717,5.0,7.046866836515497,0.8604904883225356,0.1477198600769043,2.8078296184539795,2.660109758377075,0.21885623012676464
12,14,1.167,additive,7,8,6400,457.14285714285717,5.0,6.94836616672285,0.8534547261944893,0.14751744270324707,2.88836407661438,2.740846633911133,0.2357375500256691
12,14,1.167,interactive,0,8,6400,457.14285714285717,7.0,5.734796170833554,0.9096282979166824,0.11250084638595581,1.0625509023666382,0.9500500559806824,0.5991977430549239
12,14,1.167,interactive,2,8,6400,457.14285714285717,7.0,6.5748951198273415,0.9696353657019531,0.20477980375289917,1.0845272541046143,0.8797474503517151,0.5988845546520498
12,14,1.167,interactive,3,8,6400,457.14285714285717,7.0,6.048869069906419,0.9320620764218871,0.07055032253265381,1.4232194423675537,1.3526691198349,0.58277398837087
12,14,1.167,interactive,1,8,6400,457.14285714285717,6.0,5.724276854815658,0.837448346772547,0.1878347396850586,1.7717101573944092,1.5838754177093506,0.428866623999529
12,14,1.167,interactive,6,8,6400,457.14285714285717,7.0,7.2235403754688905,1.0159671696763493,0.1574665904045105,1.0503002405166626,0.8928336501121521,0.6153318088898143
12,16,1.333,additive,0,8,6400,400.0,7.0,8.188720307576029,0.9492950192235018,0.040033817291259766,3.0751843452453613,3.0351505279541016,0.43202070757304273
12,14,1.167,interactive,4,8,6400,457.14285714285717,7.0,4.981144920666197,0.8557960657618712,0.14048904180526733,0.9670511484146118,0.8265621066093445,0.5893210717057757
12,16,1.333,additive,1,8,6400,400.0,6.0,8.320960453181884,0.8950600283238678,0.038709402084350586,2.93131947517395,2.8926100730895996,0.23850332018191184
12,14,1.167,interactive,7,8,6400,457.14285714285717,7.0,4.409265700347656,0.8149475500248327,0.08088219165802002,1.0589148998260498,0.9780327081680298,0.6694227929165372
12,16,1.333,additive,2,8,6400,400.0,5.7,8.17054489304994,0.8669090558156212,0.03444552421569824,2.7587392330169678,2.7242937088012695,0.254062688616155
12,14,1.167,interactive,5,8,6400,457.14285714285717,7.0,4.216743151154869,0.801195939368205,0.09130358695983887,2.0921900272369385,2.0008864402770996,0.6357029994470527
12,16,1.333,additive,4,8,6400,400.0,7.0,7.987754971445789,0.9367346857153618,0.03937053680419922,2.5072896480560303,2.467919111251831,0.24999691600266588
12,16,1.333,additive,3,8,6400,400.0,6.0,8.198558138531006,0.8874098836581878,0.03511309623718262,2.733299732208252,2.6981866359710693,0.15728306126047814
12,16,1.333,additive,5,8,6400,400.0,6.0,8.042650374945161,0.8776656484340726,0.03677248954772949,2.6968822479248047,2.660109758377075,0.06720398056951708
12,16,1.333,additive,6,8,6400,400.0,6.0,8.251495739175528,0.8907184836984705,0.034534454345703125,2.5887537002563477,2.5542192459106445,0.10809290960447186
12,16,1.333,additive,7,8,6400,400.0,6.0,7.851729672158052,0.8657331045098782,0.03586721420288086,2.7767138481140137,2.740846633911133,0.26270624471719584
12,16,1.333,interactive,0,8,6400,400.0,7.0,5.498952499506939,0.7811845312191836,0.10592824220657349,1.0559782981872559,0.9500500559806824,0.5478813316148841
12,16,1.333,interactive,1,8,6400,400.0,7.0,6.848395843141902,0.8655247401963688,0.11814093589782715,1.7020163536071777,1.5838754177093506,0.4950995965940491
12,16,1.333,interactive,2,8,6400,400.0,7.0,6.430619984924726,0.8394137490577953,0.11320167779922485,0.9929491281509399,0.8797474503517151,0.5502623743062038
12,16,1.333,interactive,3,8,6400,400.0,7.0,4.872113527597956,0.7420070954748723,0.06824731826782227,1.4209164381027222,1.3526691198349,0.5021085360224011
12,18,1.5,interactive,5,8,6400,355.55555555555554,7.0,6.476257871093993,0.7486809928385552,0.0576930046081543,2.058579444885254,2.0008864402770996,0.3957032699380696
12,18,1.5,additive,7,8,6400,355.55555555555554,7.0,8.681079096205572,0.8711710609003096,0.0328373908996582,2.773684024810791,2.740846633911133,0.08398532773749515
12,18,1.5,additive,0,8,6400,355.55555555555554,7.0,8.781279961816985,0.8767377756564991,0.03686046600341797,3.0720109939575195,3.0351505279541016,0.14642072199659578
12,18,1.5,additive,1,8,6400,355.55555555555554,7.0,8.903668538019321,0.8835371410010734,0.03930997848510742,2.931920051574707,2.8926100730895996,0.29197112934620684
12,18,1.5,additive,3,8,6400,355.55555555555554,7.0,8.870599432425097,0.881699968468061,0.03260183334350586,2.730788469314575,2.6981866359710693,0.19973377828724717
12,18,1.5,additive,4,8,6400,355.55555555555554,6.0,8.700053692667277,0.8166696495926264,0.03645682334899902,2.50437593460083,2.467919111251831,0.012527024126293954
12,18,1.5,interactive,1,8,6400,355.55555555555554,7.0,7.185128941683494,0.7880627189824163,0.09456992149353027,1.6784453392028809,1.5838754177093506,0.479871200511921
12,18,1.5,interactive,4,8,6400,355.55555555555554,7.0,7.553369278635685,0.8085205154797603,0.08085018396377563,0.9074122905731201,0.8265621066093445,0.44674762893657727
12,18,1.5,interactive,3,8,6400,355.55555555555554,7.0,5.696306917657581,0.70535038431431,0.055580973625183105,1.408250093460083,1.3526691198349,0.3974211913342147
12,18,1.5,interactive,0,8,6400,355.55555555555554,7.0,5.572275172941261,0.69845973183007,0.07811278104782104,1.0281628370285034,0.9500500559806824,0.42816740981964063
12,16,1.333,interactive,7,8,6400,400.0,7.0,5.280653307787409,0.7675408317367131,0.05698740482330322,1.035020112991333,0.9780327081680298,0.5584276551088594
12,18,1.5,interactive,2,8,6400,355.55555555555554,7.0,7.607334551375394,0.8115185861875219,0.08591103553771973,0.9656584858894348,0.8797474503517151,0.4878926321215008
12,16,1.333,interactive,6,8,6400,400.0,7.0,5.3661565141447065,0.7728847821340441,0.16484254598617554,1.0576761960983276,0.8928336501121521,0.5115480663309244
12,18,1.5,interactive,6,8,6400,355.55555555555554,7.0,6.928147082452443,0.7737859490251358,0.12368041276931763,1.0165140628814697,0.8928336501121521,0.47637579569732463
12,18,1.5,additive,5,8,6400,355.55555555555554,6.0,8.982002867930294,0.8323334926627941,0.03573489189147949,2.6958446502685547,2.660109758377075,0.13167925429525573
12,16,1.333,interactive,5,8,6400,400.0,7.0,5.517951476147229,0.7823719672592018,0.07911324501037598,2.0799996852874756,2.0008864402770996,0.4565885691445245
12,18,1.5,additive,2,8,6400,355.55555555555554,7.0,8.856195057961221,0.8808997254422901,0.033884286880493164,2.7581779956817627,2.7242937088012695,0.26312560829764087
12,18,1.5,interactive,7,8,6400,355.55555555555554,7.0,4.599544495428359,0.6444191386349087,0.05173039436340332,1.029763102531433,0.9780327081680298,0.5445676161136656
12,16,1.333,interactive,4,8,6400,400.0,7.0,5.515046906744964,0.7821904316715602,0.1258786916732788,0.9524407982826233,0.8265621066093445,0.4712574498169263
12,18,1.5,additive,6,8,6400,355.55555555555554,7.0,8.729146458932124,0.8738414699406736,0.03365373611450195,2.5878729820251465,2.5542192459106445,0.18600369018877744
12,20,1.667,additive,2,8,6400,320.0,7.0,9.46719962049252,0.8233599810246262,0.03337717056274414,2.7576708793640137,2.7242937088012695,0.045288431402203955
12,20,1.667,additive,0,8,6400,320.0,6.0,9.677402599926722,0.7838701299963361,0.03482246398925781,3.0699729919433594,3.0351505279541016,0.09511093632452428
12,20,1.667,additive,1,8,6400,320.0,7.0,9.321121437262489,0.8160560718631246,0.036965131759643555,2.929575204849243,2.8926100730895996,0.191233992641637
12,20,1.667,additive,3,8,6400,320.0,7.0,9.808161275145476,0.8404080637572738,0.03158068656921387,2.729767322540283,2.6981866359710693,0.1997777023959837
12,20,1.667,additive,6,8,6400,320.0,7.0,9.885980567933004,0.8442990283966502,0.031404972076416016,2.5856242179870605,2.5542192459106445,0.14912030810153942
12,20,1.667,additive,7,8,6400,320.0,7.0,9.815549559613906,0.8407774779806954,0.030429601669311523,2.7712762355804443,2.740846633911133,0.08934250425032068
12,20,1.667,additive,5,8,6400,320.0,7.0,9.869554742579458,0.843477737128973,0.032769203186035156,2.6928789615631104,2.660109758377075,0.07190787494342545
12,20,1.667,interactive,4,8,6400,320.0,7.0,7.547102710673582,0.727355135533679,0.07539719343185425,0.9019593000411987,0.8265621066093445,0.40179312131794853
12,20,1.667,additive,4,8,6400,320.0,7.0,9.676673064294826,0.8338336532147412,0.03331446647644043,2.5012335777282715,2.467919111251831,0.18953599266794383
12,20,1.667,interactive,3,8,6400,320.0,7.0,6.999070922405013,0.6999535461202507,0.04734945297241211,1.400018572807312,1.3526691198349,0.40324453540575267
12,20,1.667,interactive,1,8,6400,320.0,7.0,8.206724820677758,0.7603362410338879,0.07923460006713867,1.6631100177764893,1.5838754177093506,0.41505045304060434
12,20,1.667,interactive,0,8,6400,320.0,7.0,7.427571803500558,0.7213785901750279,0.06997567415237427,1.0200257301330566,0.9500500559806824,0.4421406319374765
12,20,1.667,interactive,2,8,6400,320.0,7.0,7.384482937281724,0.7192241468640862,0.09879416227340698,0.9785416126251221,0.8797474503517151,0.5185943401362256
12,20,1.667,interactive,6,8,6400,320.0,7.0,7.070254788401958,0.7035127394200978,0.08675670623779297,0.9795903563499451,0.8928336501121521,0.37685741138701745
12,20,1.667,interactive,7,8,6400,320.0,7.0,5.938699639929142,0.6469349819964572,0.04814493656158447,1.0261776447296143,0.9780327081680298,0.42741957756111404
12,24,2.0,additive,0,8,6400,266.6666666666667,7.0,10.747051311808168,0.7394604713253403,0.03266191482543945,3.067812442779541,3.0351505279541016,0.041084600424257635
12,20,1.667,interactive,5,8,6400,320.0,7.0,6.730334926799734,0.6865167463399867,0.0590670108795166,2.059953451156616,2.0008864402770996,0.4236630228504673
12,24,2.0,additive,2,8,6400,266.6666666666667,7.0,10.440287979836661,0.7266786658265275,0.032817840576171875,2.7571115493774414,2.7242937088012695,0.04317526421992853
12,24,2.0,additive,3,8,6400,266.6666666666667,7.0,10.458145874911706,0.7274227447879879,0.030322551727294922,2.7285091876983643,2.6981866359710693,0.037076271799221655
12,24,2.0,additive,1,8,6400,266.6666666666667,7.0,10.30144791218599,0.7208936630077497,0.03471994400024414,2.9273300170898438,2.8926100730895996,0.04345353862279112
12,24,2.0,additive,4,8,6400,266.6666666666667,7.0,10.490886318137882,0.7287869299224118,0.03418111801147461,2.5021002292633057,2.467919111251831,0.0595278123993242
12,24,2.0,additive,5,8,6400,266.6666666666667,7.0,10.572771445730083,0.7321988102387534,0.032586097717285156,2.6926958560943604,2.660109758377075,0.06929467523805835
12,24,2.0,interactive,0,8,6400,266.6666666666667,7.0,9.424313083879605,0.6843463784949835,0.053030192852020264,1.0030802488327026,0.9500500559806824,0.37013198189761387
12,24,2.0,additive,6,8,6400,266.6666666666667,7.0,10.482344487471977,0.7284310203113323,0.03190779685974121,2.5861270427703857,2.5542192459106445,0.03773909590188846
12,24,2.0,interactive,3,8,6400,266.6666666666667,7.0,8.058600232877447,0.6274416763698937,0.04615044593811035,1.3988195657730103,1.3526691198349,0.29657213541523364
12,24,2.0,additive,7,8,6400,266.6666666666667,6.1,10.311282280586637,0.6838034283577765,0.032118797302246094,2.772965431213379,2.740846633911133,0.12722825191450507
12,24,2.0,interactive,5,8,6400,266.6666666666667,7.0,8.462850047173454,0.6442854186322272,0.048462867736816406,2.049349308013916,2.0008864402770996,0.21454084124979694
12,24,2.0,interactive,2,8,6400,266.6666666666667,7.0,8.47005329248129,0.6445855538533871,0.06353962421417236,0.9432870745658875,0.8797474503517151,0.4285472650564154
12,24,2.0,interactive,4,8,6400,266.6666666666667,7.0,8.429309901023995,0.6428879125426664,0.05297231674194336,0.8795344233512878,0.8265621066093445,0.3441528740663712
12,24,2.0,interactive,6,8,6400,266.6666666666667,7.0,9.861449226855832,0.7025603844523264,0.07250368595123291,0.965337336063385,0.8928336501121521,0.38012520607188877
12,24,2.0,interactive,1,8,6400,266.6666666666667,7.0,8.734339061483858,0.6555974608951608,0.06614387035369873,1.6500192880630493,1.5838754177093506,0.3531161436661959
12,24,2.0,interactive,7,8,6400,266.6666666666667,7.0,6.12200478742649,0.5467501994761038,0.042556047439575195,1.020588755607605,0.9780327081680298,0.3944071827016665
12,30,2.5,additive,2,8,6400,213.33333333333334,7.0,11.518063211357674,0.6172687737119225,0.03013467788696289,2.7544283866882324,2.7242937088012695,0.06013747045622363
12,30,2.5,additive,0,8,6400,213.33333333333334,7.0,11.532627101880028,0.6177542367293343,0.03392291069030762,3.069073438644409,3.0351505279541016,0.013626636607822882
12,30,2.5,additive,6,8,6400,213.33333333333334,7.0,11.11224631061262,0.6037415436870873,0.03277325630187988,2.5869925022125244,2.5542192459106445,0.10676354989039982
12,30,2.5,additive,1,8,6400,213.33333333333334,7.0,11.100696504098003,0.6033565501366002,0.03512978553771973,2.9277398586273193,2.8926100730895996,0.06410571220584835
12,30,2.5,additive,7,8,6400,213.33333333333334,6.0,11.427112330920167,0.5809037443640056,0.031052827835083008,2.771899461746216,2.740846633911133,0.0059180563493957125
12,30,2.5,additive,3,8,6400,213.33333333333334,7.0,11.266340962625879,0.6088780320875293,0.03134584426879883,2.729532480239868,2.6981866359710693,0.020162991477634083
12,30,2.5,additive,4,8,6400,213.33333333333334,7.0,11.353736592618095,0.6117912197539365,0.033904314041137695,2.5018234252929688,2.467919111251831,0.042433273410239024
12,30,2.5,additive,5,8,6400,213.33333333333334,7.0,11.802482273250366,0.6267494091083455,0.033240318298339844,2.693350076675415,2.660109758377075,0.02444400903501089
12,30,2.5,interactive,1,8,6400,213.33333333333334,7.0,11.227823327157735,0.6075941109052578,0.05315852165222168,1.6370339393615723,1.5838754177093506,0.2688405697406434
12,30,2.5,interactive,0,8,6400,213.33333333333334,7.0,10.812653882126119,0.593755129404204,0.04911482334136963,0.999164879322052,0.9500500559806824,0.32440469356480867
12,30,2.5,interactive,4,8,6400,213.33333333333334,7.0,10.260956715788234,0.5753652238596078,0.0472525954246521,0.8738147020339966,0.8265621066093445,0.2570341120096448
12,30,2.5,interactive,2,8,6400,213.33333333333334,7.0,10.735922602690064,0.5911974200896688,0.05266141891479492,0.93240886926651,0.8797474503517151,0.3263442772079458
12,30,2.5,interactive,6,8,6400,213.33333333333334,7.0,12.353901804360607,0.6451300601453536,0.057203471660614014,0.9500371217727661,0.8928336501121521,0.29291605769254364
12,30,2.5,interactive,7,8,6400,213.33333333333334,7.0,6.7308435034983845,0.45769478344994613,0.03839290142059326,1.016425609588623,0.9780327081680298,0.3563290394585484
12,30,2.5,interactive,3,8,6400,213.33333333333334,7.0,8.918247891036392,0.5306082630345464,0.04313802719116211,1.395807147026062,1.3526691198349,0.27558848021164384
12,30,2.5,interactive,5,8,6400,213.33333333333334,7.0,9.127319409451966,0.5375773136483988,0.04565119743347168,2.0465376377105713,2.0008864402770996,0.18547589906997414
12,36,3.0,additive,3,8,6400,177.77777777777777,7.0,12.195785341635863,0.533216259489885,0.031386375427246094,2.7295730113983154,2.6981866359710693,0.04382776924608923
12,36,3.0,additive,0,8,6400,177.77777777777777,7.0,12.21654794821398,0.5337929985614994,0.03386735916137695,3.0690178871154785,3.0351505279541016,0.08476926329607005
12,36,3.0,additive,1,8,6400,177.77777777777777,7.0,12.384437474652747,0.5384565965181319,0.035367488861083984,2.9279775619506836,2.8926100730895996,0.024010824326104793
12,36,3.0,additive,2,8,6400,177.77777777777777,7.0,12.057237875195069,0.5293677187554187,0.031470298767089844,2.7557640075683594,2.7242937088012695,0.01643575702842128
12,36,3.0,additive,5,8,6400,177.77777777777777,7.0,12.524636780215046,0.5423510216726402,0.03304696083068848,2.6931567192077637,2.660109758377075,0.024660510755230278
12,36,3.0,additive,6,8,6400,177.77777777777777,7.0,12.187130857306215,0.5329758571473948,0.03131699562072754,2.585536241531372,2.5542192459106445,0.007058259977584283
12,36,3.0,interactive,0,8,6400,177.77777777777777,7.0,11.244603305409235,0.5067945362613676,0.04851466417312622,0.9985647201538086,0.9500500559806824,0.27229470320553656
12,36,3.0,additive,4,8,6400,177.77777777777777,7.0,12.310303656465111,0.5363973237906975,0.032041072845458984,2.49996018409729,2.467919111251831,0.012934186080458852
12,36,3.0,additive,7,8,6400,177.77777777777777,7.0,11.957476866646816,0.5265965796290781,0.03353309631347656,2.7743797302246094,2.740846633911133,0.019044181437900393
12,36,3.0,interactive,1,8,6400,177.77777777777777,7.0,12.927010884034212,0.5535280801120614,0.052152276039123535,1.6360276937484741,1.5838754177093506,0.2654915953142099
12,36,3.0,interactive,2,8,6400,177.77777777777777,7.0,12.136238908027009,0.5315621918896392,0.0529780387878418,0.9327254891395569,0.8797474503517151,0.31586417577682424
12,36,3.0,interactive,3,8,6400,177.77777777777777,7.0,9.711242154299761,0.46420117095277114,0.04217493534088135,1.3948440551757812,1.3526691198349,0.24795978087632498
12,36,3.0,interactive,4,8,6400,177.77777777777777,7.0,11.769382933151327,0.5213717481430924,0.04628026485443115,0.8728423714637756,0.8265621066093445,0.21324912586498854
12,36,3.0,interactive,5,8,6400,177.77777777777777,7.0,10.11026010257897,0.4752850028494158,0.04197335243225098,2.0428597927093506,2.0008864402770996,0.17788186072292636
12,36,3.0,interactive,6,8,6400,177.77777777777777,7.0,11.43836310144804,0.5121767528180011,0.05333012342453003,0.9461637735366821,0.8928336501121521,0.2970112687221147
12,36,3.0,interactive,7,8,6400,177.77777777777777,7.0,8.05827202716984,0.41828533408805113,0.04019582271575928,1.018228530883789,0.9780327081680298,0.29565956354748657
12,48,4.0,additive,2,8,6400,133.33333333333334,7.0,13.864998161856997,0.43468746170535405,0.033283233642578125,2.7575769424438477,2.7242937088012695,0.010274687946856513
12,48,4.0,additive,0,8,6400,133.33333333333334,7.0,13.380000781268981,0.42458334960977046,0.036380767822265625,3.071531295776367,3.0351505279541016,0.038558650564240834
12,48,4.0,additive,1,8,6400,133.33333333333334,7.0,12.572288513079725,0.40775601068916095,0.03760504722595215,2.9302151203155518,2.8926100730895996,0.011748570807030024
12,48,4.0,additive,3,8,6400,133.33333333333334,7.0,13.663672576584906,0.43049317867885223,0.03438258171081543,2.7325692176818848,2.6981866359710693,0.0175148210560537
12,48,4.0,additive,5,8,6400,133.33333333333334,7.0,13.545914339346238,0.42803988206971333,0.03495335578918457,2.6950631141662598,2.660109758377075,0.00910223251385466
12,48,4.0,additive,4,8,6400,133.33333333333334,7.0,12.920112011906973,0.41500233358139527,0.03274393081665039,2.5006630420684814,2.467919111251831,0.021728095923110022
12,48,4.0,additive,6,8,6400,133.33333333333334,7.0,13.03074545072536,0.4173071968901117,0.03397011756896973,2.5881893634796143,2.5542192459106445,0.019389807469650102
12,48,4.0,interactive,0,8,6400,133.33333333333334,7.0,15.822642754310273,0.4754717240481307,0.04714822769165039,0.9971982836723328,0.9500500559806824,0.23423304940234718
12,48,4.0,additive,7,8,6400,133.33333333333334,7.0,13.724618764106722,0.43176289091889003,0.03389334678649902,2.774739980697632,2.740846633911133,0.04800647240904741
12,48,4.0,interactive,3,8,6400,133.33333333333334,7.0,12.830501484453873,0.41313544759278903,0.04321861267089844,1.3958877325057983,1.3526691198349,0.1867094219863858
12,48,4.0,interactive,2,8,6400,133.33333333333334,7.0,14.025241023983606,0.4380258546663251,0.04859519004821777,0.9283426403999329,0.8797474503517151,0.28137660421993627
12,48,4.0,interactive,4,8,6400,133.33333333333334,7.0,14.934430527617813,0.45696730265870444,0.04589194059371948,0.872454047203064,0.8265621066093445,0.20749038621288157
12,48,4.0,interactive,1,8,6400,133.33333333333334,7.0,13.224587625248565,0.4213455755260118,0.04991936683654785,1.6337947845458984,1.5838754177093506,0.2070775918547912
12,48,4.0,interactive,5,8,6400,133.33333333333334,7.0,10.268127044426876,0.35975264675889324,0.041464805603027344,2.042351245880127,2.0008864402770996,0.0861690134180784
12,48,4.0,interactive,6,8,6400,133.33333333333334,7.0,15.280423440707859,0.46417548834808037,0.05213487148284912,0.9449685215950012,0.8928336501121521,0.2644325851565397
12,48,4.0,interactive,7,8,6400,133.33333333333334,7.0,8.952862479136579,0.3323513016486787,0.03882277011871338,1.0168554782867432,0.9780327081680298,0.2630331423148595
12,60,5.0,additive,0,8,6400,106.66666666666667,7.0,14.090115420277657,0.35150192367129424,0.03692746162414551,3.072077989578247,3.0351505279541016,0.009679195395511476
12,60,5.0,additive,1,8,6400,106.66666666666667,7.0,15.043019413377465,0.36738365688962443,0.03883981704711914,2.9314498901367188,2.8926100730895996,0.013686108791493462
16,6,0.375,additive,1,8,6400,1066.6666666666667,3.0,3.052877356301123,1.0088128927168538,1.6485769748687744,4.446763038635254,2.7981860637664795,0.007377808809225528
16,6,0.375,additive,0,8,6400,1066.6666666666667,3.0,3.003659992395154,1.0006099987325257,1.6994483470916748,4.6359405517578125,2.9364922046661377,0.0061010744295564
16,6,0.375,additive,2,8,6400,1066.6666666666667,4.0,2.9771041531983835,1.1628506921997306,1.5028038024902344,4.239102840423584,2.7362990379333496,0.5026031904194175
12,60,5.0,additive,2,8,6400,106.66666666666667,7.0,14.51135134116796,0.3585225223527993,0.0344390869140625,2.758732795715332,2.7242937088012695,0.01887226889883916
12,60,5.0,additive,3,8,6400,106.66666666666667,7.0,14.83355159311901,0.3638925265519835,0.03523993492126465,2.733426570892334,2.6981866359710693,0.01283164073022917
12,60,5.0,additive,4,8,6400,106.66666666666667,7.0,13.96316464881632,0.349386077480272,0.03532290458679199,2.503242015838623,2.467919111251831,0.015200966069566769
12,60,5.0,interactive,0,8,6400,106.66666666666667,7.0,18.14309351794649,0.4190515586324415,0.04863429069519043,0.9986843466758728,0.9500500559806824,0.25660097569934676
12,60,5.0,interactive,1,8,6400,106.66666666666667,7.0,16.226824616009427,0.3871137436001571,0.051772475242614746,1.6356478929519653,1.5838754177093506,0.17375351089274735
12,60,5.0,additive,6,8,6400,106.66666666666667,7.0,15.722450362671232,0.3787075060445205,0.035370588302612305,2.589589834213257,2.5542192459106445,0.013949887828411953
16,6,0.375,additive,3,8,6400,1066.6666666666667,3.0,1.298601902609328,0.716433650434888,1.5772459506988525,4.188969612121582,2.6117236614227295,0.018865801147231596
12,60,5.0,additive,5,8,6400,106.66666666666667,7.0,14.534628683541182,0.3589104780590197,0.03497195243835449,2.6950817108154297,2.660109758377075,0.021134458203979488
12,60,5.0,interactive,3,8,6400,106.66666666666667,7.0,14.46535686978774,0.3577559478297957,0.04260289669036865,1.3952720165252686,1.3526691198349,0.23914550441310606
12,60,5.0,interactive,2,8,6400,106.66666666666667,7.0,18.038138231848592,0.4173023038641432,0.0489996075630188,0.9287470579147339,0.8797474503517151,0.26639509754615137
12,60,5.0,interactive,4,8,6400,106.66666666666667,7.0,15.352058536022543,0.37253430893370904,0.04636436700820923,0.8729264736175537,0.8265621066093445,0.19772743100066567
12,60,5.0,additive,7,8,6400,106.66666666666667,7.0,14.693315495286418,0.3615552582547737,0.03568768501281738,2.77653431892395,2.740846633911133,0.07972013374958556
12,60,5.0,interactive,6,8,6400,106.66666666666667,7.0,17.17633009364061,0.4029388348940101,0.05139666795730591,0.944230318069458,0.8928336501121521,0.2475889477635401
12,60,5.0,interactive,7,8,6400,106.66666666666667,7.0,8.778041607282482,0.2629673601213747,0.04107367992401123,1.019106388092041,0.9780327081680298,0.2591961043188398
12,60,5.0,interactive,5,8,6400,106.66666666666667,7.0,11.804409504613165,0.3134068250768861,0.04347681999206543,2.044363260269165,2.0008864402770996,0.13322236403232104
16,6,0.375,additive,4,8,6400,1066.6666666666667,4.0,1.7064888441385322,0.9510814740230886,1.5359373092651367,4.004556655883789,2.4686193466186523,0.15168109626651566
16,6,0.375,additive,5,8,6400,1066.6666666666667,4.0,3.125194030157867,1.1875323383596446,1.5949740409851074,4.17063045501709,2.5756564140319824,0.4831999808286332
16,6,0.375,additive,6,8,6400,1066.6666666666667,3.0,2.936473826362946,0.9894123043938242,1.4794645309448242,4.021813869476318,2.542349338531494,0.004946385736488514
16,6,0.375,additive,7,8,6400,1066.6666666666667,4.0,2.873030411573594,1.145505068595599,1.5698716640472412,4.379586696624756,2.8097150325775146,0.50966833253578
16,6,0.375,interactive,1,8,6400,1066.6666666666667,5.0,1.6392702713818552,1.1065450452303092,2.116908311843872,3.1687541007995605,1.0518457889556885,0.7932557101865128
16,6,0.375,interactive,0,8,6400,1066.6666666666667,3.4,2.78560761995058,1.0309346033250966,1.8500194549560547,2.988825559616089,1.1388061046600342,0.47664050928221807
16,6,0.375,interactive,2,8,6400,1066.6666666666667,5.0,1.884868293155641,1.1474780488592735,1.5101399421691895,2.5851640701293945,1.075024127960205,0.827501941513176
16,6,0.375,interactive,3,8,6400,1066.6666666666667,4.0,2.3789729433796944,1.063162157229949,2.4590303897857666,3.1379809379577637,0.6789505481719971,0.8988785496050383
16,6,0.375,interactive,4,8,6400,1066.6666666666667,5.0,2.068823966214576,1.1781373277024294,1.6854376792907715,2.4142284393310547,0.7287907600402832,0.8466803070526845
16,8,0.5,additive,1,8,6400,800.0,5.0,3.9827093577493544,1.1228386697186692,1.3035624027252197,4.101748466491699,2.7981860637664795,0.4179587654036897
16,6,0.375,interactive,6,8,6400,1066.6666666666667,5.0,2.130401878813942,1.1884003131356569,1.8342605829238892,2.6070594787597656,0.7727988958358765,0.8440275335076365
16,6,0.375,interactive,5,8,6400,1066.6666666666667,4.8,2.9392803666603937,1.2898800611100656,1.3969244956970215,2.3313934803009033,0.9344689846038818,0.8181860664271168
16,8,0.5,additive,0,8,6400,800.0,4.0,4.058435667462626,1.0073044584328281,1.333266019821167,4.269758224487305,2.9364922046661377,0.00947312115700917
16,6,0.375,interactive,7,8,6400,1066.6666666666667,5.0,1.1883187184301627,1.0313864530716936,1.7056722044944763,2.6032936573028564,0.8976214528083801,0.851117098327047
16,8,0.5,additive,4,8,6400,800.0,4.6,3.9531089771503356,1.069138622143792,1.1841142177581787,3.652733564376831,2.4686193466186523,0.48909261896556366
16,8,0.5,additive,3,8,6400,800.0,4.0,4.040782115481097,1.005097764435137,1.2235925197601318,3.8353161811828613,2.6117236614227295,0.0936352154416007
16,8,0.5,additive,2,8,6400,800.0,4.0,4.157781246563363,1.0197226558204204,1.187671184539795,3.9239702224731445,2.7362990379333496,0.29769867084642027
16,8,0.5,additive,5,8,6400,800.0,4.3,4.159231245470106,1.0574039056837632,1.2425215244293213,3.8181779384613037,2.5756564140319824,0.17685839620879443
16,8,0.5,additive,6,8,6400,800.0,4.0,4.041452287103638,1.0051815358879548,1.1907799243927002,3.7331292629241943,2.542349338531494,0.22498483677981546
16,8,0.5,additive,7,8,6400,800.0,4.0,3.9703653408918265,0.9962956676114783,1.2485692501068115,4.058284282684326,2.8097150325775146,0.031215249826487095
16,8,0.5,interactive,0,8,6400,800.0,6.0,1.7535380384962842,0.9691922548120355,1.4083621501922607,2.547168254852295,1.1388061046600342,0.7999591397499153
16,8,0.5,interactive,1,8,6400,800.0,5.0,1.9186280346282516,0.8648285043285314,1.4649326801300049,2.5167784690856934,1.0518457889556885,0.46191244808626186
16,8,0.5,interactive,2,8,6400,800.0,5.0,3.528165298243715,1.0660206622804644,1.221365213394165,2.29638934135437,1.075024127960205,0.8330669877171533
16,8,0.5,interactive,4,8,6400,800.0,5.0,3.1436403189062068,1.017955039863276,1.2207127809524536,1.9495035409927368,0.7287907600402832,0.6078120946585076
16,8,0.5,interactive,3,8,6400,800.0,6.0,2.2714220339390785,1.0339277542423848,1.5283443927764893,2.2072949409484863,0.6789505481719971,0.7763220614271966
16,8,0.5,interactive,5,8,6400,800.0,4.9,3.16975750360059,1.0087196879500737,0.932610034942627,1.8670790195465088,0.9344689846038818,0.6010436170405018
16,8,0.5,interactive,6,8,6400,800.0,6.0,3.022027024058861,1.1277533780073576,1.3999534845352173,2.1727523803710938,0.7727988958358765,0.7486110294284168
16,8,0.5,interactive,7,8,6400,800.0,5.6,2.8622819575405396,1.0577852446925675,1.1081737875938416,2.0057952404022217,0.8976214528083801,0.6250193571974874
16,10,0.625,additive,1,8,6400,640.0,5.0,4.676120897505659,0.9676120897505658,1.0142076015472412,3.8123936653137207,2.7981860637664795,0.30859909877041436
16,10,0.625,additive,0,8,6400,640.0,5.0,5.209598753284092,1.020959875328409,1.050126552581787,3.986618757247925,2.9364922046661377,0.33519305309941183
16,10,0.625,additive,2,8,6400,640.0,4.9,5.125046270401524,1.0025046270401525,0.9023129940032959,3.6386120319366455,2.7362990379333496,0.3680168557495908
16,10,0.625,additive,4,8,6400,640.0,5.0,5.165637527988428,1.016563752798843,0.9371423721313477,3.40576171875,2.4686193466186523,0.2670524804963615
16,10,0.625,additive,3,8,6400,640.0,4.8,4.735191280837631,0.9535191280837629,0.9467818737030029,3.5585055351257324,2.6117236614227295,0.42323740475214305
16,10,0.625,additive,6,8,6400,640.0,5.0,5.031891977701389,1.0031891977701388,0.9038701057434082,3.4462194442749023,2.542349338531494,0.4133277081752393
16,10,0.625,additive,7,8,6400,640.0,5.0,5.061091319264778,1.0061091319264779,0.9767985343933105,3.786513566970825,2.8097150325775146,0.14067762949151555
16,10,0.625,additive,5,8,6400,640.0,5.0,5.013988410733596,1.0013988410733596,0.940819263458252,3.5164756774902344,2.5756564140319824,0.3396438179002166
16,10,0.625,interactive,0,8,6400,640.0,5.0,3.32395392861179,0.8323953928611789,1.1372578144073486,2.276063919067383,1.1388061046600342,0.6073201459775589
16,10,0.625,interactive,1,8,6400,640.0,6.0,3.286043287629622,0.9286043287629623,1.088183879852295,2.1400296688079834,1.0518457889556885,0.543528098077851
16,10,0.625,interactive,2,8,6400,640.0,6.0,3.9305548042737226,0.9930554804273722,0.7938082218170166,1.8688323497772217,1.075024127960205,0.6094666400540404
16,10,0.625,interactive,3,8,6400,640.0,6.0,3.1969096315538685,0.9196909631553869,1.3153356313705444,1.9942861795425415,0.6789505481719971,0.6478236182428064
16,10,0.625,interactive,4,8,6400,640.0,5.0,4.110888938401581,0.9110888938401581,0.8245160579681396,1.5533068180084229,0.7287907600402832,0.6614208218093856
16,10,0.625,interactive,5,8,6400,640.0,6.0,3.5251437693770606,0.952514376937706,0.6754040718078613,1.6098730564117432,0.9344689846038818,0.6344947771686125
16,10,0.625,interactive,6,8,6400,640.0,6.0,4.014804124680131,1.001480412468013,1.0341172218322754,1.8069161176681519,0.7727988958358765,0.5997846427386151
16,10,0.625,interactive,7,8,6400,640.0,7.0,3.682642744517381,1.068264274451738,0.7514172196388245,1.6490386724472046,0.8976214528083801,0.7504009179111941
16,14,0.875,additive,2,8,6400,457.14285714285717,5.0,6.217856265018483,0.8012754475013202,0.44701576232910156,3.183314800262451,2.7362990379333496,0.2657857700909586
16,14,0.875,additive,1,8,6400,457.14285714285717,5.0,6.67344609383027,0.8338175781307335,0.468813419342041,3.2669994831085205,2.7981860637664795,0.22899036944225176
16,14,0.875,additive,0,8,6400,457.14285714285717,6.0,7.190358813226509,0.9421684866590364,0.5959174633026123,3.53240966796875,2.9364922046661377,0.36786992097138166
16,14,0.875,additive,4,8,6400,457.14285714285717,6.0,6.385499216411102,0.8846785154579359,0.484203577041626,2.9528229236602783,2.4686193466186523,0.3454920636266278
16,14,0.875,additive,3,8,6400,457.14285714285717,5.0,6.971113346573058,0.8550795247552185,0.6043684482574463,3.216092109680176,2.6117236614227295,0.10534110921583884
16,14,0.875,additive,5,8,6400,457.14285714285717,6.0,7.22413398376842,0.9445809988406014,0.4945828914642334,3.070239305496216,2.5756564140319824,0.3762425560620387
16,14,0.875,additive,6,8,6400,457.14285714285717,5.0,6.325668657255212,0.8089763326610866,0.44895362854003906,2.991302967071533,2.542349338531494,0.35286120525322373
16,14,0.875,additive,7,8,6400,457.14285714285717,5.0,6.7329513142731745,0.8380679510195125,0.47278499603271484,3.2825000286102295,2.8097150325775146,0.1115958761280578
16,14,0.875,interactive,0,8,6400,457.14285714285717,7.0,4.37453074131487,0.8124664815224908,0.3889807462692261,1.5277868509292603,1.1388061046600342,0.615196235725562
16,14,0.875,interactive,2,8,6400,457.14285714285717,6.5,4.748427997269083,0.8034591426620773,0.35412001609802246,1.4291441440582275,1.075024127960205,0.4924943015770789
16,14,0.875,interactive,1,8,6400,457.14285714285717,7.0,5.894623990705489,0.9210445707646778,0.5396941900253296,1.591539978981018,1.0518457889556885,0.5341967391782264
16,14,0.875,interactive,3,8,6400,457.14285714285717,7.0,6.618040830923927,0.9727172022088519,0.5683290958404541,1.2472796440124512,0.6789505481719971,0.5700690528747956
16,14,0.875,interactive,5,8,6400,457.14285714285717,7.0,4.188375339539738,0.7991696671099814,0.30489611625671387,1.2393651008605957,0.9344689846038818,0.5566482768067507
16,14,0.875,interactive,4,8,6400,457.14285714285717,7.0,5.281626660884033,0.8772590472060023,0.3396385908126831,1.0684293508529663,0.7287907600402832,0.4863538958896042
16,14,0.875,interactive,6,8,6400,457.14285714285717,7.0,4.856501044116986,0.8468929317226418,0.4555788040161133,1.2283776998519897,0.7727988958358765,0.6380012989783956
16,14,0.875,interactive,7,8,6400,457.14285714285717,7.0,4.340974590664332,0.8100696136188807,0.24397999048233032,1.1416014432907104,0.8976214528083801,0.5782451149112742
16,16,1.0,additive,0,8,6400,400.0,6.0,7.4505021069094814,0.8406563816818426,0.32091212272644043,3.257404327392578,2.9364922046661377,0.4047767426743647
16,16,1.0,additive,1,8,6400,400.0,6.0,7.9885552035989855,0.8742847002249365,0.34369993209838867,3.141885995864868,2.7981860637664795,0.23405612214003488
16,16,1.0,additive,3,8,6400,400.0,5.0,7.556463564429051,0.7847789727768157,0.30818891525268555,2.919912576675415,2.6117236614227295,0.0732278992171571
16,16,1.0,additive,2,8,6400,400.0,5.0,7.843813322562651,0.8027383326601657,0.3226757049560547,3.0589747428894043,2.7362990379333496,0.24653126498879793
16,16,1.0,additive,4,8,6400,400.0,5.0,8.038979863063146,0.8149362414414466,0.3227050304412842,2.7913243770599365,2.4686193466186523,0.11766163780264646
16,16,1.0,additive,5,8,6400,400.0,5.0,8.055248079501217,0.8159530049688261,0.33271074295043945,2.908367156982422,2.5756564140319824,0.0022690508834989085
16,16,1.0,additive,7,8,6400,400.0,5.0,7.701617512738142,0.7938510945461339,0.3083491325378418,3.1180641651153564,2.8097150325775146,0.08463717537517741
16,16,1.0,additive,6,8,6400,400.0,6.0,7.532233757099648,0.8457646098187279,0.3359520435333252,2.8783013820648193,2.542349338531494,0.3794824295800702
16,16,1.0,interactive,0,8,6400,400.0,7.0,4.075593513876721,0.6922245946172951,0.2847628593444824,1.4235689640045166,1.1388061046600342,0.5190767798974449
16,16,1.0,interactive,1,8,6400,400.0,7.0,5.860471079958218,0.8037794424973886,0.46869325637817383,1.5205390453338623,1.0518457889556885,0.48662949310672643
16,16,1.0,interactive,2,8,6400,400.0,7.0,5.1827788751479495,0.7614236796967468,0.24588525295257568,1.3209093809127808,1.075024127960205,0.4872100086031817
16,16,1.0,interactive,3,8,6400,400.0,7.0,5.602563064068326,0.7876601915042704,0.33444905281066895,1.013399600982666,0.6789505481719971,0.5267592616361977
16,16,1.0,interactive,6,8,6400,400.0,7.0,7.86940416471208,0.929337760294505,0.31248319149017334,1.0852820873260498,0.7727988958358765,0.5585871686128724
16,16,1.0,interactive,4,8,6400,400.0,7.0,3.817202446601698,0.6760751529126061,0.24933820962905884,0.978128969669342,0.7287907600402832,0.4585708991233455
16,16,1.0,interactive,5,8,6400,400.0,7.0,4.063784794189163,0.6914865496368228,0.18213891983032227,1.116607904434204,0.9344689846038818,0.5669392134400513
16,18,1.125,additive,2,8,6400,355.55555555555554,6.0,8.284397161312832,0.7935776200729351,0.15836882591247559,2.894667863845825,2.7362990379333496,0.21609889097141713
16,18,1.125,additive,0,8,6400,355.55555555555554,6.0,8.091892176243174,0.7828828986801764,0.19953536987304688,3.1360275745391846,2.9364922046661377,0.23729184127460035
16,16,1.0,interactive,7,8,6400,400.0,7.0,5.6946664632083674,0.793416653950523,0.23169702291488647,1.1293184757232666,0.8976214528083801,0.5182766951540467
16,18,1.125,additive,1,8,6400,355.55555555555554,6.0,9.177990980689582,0.8432217211494213,0.2174205780029297,3.015606641769409,2.7981860637664795,0.20317175723063507
16,18,1.125,additive,3,8,6400,355.55555555555554,6.0,8.884279573535883,0.8269044207519936,0.19859671592712402,2.8103203773498535,2.6117236614227295,0.13777305649954363
16,18,1.125,additive,4,8,6400,355.55555555555554,6.0,8.649002400177597,0.8138334666765332,0.16670560836791992,2.6353249549865723,2.4686193466186523,0.1681876793420352
16,18,1.125,additive,5,8,6400,355.55555555555554,5.0,9.01740461713914,0.7787447009521745,0.18612289428710938,2.761779308319092,2.5756564140319824,0.005888938047608866
16,18,1.125,additive,6,8,6400,355.55555555555554,6.0,8.12776927105154,0.7848760706139744,0.1558361053466797,2.698185443878174,2.542349338531494,0.19149366902648032
16,18,1.125,additive,7,8,6400,355.55555555555554,6.0,8.280711153396995,0.7933728418553886,0.17339587211608887,2.9831109046936035,2.8097150325775146,0.19078165606593142
16,18,1.125,interactive,0,8,6400,355.55555555555554,7.0,6.111304620248334,0.7284058122360185,0.19780457019805908,1.3366106748580933,1.1388061046600342,0.47118221259193077
16,18,1.125,interactive,2,8,6400,355.55555555555554,7.0,6.1308405958239325,0.7294911442124408,0.12244153022766113,1.1974656581878662,1.075024127960205,0.46058855161513695
16,18,1.125,interactive,1,8,6400,355.55555555555554,7.0,7.757833095343298,0.8198796164079609,0.22197484970092773,1.2738206386566162,1.0518457889556885,0.3896580047545537
16,18,1.125,interactive,4,8,6400,355.55555555555554,7.0,8.585462224372439,0.8658590124651355,0.14222151041030884,0.871012270450592,0.7287907600402832,0.36464146337757397
16,18,1.125,interactive,3,8,6400,355.55555555555554,7.0,7.934970815554541,0.8297206008641411,0.2665419578552246,0.9454925060272217,0.6789505481719971,0.4247159283440949
16,18,1.125,interactive,6,8,6400,355.55555555555554,7.0,6.884482564750706,0.7713601424861503,0.25050997734069824,1.0233088731765747,0.7727988958358765,0.5343301819961365
16,18,1.125,interactive,5,8,6400,355.55555555555554,7.0,5.365805645321242,0.6869892025178468,0.13846230506896973,1.0729312896728516,0.9344689846038818,0.39587079450898577
16,18,1.125,interactive,7,8,6400,355.55555555555554,7.0,4.709563434423866,0.650531301912437,0.16028064489364624,1.0579020977020264,0.8976214528083801,0.4819025966234107
16,22,1.375,additive,3,8,6400,290.90909090909093,7.0,11.201673325329288,0.8273487875149677,0.04656815528869629,2.658291816711426,2.6117236614227295,0.058798983211210076
16,22,1.375,additive,0,8,6400,290.90909090909093,6.0,11.356032631150681,0.7889105741432129,0.04964399337768555,2.9861361980438232,2.9364922046661377,0.043881530515234884
16,22,1.375,additive,1,8,6400,290.90909090909093,7.0,11.027932958778049,0.8194514981262749,0.049767255783081055,2.8479533195495605,2.7981860637664795,0.04305029963569405
16,22,1.375,additive,2,8,6400,290.90909090909093,6.0,11.074687041435395,0.7761221382470634,0.045560598373413086,2.7818596363067627,2.7362990379333496,0.06357671525035184
16,22,1.375,additive,7,8,6400,290.90909090909093,7.0,11.435167140543484,0.8379621427519766,0.04262566566467285,2.8523406982421875,2.8097150325775146,0.1836350744803718
16,22,1.375,additive,6,8,6400,290.90909090909093,7.0,11.07133029059373,0.8214241041178968,0.041973114013671875,2.584322452545166,2.542349338531494,0.20319342526416895
16,22,1.375,additive,5,8,6400,290.90909090909093,7.0,10.860407645798,0.8118367111726363,0.04630112648010254,2.621957540512085,2.5756564140319824,0.056994525353259294
16,22,1.375,additive,4,8,6400,290.90909090909093,7.0,10.95363290305573,0.8160742228661696,0.044234514236450195,2.5128538608551025,2.4686193466186523,0.09058350620657053
16,22,1.375,interactive,0,8,6400,290.90909090909093,7.0,8.185023972107896,0.6902283623685407,0.11005795001983643,1.2488640546798706,1.1388061046600342,0.3654511441717523
16,22,1.375,interactive,1,8,6400,290.90909090909093,7.0,9.288116234719125,0.7403689197599603,0.12563729286193848,1.177483081817627,1.0518457889556885,0.28223562862778434
16,22,1.375,interactive,2,8,6400,290.90909090909093,7.0,7.641593987351685,0.6655269994250766,0.10401606559753418,1.1790401935577393,1.075024127960205,0.35514569687629105
16,22,1.375,interactive,3,8,6400,290.90909090909093,7.0,10.094805700420384,0.7770366227463811,0.1428438425064087,0.8217943906784058,0.6789505481719971,0.34858716323263766
16,22,1.375,interactive,4,8,6400,290.90909090909093,7.0,8.244517072700054,0.6929325942136388,0.08667778968811035,0.8154685497283936,0.7287907600402832,0.31577345318354344
16,22,1.375,interactive,5,8,6400,290.90909090909093,7.0,5.479994009950153,0.5672724549977343,0.08334016799926758,1.0178091526031494,0.9344689846038818,0.29340893467462126
16,22,1.375,interactive,7,8,6400,290.90909090909093,7.0,6.447263028803804,0.6112392285819911,0.11042779684066772,1.0080492496490479,0.8976214528083801,0.3887175373441935
16,22,1.375,interactive,6,8,6400,290.90909090909093,7.0,9.48912512153298,0.7495056873424081,0.14294660091400146,0.9157454967498779,0.7727988958358765,0.3946561079426153
16,24,1.5,additive,0,8,6400,266.6666666666667,7.0,12.193451184563733,0.7997271326901556,0.047033071517944336,2.983525276184082,2.9364922046661377,0.12459584728853683
16,24,1.5,additive,1,8,6400,266.6666666666667,7.0,11.971512424162926,0.7904796843401218,0.044266462326049805,2.8424525260925293,2.7981860637664795,0.013761404539295733
16,24,1.5,additive,2,8,6400,266.6666666666667,7.0,12.07795796297677,0.794914915124032,0.04217386245727539,2.778472900390625,2.7362990379333496,0.1917193967201692
16,24,1.5,additive,3,8,6400,266.6666666666667,7.0,11.730774541222344,0.7804489392175977,0.044147491455078125,2.6558711528778076,2.6117236614227295,0.08132278541297691
16,24,1.5,additive,4,8,6400,266.6666666666667,7.0,11.835896994184047,0.7848290414243353,0.04172539710998535,2.5103447437286377,2.4686193466186523,0.024601557771844206
16,24,1.5,additive,5,8,6400,266.6666666666667,7.0,11.826506323208125,0.7844377634670052,0.0427250862121582,2.6183815002441406,2.5756564140319824,0.0178517938035842
16,24,1.5,additive,7,8,6400,266.6666666666667,7.0,12.062442618885646,0.7942684424535686,0.04097700119018555,2.8506920337677,2.8097150325775146,0.12188616546346205
16,24,1.5,additive,6,8,6400,266.6666666666667,7.0,12.096481898058798,0.7956867457524499,0.04207444190979004,2.584423780441284,2.542349338531494,0.12700058092932928
16,24,1.5,interactive,0,8,6400,266.6666666666667,7.0,4.754981632635348,0.48979090135980613,0.11214399337768555,1.2509500980377197,1.1388061046600342,0.29267842941475514
16,24,1.5,interactive,1,8,6400,266.6666666666667,7.0,8.273466609136864,0.6363944420473694,0.11888408660888672,1.1707298755645752,1.0518457889556885,0.3135503542865137
16,24,1.5,interactive,2,8,6400,266.6666666666667,7.0,8.092372451271938,0.6288488521363308,0.08532524108886719,1.1603493690490723,1.075024127960205,0.3198104893511188
16,24,1.5,interactive,3,8,6400,266.6666666666667,7.0,10.274595825919471,0.7197748260799779,0.12862175703048706,0.8075723052024841,0.6789505481719971,0.38592964730439466
16,24,1.5,interactive,4,8,6400,266.6666666666667,7.0,8.81975870559273,0.6591566127330304,0.0815923810005188,0.810383141040802,0.7287907600402832,0.2687182225446646
16,24,1.5,interactive,5,8,6400,266.6666666666667,7.0,5.997178276271977,0.5415490948446657,0.08605754375457764,1.0205265283584595,0.9344689846038818,0.31702616786161325
16,24,1.5,interactive,6,8,6400,266.6666666666667,7.0,9.363714325616382,0.6818214302340159,0.11251699924468994,0.8853158950805664,0.7727988958358765,0.40700955557136914
16,24,1.5,interactive,7,8,6400,266.6666666666667,7.0,8.3832112525299,0.6409671355220792,0.07998710870742798,0.9776085615158081,0.8976214528083801,0.3780606816698642
16,28,1.75,additive,0,8,6400,228.57142857142858,7.0,13.514839311350167,0.7326728325482202,0.043717145919799805,2.9802093505859375,2.9364922046661377,0.07997075669714002
16,28,1.75,additive,1,8,6400,228.57142857142858,7.0,13.470548280524614,0.7310910100187362,0.04167008399963379,2.8398561477661133,2.7981860637664795,0.0290475779453489
16,28,1.75,additive,2,8,6400,228.57142857142858,7.0,13.573138840479556,0.7347549585885557,0.039922475814819336,2.776221513748169,2.7362990379333496,0.052961045725008794
16,28,1.75,additive,3,8,6400,228.57142857142858,7.0,13.439877728414158,0.7299956331576486,0.04374837875366211,2.6554720401763916,2.6117236614227295,0.010220369016495657
16,28,1.75,additive,4,8,6400,228.57142857142858,7.0,13.420726378988011,0.729311656392429,0.04213666915893555,2.510756015777588,2.4686193466186523,0.04351591773640515
16,28,1.75,additive,5,8,6400,228.57142857142858,7.0,13.440627141617343,0.7300223979149051,0.041867733001708984,2.6175241470336914,2.5756564140319824,0.03737519863136646
16,28,1.75,additive,6,8,6400,228.57142857142858,7.0,13.714085504397788,0.7397887680142067,0.0399935245513916,2.5823428630828857,2.542349338531494,0.08720255986890209
16,28,1.75,additive,7,8,6400,228.57142857142858,7.0,14.211469508741883,0.7575524824550673,0.03740429878234863,2.8471193313598633,2.8097150325775146,0.058141110502119474
16,28,1.75,interactive,1,8,6400,228.57142857142858,7.0,12.129869706939825,0.6832096323907081,0.09025359153747559,1.142099380493164,1.0518457889556885,0.3110728972274385
16,28,1.75,interactive,0,8,6400,228.57142857142858,7.0,10.294369349425295,0.6176560481937605,0.08605575561523438,1.2248618602752686,1.1388061046600342,0.24812945503502143
16,28,1.75,interactive,2,8,6400,228.57142857142858,7.0,8.629928668904544,0.5582117381751622,0.07497763633728027,1.1500017642974854,1.075024127960205,0.30083414149929544
16,28,1.75,interactive,3,8,6400,228.57142857142858,7.0,12.534043007742692,0.6976443931336676,0.08348852396011353,0.7624390721321106,0.6789505481719971,0.2770970910294334
16,28,1.75,interactive,4,8,6400,228.57142857142858,7.0,10.132746936674975,0.6118838191669634,0.07053309679031372,0.7993238568305969,0.7287907600402832,0.26607547917294294
16,28,1.75,interactive,5,8,6400,228.57142857142858,7.0,8.459086838574887,0.5521102442348174,0.07646012306213379,1.0109291076660156,0.9344689846038818,0.340536278790952
16,28,1.75,interactive,7,8,6400,228.57142857142858,7.0,8.144951800535209,0.5408911357334003,0.08526217937469482,0.982883632183075,0.8976214528083801,0.34554795463081817
16,28,1.75,interactive,6,8,6400,228.57142857142858,7.0,10.646529054698826,0.630233180524958,0.08965754508972168,0.8624564409255981,0.7727988958358765,0.3811832848752736
16,32,2.0,additive,0,8,6400,200.0,7.0,15.082247200436443,0.6900702250136388,0.04648137092590332,2.982973575592041,2.9364922046661377,0.08215216503885173
16,32,2.0,additive,1,8,6400,200.0,7.0,14.85679443266701,0.683024826020844,0.04051995277404785,2.8387060165405273,2.7981860637664795,0.0075045784297175094
16,32,2.0,additive,2,8,6400,200.0,7.0,14.721662907281118,0.6788019658525349,0.0404355525970459,2.7767345905303955,2.7362990379333496,0.03902479797273747
16,32,2.0,additive,3,8,6400,200.0,7.0,14.434254518945131,0.6698204537170354,0.04081416130065918,2.6525378227233887,2.6117236614227295,0.01928084381803598
16,32,2.0,additive,5,8,6400,200.0,7.0,14.346745917481336,0.6670858099212917,0.04251551628112793,2.6181719303131104,2.5756564140319824,0.03227644181529672
16,32,2.0,additive,6,8,6400,200.0,7.0,14.689252181209937,0.6777891306628105,0.039946794509887695,2.582296133041382,2.542349338531494,0.04814222029991892
16,32,2.0,additive,4,8,6400,200.0,7.0,14.687807132773221,0.6777439728991632,0.04022097587585449,2.508840322494507,2.4686193466186523,0.045446786636951515
