model,init,construction,classes,layer,d,n_points,n_items,min_cell,size_item,size_class,size_interaction,sig_interaction,leak_item_into_class,leak_int_into_margins,k_class,k_int,between_share,leak_item_into_class_null_lo,leak_item_into_class_null_med,leak_item_into_class_null_hi,leak_item_into_class_p,leak_int_into_margins_null_lo,leak_int_into_margins_null_med,leak_int_into_margins_null_hi,leak_int_into_margins_p
EleutherAI/pythia-160m,random,noun_role,nsubj+obj,0,768,16951,49,10,0.9981323598220929,0.00010218344489547176,0.0017654567330115576,False,,,1,12,0.924324772034622,,,,,,,,
EleutherAI/pythia-160m,random,noun_role,nsubj+obj,1,768,16951,49,10,0.9932008669379467,0.0012006732033125204,0.005598459858740768,False,,,1,26,0.8365898024595184,,,,,,,,
EleutherAI/pythia-160m,random,noun_role,nsubj+obj,2,768,16951,49,10,0.9900925772024388,0.002059812495224161,0.007847610302337011,False,,,1,29,0.7744316867772635,,,,,,,,
EleutherAI/pythia-160m,random,noun_role,nsubj+obj,3,768,16951,49,10,0.987560198316281,0.0028796113722457076,0.009560190311473198,False,,,1,28,0.7270667981916,,,,,,,,
EleutherAI/pythia-160m,random,noun_role,nsubj+obj,4,768,16951,49,10,0.9854858657339505,0.0033667702889373045,0.011147363977112303,False,,,1,28,0.6926710483437705,,,,,,,,
EleutherAI/pythia-160m,random,noun_role,nsubj+obj,5,768,16951,49,10,0.9837021069328458,0.003968818375201873,0.012329074691952399,False,,,1,28,0.6623069975758842,,,,,,,,
EleutherAI/pythia-160m,random,noun_role,nsubj+obj,6,768,16951,49,10,0.9821237741658505,0.004325482877545797,0.013550742956603754,False,,,1,28,0.6389216660236536,,,,,,,,
EleutherAI/pythia-160m,random,noun_role,nsubj+obj,7,768,16951,49,10,0.9808575127741282,0.004824484081303682,0.014318003144568018,False,,,1,27,0.615927864130524,,,,,,,,
EleutherAI/pythia-160m,random,noun_role,nsubj+obj,8,768,16951,49,10,0.9796026670342831,0.005289863787472875,0.01510746917824407,False,,,1,28,0.5983433522954796,,,,,,,,
EleutherAI/pythia-160m,random,noun_role,nsubj+obj,9,768,16951,49,10,0.9788255876074509,0.005493054882800856,0.015681357509748303,False,,,1,28,0.5824551057793076,,,,,,,,
EleutherAI/pythia-160m,random,noun_role,nsubj+obj,10,768,16951,49,10,0.9778949003664641,0.005867701281211777,0.016237398352324097,False,,,1,28,0.5675120123367084,,,,,,,,
EleutherAI/pythia-160m,random,noun_role,nsubj+obj,11,768,16951,49,10,0.9772666562210929,0.006129061227472684,0.01660428255143442,False,,,1,27,0.5540306415150483,,,,,,,,
EleutherAI/pythia-160m,random,noun_role,nsubj+obj,12,768,16951,49,10,0.97778969627295,0.006155374444555259,0.016054929282494773,False,,,1,28,0.54944139666266,,,,,,,,
EleutherAI/pythia-160m,pretrained,noun_role,nsubj+obj,0,768,16951,49,10,0.9987544613343153,6.070161118954125e-05,0.0011848370544951753,False,,,1,10,0.9637299905644449,,,,,,,,
EleutherAI/pythia-160m,pretrained,noun_role,nsubj+obj,1,768,16951,49,10,0.988701077094858,0.004448404965501058,0.006850517939640828,False,,,1,19,0.7886993269677888,,,,,,,,
EleutherAI/pythia-160m,pretrained,noun_role,nsubj+obj,2,768,16951,49,10,0.9793219133279724,0.007812322137037875,0.012865764534989844,False,,,1,28,0.6879071095584448,,,,,,,,
EleutherAI/pythia-160m,pretrained,noun_role,nsubj+obj,3,768,16951,49,10,0.9669011459018803,0.0130978377739383,0.020001016324181387,True,,0.09769701135785229,1,26,0.595681011219096,,,,,0.03664119500855045,0.04044022369933985,0.04372648669028561,0.0
EleutherAI/pythia-160m,pretrained,noun_role,nsubj+obj,4,768,16951,49,10,0.937949957162291,0.03041949808495449,0.03163054475275456,True,0.0048261860505395965,0.13810289277470497,1,16,0.4339415763053669,0.0007460792239997064,0.0012643861740496032,0.0020824822348470477,0.0,0.03453567670563422,0.03897599076904272,0.04416631199111804,0.0
EleutherAI/pythia-160m,pretrained,noun_role,nsubj+obj,5,768,16951,49,10,0.9260900485839353,0.040584315875927375,0.0333256355401374,True,0.0047882964339200085,0.1314332537572628,1,17,0.4330282490795105,0.0008054046805488962,0.0012795877086240947,0.002070685495329136,0.0,0.033531112782013935,0.03772153569658186,0.04290525781996887,0.0
EleutherAI/pythia-160m,pretrained,noun_role,nsubj+obj,6,768,16951,49,10,0.8977186523181037,0.06269587130871329,0.039585476373183,True,0.010982868150461601,0.19099729176735297,1,16,0.4344417245635504,0.0007843866446954552,0.0013051226052079924,0.0020371829779206557,0.0,0.0318130438609604,0.03625226443903428,0.04180440457389303,0.0
EleutherAI/pythia-160m,pretrained,noun_role,nsubj+obj,7,768,16951,49,10,0.9053759605018643,0.05407703052013048,0.040547008978005165,True,0.007079068571214773,0.15361090990302548,1,20,0.42015555776450547,0.0007966334580201995,0.0012902413681066902,0.0020914170822403646,0.0,0.03233151813862153,0.03629253739416656,0.040554890981290934,0.0
EleutherAI/pythia-160m,pretrained,noun_role,nsubj+obj,8,768,16951,49,10,0.9101983419187946,0.04457169780831736,0.045229960272888135,True,0.003912295210016065,0.17286153053431433,1,21,0.4114903873687762,0.0007631209681565516,0.0012881807410479633,0.0022785380947236084,0.0,0.030559376511298433,0.03381398307475912,0.03723950035952051,0.0
EleutherAI/pythia-160m,pretrained,noun_role,nsubj+obj,9,768,16951,49,10,0.9000375308771467,0.048341747990269045,0.05162072113258434,True,0.0027157547488864883,0.160086384634441,1,25,0.40536465029906404,0.0007398565548486149,0.0012846782583294937,0.0020850017097410424,0.005,0.030783311670578774,0.03361469884247749,0.037223185270508656,0.0
EleutherAI/pythia-160m,pretrained,noun_role,nsubj+obj,10,768,16951,49,10,0.8565740657450922,0.07529704072725027,0.06812889352765752,True,0.0042682827909168095,0.19604987427715062,1,24,0.39285633925025254,0.0008066189846899772,0.0012561248893589202,0.002214533604224329,0.0,0.029404534695676655,0.03261926714837037,0.03648265743511422,0.0
EleutherAI/pythia-160m,pretrained,noun_role,nsubj+obj,11,768,16951,49,10,0.8245027524293593,0.08876700839377248,0.08673023917686808,True,0.004148950120367639,0.22228866279735968,1,22,0.3822751041119527,0.000792604321826044,0.001245996524222504,0.0021825105267296537,0.0,0.027987564022372995,0.0317056796207381,0.03506592920499616,0.0
EleutherAI/pythia-160m,pretrained,noun_role,nsubj+obj,12,768,16951,49,10,0.8278344341138879,0.07874080512965997,0.09342476075645217,True,0.004914131965049155,0.17915304561830378,1,26,0.36324814778344044,0.000776102154466316,0.0012191098657702336,0.001962630874371648,0.0,0.030366850835049395,0.033631235942172474,0.037678202970473626,0.0
