model,init,construction,classes,layer,d,n_points,n_items,min_cell,size_item,size_class,size_interaction,sig_interaction,leak_item_into_class,leak_int_into_margins,k_class,k_int,between_share,between_share_adj,between_ss,within_ss,between_n_obs,between_n_groups,between_n0,between_var,within_var,leak_item_into_class_null_lo,leak_item_into_class_null_med,leak_item_into_class_null_hi,leak_item_into_class_p,leak_int_into_margins_null_lo,leak_int_into_margins_null_med,leak_int_into_margins_null_hi,leak_int_into_margins_p
EleutherAI/pythia-160m,pretrained,metaphor,lit+met,0,768,88509,180,10,0.9993628931647575,1.2664857245958592e-05,0.0006244419779965377,False,,,1,20,0.9610594142897706,0.960419205492408,10183566.414000738,412621.77435019985,14871,360,41.07132930949902,689.9714627120798,28.435102635945135,,,,,,,,
EleutherAI/pythia-160m,pretrained,metaphor,lit+met,1,768,88509,180,10,0.9934412497438828,0.00048084325110626887,0.006077907005010883,False,,,1,28,0.8027408298031301,0.7992229908483389,8217895.83420762,2019400.5995903658,14871,360,41.07132930949902,553.9609186018429,139.1634346075643,,,,,,,,
EleutherAI/pythia-160m,pretrained,metaphor,lit+met,2,768,88509,180,10,0.9842170604373593,0.0007468979361138044,0.015036041626526664,False,,,1,42,0.6866770899936334,0.6807687038671194,7363530.37771167,3359894.7736647082,14871,360,41.07132930949902,493.7674477752221,231.5412289755846,,,,,,,,
EleutherAI/pythia-160m,pretrained,metaphor,lit+met,3,768,88509,180,10,0.9760883006398702,0.0011904059494281718,0.022721293410701705,True,,0.20594573113252834,1,39,0.5571259754784201,0.5482675424678336,6076622.46569253,4830466.295470255,14871,360,41.07132930949902,404.020083558376,332.8830745965306,,,,,0.08392299767779966,0.08819068510586825,0.09283541886590337,0.0
EleutherAI/pythia-160m,pretrained,metaphor,lit+met,4,768,88509,180,10,0.96527674617831,0.002446433121826454,0.032276820699863464,True,,0.28751437414850817,1,24,0.3784573035588463,0.36504102360304574,4363952.8922109315,7166945.973194054,14871,360,41.07132930949902,283.9440646134418,493.89745525422467,,,,,0.0719810426867239,0.07712755228243309,0.08135556508531717,0.0
EleutherAI/pythia-160m,pretrained,metaphor,lit+met,5,768,88509,180,10,0.9637546691977865,0.0025441631967819006,0.03370116760543166,True,,0.2929057121051326,1,25,0.37734309588675186,0.36389660770594967,4321205.340653849,7130455.99291068,14871,360,41.07132930949902,281.10609177389006,491.38281254983673,,,,,0.07454537180487229,0.07917066878396675,0.08519621697415332,0.0
EleutherAI/pythia-160m,pretrained,metaphor,lit+met,6,768,88509,180,10,0.9584960814111493,0.0026295232344702227,0.038874395354380635,True,,0.34170427296541456,1,22,0.37184023963503376,0.35824423392667554,4289875.873233297,7247003.183868936,14871,360,41.07132930949902,278.78572967663206,499.4144568857375,,,,,0.056288376329520766,0.060952986887376784,0.06575773446154833,0.0
EleutherAI/pythia-160m,pretrained,metaphor,lit+met,7,768,88509,180,10,0.9567961534417546,0.0030538326468340835,0.04015001391141124,True,,0.33024393633242505,1,27,0.37106420666280826,0.3574470719584927,4349534.246108833,7372249.121860477,14871,360,41.07132930949902,282.6216953275429,508.04556004827214,,,,,0.061199384751325,0.06517911067665688,0.07021342293568945,0.0
EleutherAI/pythia-160m,pretrained,metaphor,lit+met,8,768,88509,180,10,0.9535966890124451,0.003715065351178304,0.042688245636376514,True,,0.3162421357220873,1,32,0.3577237028779123,0.34374166623507485,4297334.308461909,7715664.198177583,14871,360,41.07132930949902,278.50520886738923,531.7114050153389,,,,,0.060038539909616155,0.06387962262228175,0.06796278402840802,0.0
EleutherAI/pythia-160m,pretrained,metaphor,lit+met,9,768,88509,180,10,0.9499791675092528,0.003998020623514799,0.04602281186723232,True,,0.3097083942629445,1,38,0.37503184314546734,0.3615226219902222,4507394.184299915,7511303.072166351,14871,360,41.07132930949902,293.0946609102303,517.6282180529495,,,,,0.05009893697700107,0.05346923423246141,0.05745462021051489,0.0
EleutherAI/pythia-160m,pretrained,metaphor,lit+met,10,768,88509,180,10,0.9456790038043833,0.003685005081117627,0.050635991114499124,True,,0.3137564560127768,1,42,0.37098348127947856,0.3573641480534725,4449911.528869693,7544993.240265767,14871,360,41.07132930949902,289.13957792008324,519.9499166332967,,,,,0.04752641243842502,0.050810655043795054,0.05385772819329219,0.0
EleutherAI/pythia-160m,pretrained,metaphor,lit+met,11,768,88509,180,10,0.942740970769789,0.0033942195067152054,0.05386480972349573,True,,0.2841791731649776,1,45,0.3589779010140813,0.3450303056934016,4216073.083266895,7528586.048553912,14871,360,41.07132930949902,273.3078551360782,518.8192439221219,,,,,0.03987099611231696,0.04294765451343143,0.04603926143878486,0.0
EleutherAI/pythia-160m,pretrained,metaphor,lit+met,12,768,88509,180,10,0.9394591899852585,0.0031636794796635888,0.0573771305350779,True,,0.22958931079634232,1,62,0.3310906031283348,0.31637056681687314,3399734.9560581055,6868556.937264901,14871,360,41.07132930949902,219.05011247249587,473.33450053510444,,,,,0.05168253109840592,0.054334407538299906,0.05741691264186885,0.0
znhoughton/opt-babylm-125m-20eps-seed964,pretrained_noposemb,metaphor,lit+met,0,768,88509,180,10,0.999999999034641,9.653590184307526e-10,3.9991941360605725e-21,False,,,1,1,0.9998435907961967,0.9998410726074717,8824609.28390735,1380.4660295639187,14871,360,41.07132930949902,598.4950971192061,0.0951323843679911,,,,,,,,
znhoughton/opt-babylm-125m-20eps-seed964,pretrained_noposemb,metaphor,lit+met,1,768,88509,180,10,0.9960256957001989,0.00030351253075917134,0.0036707917690418017,False,,,1,69,0.7368883607535285,0.7320433959930837,7614122.281246045,2718680.74126334,14871,360,41.07132930949902,511.8388307642388,187.35309360232515,,,,,,,,
znhoughton/opt-babylm-125m-20eps-seed964,pretrained_noposemb,metaphor,lit+met,2,768,88509,180,10,0.9953199203117452,0.0004577892744331336,0.004222290413821633,False,,,1,50,0.7350126882457555,0.7301288005911164,7782409.7527460335,2805720.0539926803,14871,360,41.07132930949902,523.1062812453886,193.35125449608438,,,,,,,,
znhoughton/opt-babylm-125m-20eps-seed964,pretrained_noposemb,metaphor,lit+met,3,768,88509,180,10,0.9951986314140506,0.0004824726341615417,0.004318895951787696,False,,,1,47,0.7311256001256178,0.7261608517751236,7800391.00503084,2868625.376956909,14871,360,41.07132930949902,524.2202467531955,197.68626400364613,,,,,,,,
znhoughton/opt-babylm-125m-20eps-seed964,pretrained_noposemb,metaphor,lit+met,4,768,88509,180,10,0.9949629737109718,0.0005034884670859535,0.004533537821942277,False,,,1,38,0.690937472995386,0.6851210493862915,7420068.778178236,3319063.2969868155,14871,360,41.07132930949902,497.6704724072846,228.72739969587317,,,,,,,,
znhoughton/opt-babylm-125m-20eps-seed964,pretrained_noposemb,metaphor,lit+met,5,768,88509,180,10,0.9944070937222543,0.0005447315593598372,0.005048174718385689,False,,,1,46,0.654626796222981,0.6480162841276453,7112345.712740165,3752387.8328104755,14871,360,41.07132930949902,476.0731897022842,258.5891966653212,,,,,,,,
znhoughton/opt-babylm-125m-20eps-seed964,pretrained_noposemb,metaphor,lit+met,6,768,88509,180,10,0.9932111874430182,0.0006347111837477522,0.006154101373233969,False,,,1,52,0.5994078080811036,0.5915449118718449,6521669.443171005,4358518.227471721,14871,360,41.07132930949902,434.99567322316267,300.35960495291306,,,,,,,,
znhoughton/opt-babylm-125m-20eps-seed964,pretrained_noposemb,metaphor,lit+met,7,768,88509,180,10,0.9925660069514831,0.0006241795090719686,0.006809813539444813,False,,,1,58,0.5740080579792761,0.5655509246324668,6285050.050930298,4664360.786708522,14871,360,41.07132930949902,418.43464257826804,321.4362060994088,,,,,,,,
znhoughton/opt-babylm-125m-20eps-seed964,pretrained_noposemb,metaphor,lit+met,8,768,88509,180,10,0.9915167353795085,0.0007164003356344507,0.007766864284857004,False,,,1,65,0.5225187979384548,0.5128218974605734,5759323.174819953,5262908.365064892,14871,360,41.07132930949902,381.77480845817536,362.68405796050524,,,,,,,,
znhoughton/opt-babylm-125m-20eps-seed964,pretrained_noposemb,metaphor,lit+met,9,768,88509,180,10,0.9889320815965738,0.0009338288292868536,0.010134089574139372,False,,,1,68,0.45360623260462885,0.44217627108551,5051204.054720021,6084454.345994105,14871,360,41.07132930949902,332.37070867185855,419.29945186369685,,,,,,,,
znhoughton/opt-babylm-125m-20eps-seed964,pretrained_noposemb,metaphor,lit+met,10,768,88509,180,10,0.9861487226477996,0.0011325641256797372,0.012718713226520665,False,,,1,71,0.3935047455694544,0.3804942597014093,4383685.427454296,6756422.733402855,14871,360,41.07132930949902,285.971166400822,465.60696943028427,,,,,,,,
znhoughton/opt-babylm-125m-20eps-seed964,pretrained_noposemb,metaphor,lit+met,11,768,88509,180,10,0.9837417283929131,0.0013688744207308117,0.014889397186356273,False,,,1,70,0.35673801530474086,0.3427288911509405,3973987.169508659,7165804.49557057,14871,360,41.07132930949902,257.49795609116944,493.8187923348198,,,,,,,,
znhoughton/opt-babylm-125m-20eps-seed964,pretrained_noposemb,metaphor,lit+met,12,768,88509,180,10,0.9823867428992936,0.0015230067079018512,0.016090250392804567,False,,,1,70,0.33021107779271414,0.31546645380472554,3720238.1888838066,7546004.645098702,14871,360,41.07132930949902,239.6504086936501,520.0196158154987,,,,,,,,
znhoughton/opt-babylm-125m-20eps-seed964,pretrained,metaphor,lit+met,0,768,88509,180,10,0.9989612126395728,0.00018878643005079183,0.0008500009303764372,False,,,1,16,0.6862190247080306,0.6803007318793372,6690128.603035347,3059132.72920742,14871,360,41.07132930949902,448.6010383877617,210.81474255443592,,,,,,,,
znhoughton/opt-babylm-125m-20eps-seed964,pretrained,metaphor,lit+met,1,768,88509,180,10,0.9976403487572827,0.00021295693050323798,0.00214669431221402,False,,,1,61,0.7966813153306068,0.7930445584619887,8541849.314974114,2179940.1265536025,14871,360,41.07132930949902,575.6625313830268,150.22673327500533,,,,,,,,
znhoughton/opt-babylm-125m-20eps-seed964,pretrained,metaphor,lit+met,2,768,88509,180,10,0.9971423623591542,0.000290364457396026,0.00256727318344982,False,,,1,41,0.8150044431106027,0.8117252944236716,8991184.349265944,2040883.5434556752,14871,360,41.07132930949902,606.3703872675458,140.64389383610194,,,,,,,,
znhoughton/opt-babylm-125m-20eps-seed964,pretrained,metaphor,lit+met,3,768,88509,180,10,0.9963628119433013,0.00040434142154601756,0.0032328466351527066,False,,,1,35,0.8079083154557526,0.8044913763456825,9085808.077716663,2160280.004185587,14871,360,41.07132930949902,612.5875673008472,148.8718905785671,,,,,,,,
znhoughton/opt-babylm-125m-20eps-seed964,pretrained,metaphor,lit+met,4,768,88509,180,10,0.994826779345896,0.0005451049552156062,0.004628115698888331,False,,,1,29,0.7790673206853916,0.775081208337458,8836624.044944456,2505943.933866868,14871,360,41.07132930949902,595.1075691202594,172.69271131327048,,,,,,,,
znhoughton/opt-babylm-125m-20eps-seed964,pretrained,metaphor,lit+met,5,768,88509,180,10,0.9922674895737651,0.0006955978475327335,0.007036912578702249,False,,,1,34,0.7311560106270529,0.7261918959244213,8350227.917056131,3070355.0990019897,14871,360,41.07132930949902,561.1724788638503,211.58811239762866,,,,,,,,
znhoughton/opt-babylm-125m-20eps-seed964,pretrained,metaphor,lit+met,6,768,88509,180,10,0.9883468233438316,0.0009370091064626618,0.010716167549705797,False,,,1,35,0.6655372897342817,0.6591678365085554,7539555.750657218,3788969.137358319,14871,360,41.07132930949902,504.9857958786007,261.110132820503,,,,,,,,
znhoughton/opt-babylm-125m-20eps-seed964,pretrained,metaphor,lit+met,7,768,88509,180,10,0.986534231230366,0.0010207691634491135,0.012444999606184956,False,,,1,39,0.640473720105973,0.6335473640398854,7331681.671151099,4115597.8049498023,14871,360,41.07132930949902,490.33943593697035,283.61917200398335,,,,,,,,
znhoughton/opt-babylm-125m-20eps-seed964,pretrained,metaphor,lit+met,8,768,88509,180,10,0.983153271384982,0.0013382434026339325,0.01550848521238405,False,,,1,41,0.594129262016675,0.5861438147155488,6887270.870767117,4704938.621472664,14871,360,41.07132930949902,459.2100203914792,324.2325560934921,,,,,,,,
znhoughton/opt-babylm-125m-20eps-seed964,pretrained,metaphor,lit+met,9,768,88509,180,10,0.9809045217584034,0.0015176005654907855,0.017577877676105913,False,,,1,44,0.573962605242997,0.5655043982459078,6666944.649424057,4948698.231354719,14871,360,41.07132930949902,443.8581839720034,341.03082016089303,,,,,,,,
znhoughton/opt-babylm-125m-20eps-seed964,pretrained,metaphor,lit+met,10,768,88509,180,10,0.9782868517234505,0.001736694140268098,0.019976454136281394,False,,,1,46,0.5425551380342245,0.5333462749147164,6301865.193543996,5313295.647761083,14871,360,41.07132930949902,418.4862268518288,366.1564087768647,,,,,,,,
znhoughton/opt-babylm-125m-20eps-seed964,pretrained,metaphor,lit+met,11,768,88509,180,10,0.9755107495300598,0.0018597350278484052,0.022629515442091633,True,,0.2120309778911647,1,48,0.5130957249305124,0.5031668333162577,5910348.476188976,5608649.225437565,14871,360,41.07132930949902,391.4374411295742,386.51018023827197,,,,,0.05178247062889428,0.05453615215723619,0.05767668174643552,0.0
znhoughton/opt-babylm-125m-20eps-seed964,pretrained,metaphor,lit+met,12,768,88509,180,10,0.9736028065004328,0.0018274361778170805,0.024569757321749926,True,,0.22281852435076469,1,50,0.48673510779536117,0.47614884257739803,5486927.0116686355,5785995.207814068,14871,360,41.07132930949902,362.42283453301206,398.7316661714608,,,,,0.054523812373863986,0.05703202675550842,0.06015970915791808,0.0
znhoughton/opt-babylm-350m-20eps-seed964,pretrained,metaphor,lit+met,0,1024,88509,180,10,0.9996471199952761,0.00010852078314329937,0.00024435922158054567,False,,,1,26,0.7257743190318338,0.7206978141628504,9237035.949307602,3490110.364755418,14871,360,41.07132930949902,620.6127430687608,240.51480702607802,,,,,,,,
znhoughton/opt-babylm-350m-20eps-seed964,pretrained,metaphor,lit+met,1,1024,88509,180,10,0.9993858882822633,0.00011597074740202417,0.000498140970334731,False,,,1,30,0.7899074320544212,0.7861369704574768,11526620.570439965,3065748.234675709,14871,360,41.07132930949902,776.6076260113829,211.27063845880429,,,,,,,,
znhoughton/opt-babylm-350m-20eps-seed964,pretrained,metaphor,lit+met,2,1024,88509,180,10,0.9986905624213137,0.0001834420967436466,0.0011259954819426224,False,,,1,33,0.8172961539667506,0.8140613151973116,11898448.950191474,2659858.8216514476,14871,360,41.07132930949902,802.5065881348928,183.29948464278462,,,,,,,,
znhoughton/opt-babylm-350m-20eps-seed964,pretrained,metaphor,lit+met,3,1024,88509,180,10,0.9977101204487567,0.00031085486308409096,0.001979024688159132,False,,,1,25,0.8219049976828797,0.8187589897122001,12000178.833739206,2600266.312074719,14871,360,41.07132930949902,809.5060416904637,179.19277183341734,,,,,,,,
znhoughton/opt-babylm-350m-20eps-seed964,pretrained,metaphor,lit+met,4,1024,88509,180,10,0.9969704978331035,0.00038835155642327724,0.0026411506104730103,False,,,1,22,0.8194416986658795,0.8162482597222208,11989076.560423877,2641709.961598506,14871,360,41.07132930949902,808.68353194775,182.0487879262977,,,,,,,,
znhoughton/opt-babylm-350m-20eps-seed964,pretrained,metaphor,lit+met,5,1024,88509,180,10,0.9964674761318113,0.00043725826906080824,0.003095265599127906,False,,,1,21,0.8187755094574709,0.8155692246087466,12014342.929834446,2659206.5242708363,14871,360,41.07132930949902,810.3677753227182,183.25453271799574,,,,,,,,
znhoughton/opt-babylm-350m-20eps-seed964,pretrained,metaphor,lit+met,6,1024,88509,180,10,0.9960442311947341,0.00044853507410025747,0.003507233731165597,False,,,1,22,0.8191060342228311,0.8159061237520115,12036544.932219384,2658188.6301327404,14871,360,41.07132930949902,811.8752542674589,183.1843863367611,,,,,,,,
znhoughton/opt-babylm-350m-20eps-seed964,pretrained,metaphor,lit+met,7,1024,88509,180,10,0.9959708711768945,0.00042608791040539166,0.0036030409127001143,False,,,1,25,0.823079605492834,0.8199561769737111,12072982.625569802,2595079.303070603,14871,360,41.07132930949902,814.4524004892957,178.83531824619965,,,,,,,,
znhoughton/opt-babylm-350m-20eps-seed964,pretrained,metaphor,lit+met,8,1024,88509,180,10,0.9959247484778578,0.0004060905910684425,0.00366916093107378,False,,,1,26,0.8286358966338905,0.8256189466643367,12146636.564418687,2511956.689579984,14871,360,41.07132930949902,819.5871849503332,173.1070697801657,,,,,,,,
znhoughton/opt-babylm-350m-20eps-seed964,pretrained,metaphor,lit+met,9,1024,88509,180,10,0.9959383372710462,0.00039290787766625506,0.003668754851287672,False,,,1,28,0.8339063854497237,0.8309899337671016,12199048.703894548,2429750.0638659727,14871,360,41.07132930949902,823.2797837732448,167.44194499799963,,,,,,,,
znhoughton/opt-babylm-350m-20eps-seed964,pretrained,metaphor,lit+met,10,1024,88509,180,10,0.9960501220251887,0.0003562126100057695,0.0035936653648055337,False,,,1,33,0.8421884269674449,0.8394289084474832,12350027.315620597,2314181.928016981,14871,360,41.07132930949902,833.7132763747251,159.47777052008692,,,,,,,,
znhoughton/opt-babylm-350m-20eps-seed964,pretrained,metaphor,lit+met,11,1024,88509,180,10,0.9961876274895833,0.0003101903454771781,0.003502182164939491,False,,,1,35,0.8505045562818118,0.8479013998975907,12471286.650972996,2192111.162548743,14871,360,41.07132930949902,842.1420765601526,151.06547877808168,,,,,,,,
znhoughton/opt-babylm-350m-20eps-seed964,pretrained,metaphor,lit+met,12,1024,88509,180,10,0.9962886066864161,0.0002879397015700937,0.0034234536120137707,False,,,1,38,0.8572188603450444,0.8547410585835404,12593320.06932849,2097584.0298410933,14871,360,41.07132930949902,850.5771609136954,144.5513079623109,,,,,,,,
znhoughton/opt-babylm-350m-20eps-seed964,pretrained,metaphor,lit+met,13,1024,88509,180,10,0.996332070582731,0.0002752231809972183,0.003392706236271823,False,,,1,40,0.8620056131614875,0.8596166938696802,12754713.469040336,2041841.5351216588,14871,360,41.07132930949902,861.6166181443048,140.70991214400516,,,,,,,,
znhoughton/opt-babylm-350m-20eps-seed964,pretrained,metaphor,lit+met,14,1024,88509,180,10,0.9963726315313715,0.0002388157594142426,0.0033885527092142433,False,,,1,42,0.8670036907987622,0.8647071470018821,12879560.898273252,1975694.0850214977,14871,360,41.07132930949902,870.1949346425343,136.151477156743,,,,,,,,
znhoughton/opt-babylm-350m-20eps-seed964,pretrained,metaphor,lit+met,15,1024,88509,180,10,0.9964094679571448,0.00023386919505323495,0.0033566628478018624,False,,,1,43,0.8710756422101992,0.8688540316487614,12996796.141625796,1923602.8591415118,14871,360,41.07132930949902,878.2333971673932,132.56170209782314,,,,,,,,
znhoughton/opt-babylm-350m-20eps-seed964,pretrained,metaphor,lit+met,16,1024,88509,180,10,0.9964782901075697,0.00022119373706356725,0.0033005161553666717,False,,,1,44,0.8767705821780806,0.8746532815525011,13136657.61595768,1846346.9270591363,14871,360,41.07132930949902,887.8486261499423,127.23774564531296,,,,,,,,
znhoughton/opt-babylm-350m-20eps-seed964,pretrained,metaphor,lit+met,17,1024,88509,180,10,0.9965522304068185,0.0002098622140047446,0.0032379073791766327,False,,,1,42,0.8802858656123074,0.8782326665994424,13245434.491750024,1801307.7191302944,14871,360,41.07132930949902,895.301597768582,124.13394797948415,,,,,,,,
znhoughton/opt-babylm-350m-20eps-seed964,pretrained,metaphor,lit+met,18,1024,88509,180,10,0.9964049884787864,0.00023462844519050514,0.0033603830760229264,False,,,1,39,0.877507831255837,0.8754039924950651,13232719.950166548,1847168.2044823598,14871,360,41.07132930949902,894.3623307525659,127.29434253203499,,,,,,,,
znhoughton/opt-babylm-350m-20eps-seed964,pretrained,metaphor,lit+met,19,1024,88509,180,10,0.9959764663795266,0.00028296995968867455,0.0037405636607846476,False,,,1,32,0.8617356286798593,0.8593417069470524,12980100.478193589,2082640.3975417297,14871,360,41.07132930949902,876.8342260421468,143.52149386959752,,,,,,,,
znhoughton/opt-babylm-350m-20eps-seed964,pretrained,metaphor,lit+met,20,1024,88509,180,10,0.9937805228776565,0.0004975367663219307,0.005721940356021687,False,,,1,30,0.8013278428950209,0.7977823320322885,12102690.812458435,3000604.199398486,14871,360,41.07132930949902,815.7868246934542,206.78135203628185,,,,,,,,
znhoughton/opt-babylm-350m-20eps-seed964,pretrained,metaphor,lit+met,21,1024,88509,180,10,0.9889821383706745,0.0008468982154531961,0.010170963413872318,False,,,1,38,0.6974552451613267,0.6917788891832165,10405519.65027297,4513745.381372312,14871,360,41.07132930949902,698.1434025426828,311.05681078990506,,,,,,,,
znhoughton/opt-babylm-350m-20eps-seed964,pretrained,metaphor,lit+met,22,1024,88509,180,10,0.9833198427122618,0.0012241072439625486,0.015456050043775609,False,,,1,40,0.6180129950119826,0.6105781102274512,9275009.774914559,5732781.080251401,14871,360,41.07132930949902,619.4252229880768,395.06450832137006,,,,,,,,
znhoughton/opt-babylm-350m-20eps-seed964,pretrained,metaphor,lit+met,23,1024,88509,180,10,0.9792748720060149,0.0014948050654645412,0.019230322928520477,False,,,1,44,0.5635181709045153,0.554812280578522,8484580.880731026,6571865.066898739,14871,360,41.07132930949902,564.4093316828523,452.8885029907476,,,,,,,,
znhoughton/opt-babylm-350m-20eps-seed964,pretrained,metaphor,lit+met,24,1024,88509,180,10,0.9755358451025151,0.0016460742806658922,0.022818080616818944,True,,0.22523208522984992,1,48,0.5082710398920526,0.4982227558246883,7629402.767164387,7381097.868057191,14871,360,41.07132930949902,505.0521443029242,508.65535580299024,,,,,0.03746101130615004,0.0400297332358691,0.04228118184308074,0.0
EleutherAI/pythia-410m,pretrained,metaphor,lit+met,0,1024,88509,180,10,0.9993542463079284,1.2571146793985598e-05,0.000633182545277638,False,,,1,20,0.9612051216872562,0.9605673580811378,13503708.79128453,545018.6724026445,14871,360,41.07132930949902,914.9260408562393,37.55900161275202,,,,,,,,
EleutherAI/pythia-410m,pretrained,metaphor,lit+met,1,1024,88509,180,10,0.9964249968180741,0.0003105063813304594,0.0032644968005955113,False,,,1,27,0.8798181893104706,0.8777564747183644,10977841.403526118,1499556.2416960727,14871,360,41.07132930949902,742.0165514376342,103.33927652788041,,,,,,,,
EleutherAI/pythia-410m,pretrained,metaphor,lit+met,2,1024,88509,180,10,0.9895538244777194,0.0005366570522917456,0.00990951846998868,False,,,1,42,0.7513737628994013,0.7468272960649649,10005211.155344466,3310679.8823414315,14871,360,41.07132930949902,673.0125308740154,228.14967144520926,,,,,,,,
EleutherAI/pythia-410m,pretrained,metaphor,lit+met,3,1024,88509,180,10,0.981982464162112,0.000720263863146938,0.01729727197474098,False,,,1,47,0.6890368941273861,0.6831794852632228,9484083.974366385,4280177.497259559,14871,360,41.07132930949902,636.0422405988207,294.9608915484501,,,,,,,,
EleutherAI/pythia-410m,pretrained,metaphor,lit+met,4,1024,88509,180,10,0.9770447091873764,0.0010170991509287244,0.021938191661694865,True,,0.1363235236328408,1,50,0.6193362509281163,0.6119315736975915,8645291.944632396,5313671.270707985,14871,360,41.07132930949902,577.420094870913,366.18229417049037,,,,,0.07639227588214977,0.07917003650865134,0.08274528033837522,0.0
EleutherAI/pythia-410m,pretrained,metaphor,lit+met,5,1024,88509,180,10,0.9711270639952668,0.0012450831540587344,0.027627852850674452,True,,0.1596927095166122,1,53,0.5653404745097422,0.5566779385074828,8047355.756840742,6187173.911001156,14871,360,41.07132930949902,535.4015788833012,426.3781897182245,,,,,0.0701133046210696,0.07294347471391319,0.07640109238195489,0.0
EleutherAI/pythia-410m,pretrained,metaphor,lit+met,6,1024,88509,180,10,0.9626339157768274,0.002206529230414912,0.03515955499275764,True,,0.3019025928648659,1,18,0.3723173400430072,0.35873431897845826,5763707.066758246,9716923.15608463,14871,360,41.07132930949902,374.59877619466243,669.6246403476418,,,,,0.06110088899686748,0.06520151265873084,0.06937828637419874,0.0
EleutherAI/pythia-410m,pretrained,metaphor,lit+met,7,1024,88509,180,10,0.9566348000849908,0.00255764393685603,0.04080755597815321,True,,0.3103525631978889,1,18,0.33989589890874033,0.32542125825477974,5385557.949973347,10459169.70712419,14871,360,41.07132930949902,347.70676198076603,720.7752537471015,,,,,0.05993528862008084,0.06445641449133291,0.06949406971819411,0.0
EleutherAI/pythia-410m,pretrained,metaphor,lit+met,8,1024,88509,180,10,0.9530351013395127,0.0027346785164083062,0.044230220144078944,True,,0.2989445346037801,1,21,0.3317274612912086,0.3170252201167515,5187338.71524367,10450012.18435502,14871,360,41.07132930949902,334.2786200177866,720.144179198885,,,,,0.05839388391895683,0.06257801840944421,0.06775824602631902,0.0
EleutherAI/pythia-410m,pretrained,metaphor,lit+met,9,1024,88509,180,10,0.9501386575884713,0.003019528034598192,0.046841814376930614,True,,0.3029895441813821,1,21,0.32584717805873575,0.3109803541006392,5058467.225918916,10465580.75281515,14871,360,41.07132930949902,325.51225198468853,721.2170596661257,,,,,0.056658486523333676,0.0604648339210062,0.06522863881711906,0.0
EleutherAI/pythia-410m,pretrained,metaphor,lit+met,10,1024,88509,180,10,0.9492283253567417,0.003047997861220277,0.04772367678203798,True,,0.2976317173709905,1,22,0.3229032486491262,0.3079537951614064,5000999.644667928,10486610.546897922,14871,360,41.07132930949902,321.57943408172764,722.666290875744,,,,,0.05597731156865397,0.05942991573298749,0.06331321822537146,0.0
EleutherAI/pythia-410m,pretrained,metaphor,lit+met,11,1024,88509,180,10,0.9480755020702917,0.0033867237454321187,0.04853777418427618,True,,0.29806560837530743,1,23,0.32697259977977944,0.31213732297490737,5059100.953433632,10413452.272252575,14871,360,41.07132930949902,325.6426982154526,717.6247172663892,,,,,0.054724298070807115,0.05829652027162501,0.06186776408130675,0.0
EleutherAI/pythia-410m,pretrained,metaphor,lit+met,12,1024,88509,180,10,0.9495942281704932,0.003225663609906334,0.04718010821960046,True,,0.3081671734871472,1,22,0.3340760508035459,0.31943937144552265,5197854.467296282,10361041.343385132,14871,360,41.07132930949902,335.14109653857327,714.012910439331,,,,,0.05354564540507848,0.05747361993294974,0.0617354062283512,0.0
EleutherAI/pythia-410m,pretrained,metaphor,lit+met,13,1024,88509,180,10,0.9493481214478167,0.0034014357968897933,0.047250442755293554,True,,0.3041769085414982,1,23,0.33774311347693375,0.3232086045689251,5216965.269879048,10229582.895596255,14871,360,41.07132930949902,336.6577910735611,704.9536831091071,,,,,0.05372132426633113,0.057604789212896405,0.06180601338093601,0.0
EleutherAI/pythia-410m,pretrained,metaphor,lit+met,14,1024,88509,180,10,0.9466949213888077,0.0034073700695645176,0.049897708541627867,True,,0.30981582863453316,1,26,0.3377963787663765,0.3232633521474812,5219160.342754527,10231450.352998823,14871,360,41.07132930949902,336.80353061225287,705.0823756459805,,,,,0.0510659364676355,0.05466933996849775,0.058001742142225095,0.0
EleutherAI/pythia-410m,pretrained,metaphor,lit+met,15,1024,88509,180,10,0.9480660806517122,0.0034851096051078216,0.048448809743179895,True,,0.2955148058274965,1,29,0.3511271040308394,0.33696345690830676,5480289.160284556,10127418.411624286,14871,360,41.07132930949902,354.6882086131807,697.9131976861888,,,,,0.05332346421949808,0.05641741969889056,0.06064214154881749,0.0
EleutherAI/pythia-410m,pretrained,metaphor,lit+met,16,1024,88509,180,10,0.9483486375669954,0.0035869354771086706,0.048064426955895835,True,,0.280567239393451,1,34,0.35840607488763565,0.3444427802304419,5688148.621482254,10182532.76489088,14871,360,41.07132930949902,368.6930537145263,701.7113062429108,,,,,0.05226965970065707,0.055463025147348674,0.059355708807699525,0.0
EleutherAI/pythia-410m,pretrained,metaphor,lit+met,17,1024,88509,180,10,0.9463385987438371,0.0037278488609898564,0.04993355239517308,True,,0.29374602816854994,1,35,0.3591305692016084,0.34518716435853547,5639660.999193438,10063989.65836852,14871,360,41.07132930949902,365.60345745541355,693.5421169022479,,,,,0.04589512426346674,0.04870842995036711,0.05207184190537382,0.0
EleutherAI/pythia-410m,pretrained,metaphor,lit+met,18,1024,88509,180,10,0.9436957636493181,0.004236208474119517,0.05206802787656242,True,,0.28687879932474625,1,36,0.35633105318282277,0.34231074031262904,5678014.345143773,10256646.118564267,14871,360,41.07132930949902,367.8813786662688,706.8186974408563,,,,,0.037452690750001544,0.03989641597058202,0.04286689020682144,0.0
EleutherAI/pythia-410m,pretrained,metaphor,lit+met,19,1024,88509,180,10,0.9388089038530307,0.004463342485193228,0.056727753661776056,True,,0.3024327676967022,1,37,0.34464939386141824,0.3303066531048724,5428592.857649674,10322465.9120416,14871,360,41.07132930949902,350.85482409643674,711.354552549211,,,,,0.03939062362066887,0.041809827944674166,0.044890712971813185,0.0
EleutherAI/pythia-410m,pretrained,metaphor,lit+met,20,1024,88509,180,10,0.9321521941251516,0.00450063345482404,0.06334717242002444,True,,0.329543824366876,1,31,0.33370392682194466,0.3190568660447888,5217469.939939675,10417557.162164446,14871,360,41.07132930949902,336.37661806498653,717.9075985228066,,,,,0.031748830044406665,0.03400267009807091,0.03724085066721821,0.0
EleutherAI/pythia-410m,pretrained,metaphor,lit+met,21,1024,88509,180,10,0.9303791736425563,0.004313794897960446,0.06530703145948343,True,,0.3347570034671296,1,28,0.325914914893546,0.3110499903343463,5086839.986354411,10521037.265952166,14871,360,41.07132930949902,327.34348248626526,725.038747567512,,,,,0.023885185151632626,0.02624785292031409,0.02937262327440129,0.0
EleutherAI/pythia-410m,pretrained,metaphor,lit+met,22,1024,88509,180,10,0.9285073136755403,0.004836792815548662,0.066655893508911,True,,0.3082678126341369,1,35,0.3133065186090182,0.2980866307857644,4787380.771109438,10492801.691623522,14871,360,41.07132930949902,307.08111355370386,723.0929427071547,,,,,0.02595574868040633,0.028263303425120005,0.030662327489332467,0.0
EleutherAI/pythia-410m,pretrained,metaphor,lit+met,23,1024,88509,180,10,0.9258832665208576,0.0048684458597861024,0.06924828761935621,True,,0.3036860276015601,1,39,0.314126254064055,0.29892953056144916,4678794.84148011,10215836.79451818,14871,360,41.07132930949902,300.18138015371204,704.0063947707381,,,,,0.02606643482282581,0.028416795550162077,0.03033635408063362,0.0
EleutherAI/pythia-410m,pretrained,metaphor,lit+met,24,1024,88509,180,10,0.9213791100853029,0.006235730350233543,0.07238515956446345,True,,0.2672566840645917,1,49,0.31648751465309566,0.3013574491962132,4448755.579809462,9607898.707756277,14871,360,41.07132930949902,285.599848084345,662.1114125667616,,,,,0.03199738071049839,0.03412396609302963,0.03683367988435624,0.0
znhoughton/opt-babylm-350m-20eps-seed964,pretrained_noposemb,metaphor,lit+met,0,1024,88509,180,10,0.999999998973999,1.0260009553247372e-09,0.0,False,,,1,1,0.9998371103891118,0.9998344878565416,11925053.68969992,1942.7838146351278,14871,360,41.07132930949902,808.7706539671545,0.13388352385329252,,,,,,,,
znhoughton/opt-babylm-350m-20eps-seed964,pretrained_noposemb,metaphor,lit+met,1,1024,88509,180,10,0.9997474219762992,2.6941204161264776e-05,0.00022563681953957678,False,,,1,19,0.9832238094389878,0.9829512642512657,14244335.498555299,243043.02280383557,14871,360,41.07132930949902,965.6630682343837,16.748881731364865,,,,,,,,
znhoughton/opt-babylm-350m-20eps-seed964,pretrained_noposemb,metaphor,lit+met,2,1024,88509,180,10,0.9988205070501978,0.00013534153572135644,0.0010441514140809242,False,,,1,19,0.9373493884236123,0.9363063170489664,13620845.829590682,910390.8659359943,14871,360,41.07132930949902,922.2573846141835,62.73798262945313,,,,,,,,
znhoughton/opt-babylm-350m-20eps-seed964,pretrained_noposemb,metaphor,lit+met,3,1024,88509,180,10,0.997564803297098,0.00031699009196573685,0.002118206610936231,False,,,1,15,0.895414335451054,0.8936345219320231,13077090.828621157,1527422.7589726057,14871,360,41.07132930949902,884.3438430334617,105.25964847168395,,,,,,,,
znhoughton/opt-babylm-350m-20eps-seed964,pretrained_noposemb,metaphor,lit+met,4,1024,88509,180,10,0.9967267924682902,0.0004257345009474644,0.0028474730307621672,False,,,1,17,0.8664327414237809,0.8641256674950942,12665990.479293434,1952559.6674609706,14871,360,41.07132930949902,855.7491054866582,134.5572095280112,,,,,,,,
znhoughton/opt-babylm-350m-20eps-seed964,pretrained_noposemb,metaphor,lit+met,5,1024,88509,180,10,0.9962807585144214,0.0004705157183088323,0.003248725767269846,False,,,1,20,0.851535766892922,0.8489519146438753,12481943.546787033,2176211.790987052,14871,360,41.07132930949902,842.891519645022,149.96980159789484,,,,,,,,
znhoughton/opt-babylm-350m-20eps-seed964,pretrained_noposemb,metaphor,lit+met,6,1024,88509,180,10,0.9958467809381707,0.0004965241235002892,0.003656694938329032,False,,,1,23,0.8411324794972053,0.8383530195195114,12344833.268975787,2331610.180639932,14871,360,41.07132930949902,833.3317661072934,160.67880784507835,,,,,,,,
znhoughton/opt-babylm-350m-20eps-seed964,pretrained_noposemb,metaphor,lit+met,7,1024,88509,180,10,0.9958075319233074,0.00047462946995742417,0.0037178386067351185,False,,,1,28,0.8389106897312166,0.8360892072787537,12308930.328727758,2363585.4460700173,14871,360,41.07132930949902,830.8431271733099,162.8823269292273,,,,,,,,
znhoughton/opt-babylm-350m-20eps-seed964,pretrained_noposemb,metaphor,lit+met,8,1024,88509,180,10,0.995778095012694,0.0004573580962993917,0.003764546891006525,False,,,1,32,0.838542815898763,0.8357143671566283,12330749.010893246,2374223.445017619,14871,360,41.07132930949902,832.3050514765922,163.61542588502647,,,,,,,,
znhoughton/opt-babylm-350m-20eps-seed964,pretrained_noposemb,metaphor,lit+met,9,1024,88509,180,10,0.9957880360686301,0.00044198346582841416,0.0037699804655415814,False,,,1,36,0.8397460444226923,0.8369403719084815,12356361.158160659,2358041.178387882,14871,360,41.07132930949902,834.0692554167526,162.50025348962043,,,,,,,,
znhoughton/opt-babylm-350m-20eps-seed964,pretrained_noposemb,metaphor,lit+met,10,1024,88509,180,10,0.9959202555792949,0.0003961420070128136,0.0036836024136921944,False,,,1,41,0.8442554731201556,0.8415349336386421,12420074.124287635,2291200.5072953496,14871,360,41.07132930949902,838.5025097915794,157.89404639896284,,,,,,,,
znhoughton/opt-babylm-350m-20eps-seed964,pretrained_noposemb,metaphor,lit+met,11,1024,88509,180,10,0.9960539053245837,0.00033933703210858987,0.0036067576433077586,False,,,1,45,0.8480564388250375,0.8454073789039535,12450122.250652187,2230648.6045299787,14871,360,41.07132930949902,840.6420155128177,153.72121869822746,,,,,,,,
znhoughton/opt-babylm-350m-20eps-seed964,pretrained_noposemb,metaphor,lit+met,12,1024,88509,180,10,0.9961154337692137,0.000312034807838866,0.0035725314229474578,False,,,1,47,0.8488549170778852,0.8462208406701331,12528920.324668659,2230869.6849109046,14871,360,41.07132930949902,845.985840772693,153.73645406318687,,,,,,,,
znhoughton/opt-babylm-350m-20eps-seed964,pretrained_noposemb,metaphor,lit+met,13,1024,88509,180,10,0.9961174082388898,0.0002839960613823747,0.003598595699727845,False,,,1,48,0.8466307023046695,0.8439548603609034,12599879.520481167,2282500.112317644,14871,360,41.07132930949902,850.7117629761775,157.29447400714244,,,,,,,,
znhoughton/opt-babylm-350m-20eps-seed964,pretrained_noposemb,metaphor,lit+met,14,1024,88509,180,10,0.9961845542651575,0.00026041733261089514,0.003555028402231594,False,,,1,49,0.8508552257003785,0.8482586359078268,12710421.46422911,2227985.306166606,14871,360,41.07132930949902,858.300343012735,153.53768218362663,,,,,,,,
znhoughton/opt-babylm-350m-20eps-seed964,pretrained_noposemb,metaphor,lit+met,15,1024,88509,180,10,0.9962418347200391,0.00024529760197833156,0.0035128676779825137,False,,,1,49,0.8516920577107489,0.8491111295706016,12766228.628003197,2223025.4250607286,14871,360,41.07132930949902,862.0935854951335,153.1958807153696,,,,,,,,
znhoughton/opt-babylm-350m-20eps-seed964,pretrained_noposemb,metaphor,lit+met,16,1024,88509,180,10,0.9962198462855525,0.00024075097792497757,0.0035394027365225097,False,,,1,46,0.8533369853475437,0.8507868067170569,12862878.231908169,2210742.685471181,14871,360,41.07132930949902,868.669106674541,152.3494373558804,,,,,,,,
znhoughton/opt-babylm-350m-20eps-seed964,pretrained_noposemb,metaphor,lit+met,17,1024,88509,180,10,0.99624540820791,0.00024196550151648475,0.003512626290573497,False,,,1,44,0.8545061362532108,0.8519777841859315,12927939.42966166,2201196.4316059295,14871,360,41.07132930949902,873.0976661934662,151.69157408903104,,,,,,,,
znhoughton/opt-babylm-350m-20eps-seed964,pretrained_noposemb,metaphor,lit+met,18,1024,88509,180,10,0.996049426878668,0.00027808968088632847,0.003672483440445625,False,,,1,41,0.8376757303009285,0.8348308524403364,12731900.52595921,2467179.57796761,14871,360,41.07132930949902,859.3557411312703,170.02133402023364,,,,,,,,
znhoughton/opt-babylm-350m-20eps-seed964,pretrained_noposemb,metaphor,lit+met,19,1024,88509,180,10,0.9956590356618515,0.0003105360625698443,0.004030428275578681,False,,,1,37,0.8133883002386613,0.8100778479292788,12235498.955929946,2807130.6864436325,14871,360,41.07132930949902,825.1186873586942,193.44846574623614,,,,,,,,
znhoughton/opt-babylm-350m-20eps-seed964,pretrained_noposemb,metaphor,lit+met,20,1024,88509,180,10,0.9951727616021795,0.0003029891357255806,0.004524249262094861,False,,,1,27,0.7832077841918592,0.7793042862307666,11773129.762802085,3258806.845118642,14871,360,41.07132930949902,793.0022947312431,224.57493247320252,,,,,,,,
znhoughton/opt-babylm-350m-20eps-seed964,pretrained_noposemb,metaphor,lit+met,21,1024,88509,180,10,0.9945754531050753,0.0003403656559584898,0.005084181238966134,False,,,1,29,0.7341269103162712,0.7292246198744115,11077515.520502552,4011858.489408374,14871,360,41.07132930949902,744.5612194171148,276.4701598379418,,,,,,,,
znhoughton/opt-babylm-350m-20eps-seed964,pretrained_noposemb,metaphor,lit+met,22,1024,88509,180,10,0.9938958762320144,0.0003817068669103404,0.0057224169010753265,False,,,1,30,0.6844025293930921,0.6784449141524141,10388536.983605929,4790449.851551117,14871,360,41.07132930949902,696.5273340985722,330.12541186349097,,,,,,,,
znhoughton/opt-babylm-350m-20eps-seed964,pretrained_noposemb,metaphor,lit+met,23,1024,88509,180,10,0.9902375349100463,0.0006386444946097289,0.009123820595343961,False,,,1,42,0.5605371812776303,0.5517602432367447,8548394.484269578,6701966.722430849,14871,360,41.07132930949902,568.5189635539869,461.85422937294805,,,,,,,,
znhoughton/opt-babylm-350m-20eps-seed964,pretrained_noposemb,metaphor,lit+met,24,1024,88509,180,10,0.9860190130028718,0.0009732019521078436,0.013007785045020424,False,,,1,48,0.4554308399211092,0.4440478543868884,6909664.783716268,8262045.557448103,14871,360,41.07132930949902,454.7603672351349,569.3643137928539,,,,,,,,
EleutherAI/pythia-1.4b,pretrained,metaphor,lit+met,0,2048,88509,180,10,0.9992324261944453,1.3166073329942564e-05,0.0007544077322248786,False,,,1,19,0.9550194179401739,0.9542775204425381,27010022.355994336,1272148.5073486231,14871,360,41.07132930949902,1829.7231783208392,87.66787315475317,,,,,,,,
EleutherAI/pythia-1.4b,pretrained,metaphor,lit+met,1,2048,88509,180,10,0.994833930104908,0.0003441470622119672,0.004821922832880097,False,,,1,38,0.8234587254474139,0.820342579544205,21097418.540276814,4523074.49513774,14871,360,41.07132930949902,1423.2673701091092,311.6997102293253,,,,,,,,
EleutherAI/pythia-1.4b,pretrained,metaphor,lit+met,2,2048,88509,180,10,0.9875530372763189,0.000555804550575012,0.01189115817310597,False,,,1,60,0.6648247921481002,0.6584396612034641,17565971.465275913,8855984.624115556,14871,360,41.07132930949902,1176.4895090384866,610.2945781900321,,,,,,,,
EleutherAI/pythia-1.4b,pretrained,metaphor,lit+met,3,2048,88509,180,10,0.9770300751975172,0.0009648666869388589,0.022005058115543857,True,,0.10200956397503999,1,61,0.5603655499412392,0.5515845165023446,15625491.358688563,12258969.704856608,14871,360,41.07132930949902,1039.1735788727876,844.8052997627047,,,,,0.04755425999245254,0.04933629787818325,0.051122938259054736,0.0
EleutherAI/pythia-1.4b,pretrained,metaphor,lit+met,4,2048,88509,180,10,0.9654289834475126,0.00183497613164679,0.032736040420840676,True,,0.23296966256792312,1,23,0.3884686637758158,0.3753228164366614,11925571.105255162,18773355.776881658,14871,360,41.07132930949902,777.3093497354575,1293.7327390863247,,,,,0.04292233449985676,0.04557853284083821,0.048488410637644065,0.0
EleutherAI/pythia-1.4b,pretrained,metaphor,lit+met,5,2048,88509,180,10,0.9590125670326706,0.002117410019597792,0.03887002294773163,True,,0.21157457915490782,1,31,0.3690242983651879,0.35535157195055783,11160103.04999765,19082087.232425347,14871,360,41.07132930949902,724.8762116876435,1315.0084234322478,,,,,0.0419123497149192,0.04404791505671268,0.04629797608945167,0.0
EleutherAI/pythia-1.4b,pretrained,metaphor,lit+met,6,2048,88509,180,10,0.9518201150821151,0.0025816544812795185,0.04559823043660541,True,,0.20112692335351717,1,38,0.34566067245573356,0.331345940571701,10514568.322432972,19904189.610694356,14871,360,41.07132930949902,679.7157398531987,1371.6621604778688,,,,,0.041120450601098806,0.04294802041062784,0.045206357751314846,0.0
EleutherAI/pythia-1.4b,pretrained,metaphor,lit+met,7,2048,88509,180,10,0.9463081527847714,0.002791196307052206,0.05090065090817635,True,,0.1971440391828983,1,44,0.33371095707167286,0.319064092445546,10161073.217135843,20287651.94999583,14871,360,41.07132930949902,655.0977963873132,1398.0877920195596,,,,,0.03943787782420691,0.04103611965860595,0.04262777063789073,0.0
EleutherAI/pythia-1.4b,pretrained,metaphor,lit+met,8,2048,88509,180,10,0.9419609933305301,0.002883756961793768,0.05515524970767629,True,,0.19244497189028126,1,48,0.32447811415444766,0.3095728828940738,9824401.674090225,20453146.31922044,14871,360,41.07132930949902,631.9865772004724,1409.4925449121658,,,,,0.03840210607503215,0.04006741422852411,0.041595540877110836,0.0
EleutherAI/pythia-1.4b,pretrained,metaphor,lit+met,9,2048,88509,180,10,0.9429188070249984,0.002837288530351018,0.054243904444650486,True,,0.18888440383890354,1,51,0.32955895255297535,0.31479608907516476,9892786.659197608,20125474.36075566,14871,360,41.07132930949902,637.1743410984417,1386.9116091761878,,,,,0.03699300141818443,0.03859069299167274,0.04016294893074326,0.0
EleutherAI/pythia-1.4b,pretrained,metaphor,lit+met,10,2048,88509,180,10,0.9441711068042659,0.0029511073456298413,0.05287778585010423,True,,0.1874821179587521,1,53,0.3345494774563299,0.31992600205710486,10115739.389548145,20121161.49118509,14871,360,41.07132930949902,652.302545380017,1386.614395368003,,,,,0.03662286320941043,0.038005229371023394,0.03953994659280182,0.0
EleutherAI/pythia-1.4b,pretrained,metaphor,lit+met,11,2048,88509,180,10,0.9435430461495835,0.003100339429591681,0.053356614420824774,True,,0.190127176801262,1,55,0.3360555031878748,0.32147400449920216,10080055.578931011,19915154.98393743,14871,360,41.07132930949902,650.2280757418816,1372.4178198564834,,,,,0.036648966010088296,0.038025393807159684,0.03957415010231797,0.0
EleutherAI/pythia-1.4b,pretrained,metaphor,lit+met,12,2048,88509,180,10,0.9456993319836525,0.0029364716800957267,0.051364196336251736,True,,0.192288024272194,1,56,0.35081140820635703,0.3366390502000279,10464782.136208154,19365439.71921246,14871,360,41.07132930949902,677.2431345940593,1334.5351608581395,,,,,0.035508006129696484,0.03709439039585345,0.038629875707891496,0.0
EleutherAI/pythia-1.4b,pretrained,metaphor,lit+met,13,2048,88509,180,10,0.9463420429390037,0.0030836584628009347,0.05057429859819523,True,,0.19598165577597748,1,58,0.3590205540117848,0.34507412948398913,10903451.973153783,19466541.753712006,14871,360,41.07132930949902,706.8247016681562,1341.502429447454,,,,,0.035210827416313206,0.03660056072021896,0.03792619439603706,0.0
EleutherAI/pythia-1.4b,pretrained,metaphor,lit+met,14,2048,88509,180,10,0.9458785249140232,0.003319508948056487,0.05080196613792029,True,,0.1986008183555557,1,58,0.36249104813228883,0.34863977722383827,11251166.552148318,19787300.770339258,14871,360,41.07132930949902,729.8689946159795,1363.6069719756913,,,,,0.03373196665825055,0.035281330030536254,0.036626764935905304,0.0
EleutherAI/pythia-1.4b,pretrained,metaphor,lit+met,15,2048,88509,180,10,0.9453552918963786,0.0033880990611280582,0.051256609042493156,True,,0.20590492555171822,1,59,0.3653684523383848,0.35159591071867125,11423553.404578771,19842291.611506213,14871,360,41.07132930949902,741.4682447386454,1367.3965689136664,,,,,0.03189972120749321,0.03325010708648286,0.03472852579089752,0.0
EleutherAI/pythia-1.4b,pretrained,metaphor,lit+met,16,2048,88509,180,10,0.9434053826158163,0.003441313814468908,0.053153303569715,True,,0.2046744447349106,1,61,0.36637902455960997,0.35263409835542875,11549283.517196614,19973491.37713291,14871,360,41.07132930949902,749.7752988310166,1376.4379696184212,,,,,0.029903481727753485,0.03121952893273959,0.032508161226581386,0.0
EleutherAI/pythia-1.4b,pretrained,metaphor,lit+met,17,2048,88509,180,10,0.9389701542710444,0.0037582365682787416,0.05727160916067693,True,,0.21139198079973698,1,61,0.35858604476130956,0.3446276917594748,11319832.231120316,20248134.220712155,14871,360,41.07132930949902,733.752768968748,1395.364497327004,,,,,0.028436672808023065,0.02976791283160985,0.031208287443543425,0.0
EleutherAI/pythia-1.4b,pretrained,metaphor,lit+met,18,2048,88509,180,10,0.9364734805740663,0.003909434310084731,0.05961708511584892,True,,0.21216400414548267,1,62,0.3537501440701712,0.3396588047359099,11222082.85376789,20501106.639949564,14871,360,41.07132930949902,726.698808416889,1412.7976459203062,,,,,0.0263787580190848,0.027900162000147395,0.029222706588448954,0.0
EleutherAI/pythia-1.4b,pretrained,metaphor,lit+met,19,2048,88509,180,10,0.931940081517,0.004430717939435559,0.06362920054356438,True,,0.22697173722836128,1,59,0.3404915007829446,0.32603340899909644,10771783.992511412,20864200.952023737,14871,360,41.07132930949902,695.5496734096579,1437.8196507493444,,,,,0.024810192797995376,0.026013400843235047,0.02728789958492546,0.0
EleutherAI/pythia-1.4b,pretrained,metaphor,lit+met,20,2048,88509,180,10,0.9267651456732707,0.005073518358637984,0.0681613359680913,True,,0.2413678467429067,1,54,0.3250129795998165,0.31012275727892413,10211343.137118878,21206919.449476734,14871,360,41.07132930949902,656.9647418541925,1461.4374922112008,,,,,0.022830846398666445,0.023896221811451332,0.02488115258094079,0.0
EleutherAI/pythia-1.4b,pretrained,metaphor,lit+met,21,2048,88509,180,10,0.9234825698333442,0.005304550203402372,0.07121287996325337,True,,0.24262098247926756,1,54,0.31505520094324396,0.29988471336948336,9811435.534656856,21330521.510592334,14871,360,41.07132930949902,629.6350549282752,1469.955310494958,,,,,0.021846746586597725,0.023003444896138807,0.024237608755182712,0.0
EleutherAI/pythia-1.4b,pretrained,metaphor,lit+met,22,2048,88509,180,10,0.9206845429365166,0.005422900998651147,0.07389255606483233,True,,0.24553364228630192,1,54,0.3063184020337089,0.290900554268202,9505753.305420076,21526509.99417109,14871,360,41.07132930949902,608.5744087720592,1483.4615115547579,,,,,0.020406052363235026,0.021523721558154046,0.02264216759410539,0.0
EleutherAI/pythia-1.4b,pretrained,metaphor,lit+met,23,2048,88509,180,10,0.9181990140599432,0.005608325928211848,0.076192660011845,True,,0.24572048594694001,1,55,0.2974079837222792,0.2817364543877654,9145391.96314275,21604932.38485039,14871,360,41.07132930949902,584.00261142271,1488.8658524464468,,,,,0.019318248111679693,0.02052839128439045,0.021535203958402915,0.0
EleutherAI/pythia-1.4b,pretrained,metaphor,lit+met,24,2048,88509,180,10,0.9163207664793905,0.006073754345443736,0.07760547917516582,True,,0.2490137942382542,1,52,0.29768485137948014,0.2820212259013928,8397131.705873799,19810993.991356846,14871,360,41.07132930949902,536.2645825033443,1365.239748560185,,,,,0.017887061128825297,0.01895034176808582,0.02035408639298296,0.0
znhoughton/opt-babylm-1.3B-20eps-seed964,pretrained,metaphor,lit+met,0,2048,88509,180,10,0.998085055128499,0.00019420534268564828,0.0017207395288152854,False,,,1,11,0.6180616013717878,0.6106278267324918,17770116.603563946,10981251.486806285,14871,360,41.07132930949902,1186.7689520405418,756.753599807476,,,,,,,,
znhoughton/opt-babylm-1.3B-20eps-seed964,pretrained,metaphor,lit+met,1,2048,88509,180,10,0.9965347039862495,0.0002251861658024545,0.003240109847948019,False,,,1,59,0.7516680133638137,0.7471275716558464,22454038.777973257,7418243.105472155,14871,360,41.07132930949902,1510.4174836308118,511.2151543981914,,,,,,,,
znhoughton/opt-babylm-1.3B-20eps-seed964,pretrained,metaphor,lit+met,2,2048,88509,180,10,0.9960793727255874,0.00029535191145720546,0.0036252753629553857,False,,,1,39,0.7551626260390228,0.7506936236556568,22879425.6064104,7417923.35856355,14871,360,41.07132930949902,1539.268353139944,511.19311960330435,,,,,,,,
znhoughton/opt-babylm-1.3B-20eps-seed964,pretrained,metaphor,lit+met,3,2048,88509,180,10,0.9935570802678639,0.0005298219822634365,0.005913097749872573,False,,,1,44,0.6996022171398586,0.6939718351882176,21499754.63488796,9231644.020170778,14871,360,41.07132930949902,1442.6539006995154,636.1824836448748,,,,,,,,
znhoughton/opt-babylm-1.3B-20eps-seed964,pretrained,metaphor,lit+met,4,2048,88509,180,10,0.9889412908851861,0.0007920675840333165,0.010266641530780484,False,,,1,51,0.6031371636302777,0.5953605531722779,18120481.317439955,11923234.12594762,14871,360,41.07132930949902,1208.9506349687563,821.6686738300339,,,,,,,,
znhoughton/opt-babylm-1.3B-20eps-seed964,pretrained,metaphor,lit+met,5,2048,88509,180,10,0.9869089297551474,0.0009694174869492719,0.01212165275790336,False,,,1,54,0.5699931810814678,0.5614410698467825,17107650.895187203,12906130.783267729,14871,360,41.07132930949902,1138.609857152201,889.4032653344173,,,,,,,,
znhoughton/opt-babylm-1.3B-20eps-seed964,pretrained,metaphor,lit+met,6,2048,88509,180,10,0.9850329483313967,0.0011384872151788306,0.013828564453424425,False,,,1,53,0.5483180305293395,0.5392482164858998,16526543.727857653,13613890.851510692,14871,360,41.07132930949902,1098.0108070707727,938.1773035290946,,,,,,,,
znhoughton/opt-babylm-1.3B-20eps-seed964,pretrained,metaphor,lit+met,7,2048,88509,180,10,0.9840259968165943,0.0012081304615540643,0.014765872721851632,False,,,1,55,0.5328343193785415,0.5233895715539687,16157858.770246748,14166499.445065055,14871,360,41.07132930949902,1072.078857378244,976.2593511863452,,,,,,,,
znhoughton/opt-babylm-1.3B-20eps-seed964,pretrained,metaphor,lit+met,8,2048,88509,180,10,0.9832218079769384,0.0012293604743132355,0.01554883154874837,False,,,1,57,0.5252846603905157,0.515655554279273,15994752.944767682,14454933.008133745,14871,360,41.07132930949902,1060.5328306358322,996.1362420325095,,,,,,,,
znhoughton/opt-babylm-1.3B-20eps-seed964,pretrained,metaphor,lit+met,9,2048,88509,180,10,0.9825304208486223,0.0012648588773897236,0.016204720273987956,False,,,1,60,0.5161474725842109,0.5062938862798957,15774696.544997042,14787686.074097069,14871,360,41.07132930949902,1045.049972522955,1019.0673333400226,,,,,,,,
znhoughton/opt-babylm-1.3B-20eps-seed964,pretrained,metaphor,lit+met,10,2048,88509,180,10,0.9816309868328652,0.0013053372817080984,0.017063675885426656,False,,,1,61,0.5068783396033132,0.49679551454081605,15561929.511851769,15139578.71205587,14871,360,41.07132930949902,1030.02937538008,1043.3173945321391,,,,,,,,
znhoughton/opt-babylm-1.3B-20eps-seed964,pretrained,metaphor,lit+met,11,2048,88509,180,10,0.9807059214363794,0.0013364929756142089,0.017957585588006496,False,,,1,63,0.4966331185408874,0.4862951365917679,15295684.530827545,15503076.082976073,14871,360,41.07132930949902,1011.3623571117648,1068.3671754514558,,,,,,,,
znhoughton/opt-babylm-1.3B-20eps-seed964,pretrained,metaphor,lit+met,12,2048,88509,180,10,0.9798047156848178,0.0013554011866011054,0.01883988312858117,False,,,1,65,0.4871285698967174,0.47655220761787853,15042911.813724007,15837871.50168173,14871,360,41.07132930949902,993.6572054955778,1091.4390119000573,,,,,,,,
znhoughton/opt-babylm-1.3B-20eps-seed964,pretrained,metaphor,lit+met,13,2048,88509,180,10,0.9790920637384767,0.001369743550099947,0.01953819271142331,False,,,1,67,0.47789152172176286,0.46708194778905543,14811943.99462656,16182420.461268399,14871,360,41.07132930949902,977.4145273463514,1115.182996435008,,,,,,,,
znhoughton/opt-babylm-1.3B-20eps-seed964,pretrained,metaphor,lit+met,14,2048,88509,180,10,0.9781238032291683,0.0014105316682762206,0.020465665102555465,True,,0.11692698973734118,1,69,0.466898544005093,0.4558094463819137,14496834.718450995,16552383.370978003,14871,360,41.07132930949902,955.4226153803614,1140.6783385692236,,,,,0.02274238625622112,0.023850554732885235,0.024991537469088203,0.0
znhoughton/opt-babylm-1.3B-20eps-seed964,pretrained,metaphor,lit+met,15,2048,88509,180,10,0.9771428949843404,0.001453241459527173,0.02140386355613246,True,,0.11890218374979034,1,71,0.45648480213673404,0.44512892469011417,14199565.283378966,16906761.18557032,14871,360,41.07132930949902,934.6667766297369,1165.0996613307366,,,,,0.023218495229477543,0.024312823954216474,0.025528710627457367,0.0
znhoughton/opt-babylm-1.3B-20eps-seed964,pretrained,metaphor,lit+met,16,2048,88509,180,10,0.9762664584092201,0.001463284405897642,0.022270257184882285,True,,0.12171308129624034,1,73,0.4457505560844405,0.43411766656111134,13912262.842532262,17298607.570598084,14871,360,41.07132930949902,914.5240452465875,1192.1030646129202,,,,,0.023873809827094333,0.024872290974047605,0.02602391317448351,0.0
znhoughton/opt-babylm-1.3B-20eps-seed964,pretrained,metaphor,lit+met,17,2048,88509,180,10,0.975314506323864,0.0015066406015359754,0.023178853074600155,True,,0.12293869540413435,1,75,0.4343189122545576,0.4223887561785391,13585604.780357156,17694646.65938335,14871,360,41.07132930949902,891.7051253691204,1219.3954006879849,,,,,0.024368397341481315,0.025419156496224178,0.026465504919232878,0.0
znhoughton/opt-babylm-1.3B-20eps-seed964,pretrained,metaphor,lit+met,18,2048,88509,180,10,0.9742501836047758,0.001555396548176845,0.024194419847047333,True,,0.12482867635883177,1,76,0.4220224429324837,0.40976993171236786,13215826.67744206,18099632.722323477,14871,360,41.07132930949902,865.9467316278708,1247.3043017244488,,,,,0.02474911515308855,0.02589878719340915,0.027359958885153985,0.0
znhoughton/opt-babylm-1.3B-20eps-seed964,pretrained,metaphor,lit+met,19,2048,88509,180,10,0.9731509136023095,0.0015910864729503458,0.025257999924740027,True,,0.12583195503208652,1,77,0.41021705973186096,0.3976525312367989,12869595.370728787,18503052.512664992,14871,360,41.07132930949902,841.7879427590766,1275.1052658441865,,,,,0.024736368174734485,0.02588801096803072,0.027190862606147777,0.0
znhoughton/opt-babylm-1.3B-20eps-seed964,pretrained,metaphor,lit+met,20,2048,88509,180,10,0.9719152366643421,0.0016180791769676115,0.026466684158690402,True,,0.12641095642760866,1,79,0.39665729890546564,0.38373131813755246,12441933.499950752,18925026.176028907,14871,360,41.07132930949902,812.0752871162445,1304.1848374356632,,,,,0.025371016586079924,0.0263414595492184,0.02741041736157237,0.0
znhoughton/opt-babylm-1.3B-20eps-seed964,pretrained,metaphor,lit+met,21,2048,88509,180,10,0.9705741308528343,0.0016614582193800963,0.02776441092778549,True,,0.12866301844203917,1,81,0.38343448249569423,0.3701528725125246,12036000.398280242,19353978.71872679,14871,360,41.07132930949902,783.8245973526853,1333.745346201281,,,,,0.0259655723530478,0.026936439544671606,0.02796064230570988,0.0
znhoughton/opt-babylm-1.3B-20eps-seed964,pretrained,metaphor,lit+met,22,2048,88509,180,10,0.9691763701246545,0.0016877249913744773,0.029135904883971046,True,,0.1313644681145214,1,82,0.37049780226321544,0.35686523931929337,11639606.597226296,19776521.99010898,14871,360,41.07132930949902,756.2316304363762,1362.8641713258205,,,,,0.026269523862056682,0.027334270871200092,0.028389343121756908,0.0
znhoughton/opt-babylm-1.3B-20eps-seed964,pretrained,metaphor,lit+met,23,2048,88509,180,10,0.9676503572433299,0.001729604045747393,0.030620038710922694,True,,0.13411715503203192,1,82,0.3583463982759939,0.3443814648766007,11258131.77490626,20158764.917984143,14871,360,41.07132930949902,729.7181092488855,1389.2057692773856,,,,,0.026259924132546852,0.02732208972733139,0.028268424866761194,0.0
znhoughton/opt-babylm-1.3B-20eps-seed964,pretrained,metaphor,lit+met,24,2048,88509,180,10,0.9674711925933568,0.0017318864755112885,0.030796920931131868,True,,0.12815233698383155,1,89,0.3399842787874942,0.3255120941795718,10190385.780348064,19782723.025419757,14871,360,41.07132930949902,657.9330316507858,1363.2915047494837,,,,,0.027455419797062855,0.028240015544359502,0.02943704996230289,0.0
znhoughton/opt-babylm-1.3B-20eps-seed964,pretrained_noposemb,metaphor,lit+met,0,2048,88509,180,10,0.9999999990524697,9.475303076956095e-10,0.0,False,,,1,1,0.9998467708577842,0.9998443038723401,26582163.286932003,4073.7863014787436,14871,360,41.07132930949902,1802.8328663919092,0.2807378059043997,,,,,,,,
znhoughton/opt-babylm-1.3B-20eps-seed964,pretrained_noposemb,metaphor,lit+met,1,2048,88509,180,10,0.9958180400479583,0.00021304736205773013,0.003968912589984012,False,,,1,68,0.7369979987184014,0.7321553071786457,21815561.877315298,7785009.515349738,14871,360,41.07132930949902,1466.499687938115,536.490215377971,,,,,,,,
znhoughton/opt-babylm-1.3B-20eps-seed964,pretrained_noposemb,metaphor,lit+met,2,2048,88509,180,10,0.995504054745302,0.0002943367005347737,0.004201608554163228,False,,,1,60,0.7286745580275414,0.723658684804373,21545684.03802942,8022638.062239472,14871,360,41.07132930949902,1447.7974783547827,552.8659680407602,,,,,,,,
znhoughton/opt-babylm-1.3B-20eps-seed964,pretrained_noposemb,metaphor,lit+met,3,2048,88509,180,10,0.9956181881606724,0.00031024760542111335,0.0040715642339065414,False,,,1,59,0.7393985181860477,0.7346055454662325,21812003.946723774,7687654.776199754,14871,360,41.07132930949902,1466.4217347797185,529.7811850458104,,,,,,,,
znhoughton/opt-babylm-1.3B-20eps-seed964,pretrained_noposemb,metaphor,lit+met,4,2048,88509,180,10,0.9945030996919574,0.00047163255354127704,0.005025267754501371,False,,,1,57,0.6839751752620498,0.6780083004241128,20038031.393427406,9258399.410147127,14871,360,41.07132930949902,1343.4728819152422,638.0262842083334,,,,,,,,
znhoughton/opt-babylm-1.3B-20eps-seed964,pretrained_noposemb,metaphor,lit+met,5,2048,88509,180,10,0.9932612869154167,0.0006149523766956522,0.0061237607078877135,False,,,1,57,0.6265627375092062,0.6193224801274827,18289572.63493942,10900756.664958801,14871,360,41.07132930949902,1222.1342522850357,751.2064409729724,,,,,,,,
znhoughton/opt-babylm-1.3B-20eps-seed964,pretrained_noposemb,metaphor,lit+met,6,2048,88509,180,10,0.992103272445864,0.0007347602787888909,0.007161967275347023,False,,,1,60,0.5782065459674312,0.5698484279556062,16863332.0147752,12301560.93288276,14871,360,41.07132930949902,1123.0542097200962,847.7403992063097,,,,,,,,
znhoughton/opt-babylm-1.3B-20eps-seed964,pretrained_noposemb,metaphor,lit+met,7,2048,88509,180,10,0.9914248774081393,0.0007757889763943396,0.0077993336154662035,False,,,1,63,0.5546049472977554,0.5456861531594386,16231712.897707291,13035449.208931535,14871,360,41.07132930949902,1078.9855278624127,898.3150168101121,,,,,,,,
znhoughton/opt-babylm-1.3B-20eps-seed964,pretrained_noposemb,metaphor,lit+met,8,2048,88509,180,10,0.9907934325101185,0.0008206282164470418,0.008385939273434298,False,,,1,66,0.5330607935120936,0.523621560401528,15621886.591622006,13684126.496859975,14871,360,41.07132930949902,1036.5378398977675,943.0174692895029,,,,,,,,
znhoughton/opt-babylm-1.3B-20eps-seed964,pretrained_noposemb,metaphor,lit+met,9,2048,88509,180,10,0.9901156536353907,0.0008555240004658104,0.009028822364143383,False,,,1,69,0.5108097247579932,0.500824315013681,15003585.133960973,14368575.196520664,14871,360,41.07132930949902,993.4553346819307,990.1850455875311,,,,,,,,
znhoughton/opt-babylm-1.3B-20eps-seed964,pretrained_noposemb,metaphor,lit+met,10,2048,88509,180,10,0.9896365658792814,0.0008817547023765521,0.009481679418342034,False,,,1,72,0.49841440059292036,0.488120915520202,14698399.974711467,14791919.641306963,14871,360,41.07132930949902,972.0469218550539,1019.3590821657338,,,,,,,,
znhoughton/opt-babylm-1.3B-20eps-seed964,pretrained_noposemb,metaphor,lit+met,11,2048,88509,180,10,0.9890317237789313,0.000896900399988381,0.010071375821080173,False,,,1,75,0.4823048873950373,0.4716069290204024,14232832.733420411,15277199.417182384,14871,360,41.07132930949902,939.6572498762873,1052.8012829703248,,,,,,,,
znhoughton/opt-babylm-1.3B-20eps-seed964,pretrained_noposemb,metaphor,lit+met,12,2048,88509,180,10,0.9885422975126357,0.0009249291681357207,0.010532773319228647,False,,,1,78,0.4677306266619131,0.4566627620643915,13821057.846061569,15728125.077236202,14871,360,41.07132930949902,910.9734934819892,1083.8760304070154,,,,,,,,
znhoughton/opt-babylm-1.3B-20eps-seed964,pretrained_noposemb,metaphor,lit+met,13,2048,88509,180,10,0.9880315178449584,0.0009504660355374833,0.011018016119504048,False,,,1,80,0.4552749899211873,0.443887994219333,13482615.580229199,16131608.523236653,14871,360,41.07132930949902,887.3428615136793,1111.6813812443424,,,,,,,,
znhoughton/opt-babylm-1.3B-20eps-seed964,pretrained_noposemb,metaphor,lit+met,14,2048,88509,180,10,0.9873983026297064,0.0009967529376545753,0.011604944432638953,False,,,1,82,0.4402257800590448,0.428449515922793,13041052.708875505,16582502.520276202,14871,360,41.07132930949902,856.6388952753455,1142.7539466801875,,,,,,,,
znhoughton/opt-babylm-1.3B-20eps-seed964,pretrained_noposemb,metaphor,lit+met,15,2048,88509,180,10,0.9867510297519488,0.0010478612208536825,0.012201109027197437,False,,,1,84,0.42505700759060566,0.41288429875310856,12607931.35265753,17053810.78429573,14871,360,41.07132930949902,826.4731915394754,1175.2333253597774,,,,,,,,
znhoughton/opt-babylm-1.3B-20eps-seed964,pretrained_noposemb,metaphor,lit+met,16,2048,88509,180,10,0.9861330730294358,0.0010801308752201165,0.01278679609534418,False,,,1,86,0.4111366539179063,0.398596519618266,12220760.686509352,17503567.149630334,14871,360,41.07132930949902,799.4600899831465,1206.2274929109183,,,,,,,,
znhoughton/opt-babylm-1.3B-20eps-seed964,pretrained_noposemb,metaphor,lit+met,17,2048,88509,180,10,0.9854215305888426,0.0011049926139243636,0.013473476797233071,False,,,1,88,0.3959841781290006,0.3830401690509222,11783442.536882654,17973914.4175256,14871,360,41.07132930949902,769.0113662628529,1238.6406462356558,,,,,,,,
znhoughton/opt-babylm-1.3B-20eps-seed964,pretrained_noposemb,metaphor,lit+met,18,2048,88509,180,10,0.984643929918048,0.001136140367425259,0.014219929714526732,False,,,1,89,0.38102655190027646,0.367679844558772,11349151.046367006,18436571.207806356,14871,360,41.07132930949902,738.7808186081965,1270.5238238444185,,,,,,,,
znhoughton/opt-babylm-1.3B-20eps-seed964,pretrained_noposemb,metaphor,lit+met,19,2048,88509,180,10,0.9839569485688597,0.0012121048547699463,0.014830946576370234,False,,,1,91,0.3660976725967717,0.3523450598557329,10915143.043428242,18899695.6197239,14871,360,41.07132930949902,708.5687128613137,1302.4392267744402,,,,,,,,
znhoughton/opt-babylm-1.3B-20eps-seed964,pretrained_noposemb,metaphor,lit+met,20,2048,88509,180,10,0.9830621189213302,0.0012716577813041883,0.015666223297365577,False,,,1,93,0.3498727426592621,0.3356744738705895,10435631.706465792,19391303.73053954,14871,360,41.07132930949902,675.2227144418259,1336.3175336323852,,,,,,,,
znhoughton/opt-babylm-1.3B-20eps-seed964,pretrained_noposemb,metaphor,lit+met,21,2048,88509,180,10,0.9822357378791772,0.001326345266638186,0.016437916854184543,False,,,1,95,0.3331253859208648,0.3184621802448817,9938583.076651748,19895778.08792397,14871,360,41.07132930949902,640.6657239880785,1371.0824952052906,,,,,,,,
znhoughton/opt-babylm-1.3B-20eps-seed964,pretrained_noposemb,metaphor,lit+met,22,2048,88509,180,10,0.9811440390493646,0.0013604168383221178,0.01749554411231329,False,,,1,98,0.31703140238953137,0.3019166766824045,9460355.378135843,20380080.95350571,14871,360,41.07132930949902,607.4190411430402,1404.4573739580808,,,,,,,,
znhoughton/opt-babylm-1.3B-20eps-seed964,pretrained_noposemb,metaphor,lit+met,23,2048,88509,180,10,0.9801737384184589,0.001414881082097125,0.018411380499443894,False,,,1,99,0.30246506579636606,0.28693768693333194,9030621.96771846,20826121.798513062,14871,360,41.07132930949902,577.5255086464715,1435.19549297175,,,,,,,,
znhoughton/opt-babylm-1.3B-20eps-seed964,pretrained_noposemb,metaphor,lit+met,24,2048,88509,180,10,0.9794209215125437,0.0014985639131256656,0.019080514574330628,False,,,1,101,0.28810577811462074,0.272167897966435,8649451.828614857,21372340.46315146,14871,360,41.07132930949902,550.7575179927985,1472.8371899353222,,,,,,,,
