d,n_total_classes,seed,model,step,expected_loss
4,2,0,A,1,8.701870918273926
4,2,0,A,500,8.256896018981934
4,2,0,A,1000,8.09875202178955
4,2,0,A,2000,7.980081081390381
4,2,0,A,4000,7.930653095245361
4,2,0,A,6000,7.913865089416504
4,2,0,A,8000,7.905429363250732
4,2,0,A,10000,7.902916431427002
4,2,0,A,12000,7.895212650299072
4,2,0,A,16000,7.8878960609436035
4,2,0,A,20000,7.8841094970703125
4,2,1,A,1,8.701258659362793
4,2,1,A,500,8.11453914642334
4,2,1,A,1000,7.997034549713135
4,2,1,A,2000,7.92587947845459
4,2,1,A,4000,7.882091045379639
4,2,1,A,6000,7.859862804412842
4,2,1,A,8000,7.847841262817383
4,2,1,A,10000,7.848429203033447
4,2,1,A,12000,7.836741924285889
4,2,1,A,16000,7.834258079528809
4,2,1,A,20000,7.835413932800293
4,20,0,A,1,8.701066017150879
4,20,0,A,500,8.62767219543457
4,20,0,A,1000,8.521042823791504
4,20,0,A,2000,8.381147384643555
4,20,0,A,4000,8.284399032592773
4,20,0,A,6000,8.249489784240723
4,20,0,A,8000,8.23808765411377
4,20,0,A,10000,8.228036880493164
4,20,0,A,12000,8.225677490234375
4,20,0,A,16000,8.218377113342285
4,20,0,A,20000,8.217978477478027
4,20,1,A,1,8.701033592224121
4,20,1,A,500,8.630223274230957
4,20,1,A,1000,8.535381317138672
4,20,1,A,2000,8.410174369812012
4,20,1,A,4000,8.310951232910156
4,20,1,A,6000,8.273719787597656
4,20,1,A,8000,8.25744915008545
4,20,1,A,10000,8.250944137573242
4,20,1,A,12000,8.243014335632324
4,20,1,A,16000,8.23586368560791
4,20,1,A,20000,8.236903190612793
4,2,0,C,1,8.699161529541016
4,2,0,C,500,8.142328262329102
4,2,0,C,1000,8.027264595031738
4,2,0,C,2000,7.987974166870117
4,2,0,C,4000,7.981828689575195
4,2,0,C,6000,7.971041679382324
4,2,0,C,8000,7.96649169921875
4,2,0,C,10000,7.969273090362549
4,2,0,C,12000,7.964369773864746
4,2,0,C,16000,7.962980270385742
4,2,0,C,20000,7.967046737670898
4,2,1,B,1,8.702797889709473
4,2,1,B,500,8.124330520629883
4,2,1,B,1000,7.99868106842041
4,2,1,B,2000,7.942142009735107
4,2,1,B,4000,7.898829460144043
4,2,1,B,6000,7.8744659423828125
4,2,1,B,8000,7.8554463386535645
4,2,1,B,10000,7.847918510437012
4,2,1,B,12000,7.8388800621032715
4,2,1,B,16000,7.83642053604126
4,2,1,B,20000,7.830578804016113
4,2,1,C,1,8.699911117553711
4,2,1,C,500,8.09557819366455
4,2,1,C,1000,8.006513595581055
4,2,1,C,2000,7.957453727722168
4,2,1,C,4000,7.937502384185791
4,2,1,C,6000,7.935140132904053
4,2,1,C,8000,7.9328742027282715
4,2,1,C,10000,7.928183078765869
4,2,1,C,12000,7.925296306610107
4,2,1,C,16000,7.926072597503662
4,2,1,C,20000,7.925351142883301
4,2,0,B,1,8.701309204101562
4,2,0,B,500,8.16325855255127
4,2,0,B,1000,8.0205078125
4,2,0,B,2000,7.9611077308654785
4,2,0,B,4000,7.933930397033691
4,2,0,B,6000,7.9201579093933105
4,2,0,B,8000,7.911534786224365
4,2,0,B,10000,7.9032511711120605
4,2,0,B,12000,7.898575782775879
4,2,0,B,16000,7.888369560241699
4,2,0,B,20000,7.884013652801514
4,20,0,B,1,8.701464653015137
4,20,0,B,500,8.55766773223877
4,20,0,B,1000,8.421529769897461
4,20,0,B,2000,8.30126667022705
4,20,0,B,4000,8.239874839782715
4,20,0,B,6000,8.219924926757812
4,20,0,B,8000,8.209814071655273
4,20,0,B,10000,8.204355239868164
4,20,0,B,12000,8.203271865844727
4,20,0,B,16000,8.199480056762695
4,20,0,B,20000,8.200079917907715
4,20,0,C,1,8.70100212097168
4,20,0,C,500,8.508642196655273
4,20,0,C,1000,8.371585845947266
4,20,0,C,2000,8.298819541931152
4,20,0,C,4000,8.247939109802246
4,20,0,C,6000,8.228363037109375
4,20,0,C,8000,8.214797019958496
4,20,0,C,10000,8.198229789733887
4,20,0,C,12000,8.20166015625
4,20,0,C,16000,8.1895112991333
4,20,0,C,20000,8.186582565307617
128,2,1,B,1,8.693221092224121
128,2,1,B,500,7.884640216827393
128,2,1,B,1000,7.790147304534912
128,2,1,B,2000,7.745339393615723
128,2,1,B,4000,7.737392902374268
128,2,1,B,6000,7.773716449737549
128,2,1,B,8000,7.736500263214111
128,2,1,B,10000,7.741339683532715
128,2,1,B,12000,7.740933418273926
128,2,1,B,16000,7.74388313293457
128,2,1,B,20000,7.749695301055908
128,2,0,A,1,8.699894905090332
128,2,0,A,500,8.026856422424316
128,2,0,A,1000,7.950159072875977
128,2,0,A,2000,7.89394998550415
128,2,0,A,4000,7.87605094909668
128,2,0,A,6000,7.900796413421631
128,2,0,A,8000,7.887876510620117
128,2,0,A,10000,7.890380859375
128,2,0,A,12000,7.901432514190674
128,2,0,A,16000,7.907980918884277
128,2,0,A,20000,7.897065162658691
128,2,1,A,1,8.70003890991211
128,2,1,A,500,7.988336086273193
128,2,1,A,1000,7.863842964172363
128,2,1,A,2000,7.843942165374756
128,2,1,A,4000,7.8193278312683105
128,2,1,A,6000,7.821172714233398
128,2,1,A,8000,7.818018436431885
128,2,1,A,10000,7.814782619476318
128,2,1,A,12000,7.824526786804199
128,2,1,A,16000,7.8198466300964355
128,2,1,A,20000,7.823618412017822
128,2,0,B,1,8.69774341583252
128,2,0,B,500,7.9728593826293945
128,2,0,B,1000,7.878697395324707
128,2,0,B,2000,7.822511196136475
128,2,0,B,4000,7.808890342712402
128,2,0,B,6000,7.789283752441406
128,2,0,B,8000,7.82295036315918
128,2,0,B,10000,7.810324192047119
128,2,0,B,12000,7.828852653503418
128,2,0,B,16000,7.816075801849365
128,2,0,B,20000,7.818689823150635
128,2,1,C,1,8.690114974975586
128,2,1,C,500,8.076149940490723
128,2,1,C,1000,8.013412475585938
128,2,1,C,2000,7.984200954437256
128,2,1,C,4000,7.9651079177856445
128,2,1,C,6000,7.970516681671143
128,2,1,C,8000,7.965514183044434
128,2,1,C,10000,7.9603118896484375
128,2,1,C,12000,7.964331150054932
128,2,1,C,16000,7.971958637237549
128,2,1,C,20000,7.988685131072998
128,2,0,C,1,8.694061279296875
128,2,0,C,500,8.149001121520996
128,2,0,C,1000,8.046609878540039
128,2,0,C,2000,8.04770278930664
128,2,0,C,4000,8.005816459655762
128,2,0,C,6000,7.9975361824035645
128,2,0,C,8000,8.007753372192383
128,2,0,C,10000,7.999328136444092
128,2,0,C,12000,8.01575756072998
128,2,0,C,16000,8.0010347366333
128,2,0,C,20000,8.011330604553223
4,20,1,C,1,8.70142936706543
4,20,1,C,500,8.503061294555664
4,20,1,C,1000,8.386780738830566
4,20,1,C,2000,8.318084716796875
4,20,1,C,4000,8.271343231201172
4,20,1,C,6000,8.24445629119873
4,20,1,C,8000,8.2289400100708
4,20,1,C,10000,8.222654342651367
4,20,1,C,12000,8.21530532836914
4,20,1,C,16000,8.210328102111816
4,20,1,C,20000,8.206536293029785
4,20,1,B,1,8.700969696044922
4,20,1,B,500,8.562763214111328
4,20,1,B,1000,8.43127155303955
4,20,1,B,2000,8.324262619018555
4,20,1,B,4000,8.268102645874023
4,20,1,B,6000,8.242354393005371
4,20,1,B,8000,8.230560302734375
4,20,1,B,10000,8.225587844848633
4,20,1,B,12000,8.223151206970215
4,20,1,B,16000,8.214179992675781
4,20,1,B,20000,8.219518661499023
128,20,0,A,1,8.70105266571045
128,20,0,A,500,8.422526359558105
128,20,0,A,1000,8.32069206237793
128,20,0,A,2000,8.270465850830078
128,20,0,A,4000,8.259665489196777
128,20,0,A,6000,8.270036697387695
128,20,0,A,8000,8.264632225036621
128,20,0,A,10000,8.267568588256836
128,20,0,A,12000,8.24609375
128,20,0,A,16000,8.255026817321777
128,20,0,A,20000,8.239957809448242
128,20,0,C,1,8.700209617614746
128,20,0,C,500,8.310588836669922
128,20,0,C,1000,8.19092845916748
128,20,0,C,2000,8.140771865844727
128,20,0,C,4000,8.131489753723145
128,20,0,C,6000,8.113509178161621
128,20,0,C,8000,8.131834983825684
128,20,0,C,10000,8.124838829040527
128,20,0,C,12000,8.133072853088379
128,20,0,C,16000,8.135018348693848
128,20,0,C,20000,8.116607666015625
128,20,0,B,1,8.699895858764648
128,20,0,B,500,8.254175186157227
128,20,0,B,1000,8.172835350036621
128,20,0,B,2000,8.1283597946167
128,20,0,B,4000,8.107025146484375
128,20,0,B,6000,8.09792709350586
128,20,0,B,8000,8.103873252868652
128,20,0,B,10000,8.109930038452148
128,20,0,B,12000,8.107500076293945
128,20,0,B,16000,8.108121871948242
128,20,0,B,20000,8.112446784973145
128,20,1,B,1,8.700066566467285
128,20,1,B,500,8.282610893249512
128,20,1,B,1000,8.196829795837402
128,20,1,B,2000,8.147424697875977
128,20,1,B,4000,8.119508743286133
128,20,1,B,6000,8.118603706359863
128,20,1,B,8000,8.136878967285156
128,20,1,B,10000,8.140844345092773
128,20,1,B,12000,8.129866600036621
128,20,1,B,16000,8.113536834716797
128,20,1,B,20000,8.12541389465332
128,20,1,A,1,8.701051712036133
128,20,1,A,500,8.44713020324707
128,20,1,A,1000,8.3379545211792
128,20,1,A,2000,8.292672157287598
128,20,1,A,4000,8.268243789672852
128,20,1,A,6000,8.282452583312988
128,20,1,A,8000,8.279690742492676
128,20,1,A,10000,8.26663875579834
128,20,1,A,12000,8.265969276428223
128,20,1,A,16000,8.2550687789917
128,20,1,A,20000,8.254308700561523
128,20,1,C,1,8.700660705566406
128,20,1,C,500,8.303902626037598
128,20,1,C,1000,8.22752571105957
128,20,1,C,2000,8.164257049560547
128,20,1,C,4000,8.146841049194336
128,20,1,C,6000,8.141613006591797
128,20,1,C,8000,8.144576072692871
128,20,1,C,10000,8.145310401916504
128,20,1,C,12000,8.13282585144043
128,20,1,C,16000,8.137801170349121
128,20,1,C,20000,8.136099815368652
