structure,load,d,activation,lr,seed,n_classes,n_lexemes,n_over_d,m_eff,k_item,capacity,final_loss,cvwh_hidden
factored_int,2,32,relu,0.003,0,4,768,24.0,3.0,18.837271874716244,0.6824147460848826,5.955324649810791,0.09556277209281355
factored_add,2,32,relu,0.003,0,4,768,24.0,3.0,20.548842311446087,0.7359013222326902,5.9954752922058105,0.16076966734325576
single,4,32,relu,0.003,0,4,768,24.0,3.0,20.32021561364586,0.7287567379264331,6.016452789306641,0.12923172961099344
single,4,32,relu,0.003,1,4,768,24.0,3.0,19.230694869980013,0.6947092146868754,6.011047840118408,0.10202972892262749
factored_add,2,32,relu,0.003,1,4,768,24.0,3.0,18.120860650102884,0.6600268953157151,6.038055419921875,0.1990860845320499
factored_int,2,32,relu,0.003,1,4,768,24.0,3.0,18.865733527225753,0.6833041727258048,5.969242095947266,0.1361996365645734
single,6,32,relu,0.003,1,6,1152,36.0,5.0,23.271778062082017,0.883493064440063,6.1076555252075195,0.15901663818444706
single,6,32,relu,0.003,0,6,1152,36.0,5.0,22.32100706552315,0.8537814707975985,6.118618488311768,0.1548105675892611
single,8,32,relu,0.003,0,8,1536,48.0,7.0,19.96261091288701,0.842581591027719,6.206466197967529,0.21053883496686185
single,8,32,relu,0.003,1,8,1536,48.0,7.0,21.78215697603577,0.8994424055011178,6.193275451660156,0.17251757573591248
factored_add,3,32,relu,0.003,0,8,1536,48.0,7.0,20.073693989730494,0.8460529371790779,6.123781204223633,0.3894230105832105
factored_int,3,32,relu,0.003,0,8,1536,48.0,7.0,19.598629242016873,0.8312071638130273,5.994174957275391,0.2501483546408842
single,4,32,relu,0.003,2,4,768,24.0,3.0,18.846499519973598,0.6827031099991749,6.028766632080078,0.11042928477137744
single,6,32,relu,0.003,2,6,1152,36.0,5.0,22.80541392954591,0.8689191852983097,6.113358497619629,0.1325318211253715
factored_add,2,32,relu,0.003,2,4,768,24.0,3.0,19.836737124131364,0.7136480351291051,6.027917861938477,0.15850930916083822
factored_int,2,32,relu,0.003,2,4,768,24.0,3.0,20.050488212835408,0.7203277566511065,5.949449062347412,0.0880615318438045
factored_int,3,32,relu,0.003,1,8,1536,48.0,7.0,18.780323103935718,0.8056350969979912,5.991659641265869,0.27426364079004906
factored_add,3,32,relu,0.003,1,8,1536,48.0,7.0,19.648947855420182,0.8327796204818807,6.135717868804932,0.4577055588959832
single,12,32,relu,0.003,1,12,2304,72.0,11.0,20.9174439546559,0.9974201235829969,6.267123222351074,0.27924495037603164
single,12,32,relu,0.003,0,12,2304,72.0,11.0,23.491565449770928,1.0778614203053416,6.250638961791992,0.27056906949940696
single,8,32,relu,0.003,2,8,1536,48.0,7.0,21.94620427263806,0.9045688835199394,6.1944050788879395,0.20580035147948247
factored_add,4,32,relu,0.003,0,16,3072,96.0,15.0,20.273914126684485,1.1023098164588903,6.16346549987793,0.6647826271892017
single,16,32,relu,0.003,0,16,3072,96.0,15.0,21.065984614066494,1.127062019189578,6.290903568267822,0.3411412905337014
single,4,32,relu,0.003,3,4,768,24.0,3.0,22.520734701871017,0.7975229594334693,5.989327907562256,0.08516621153841887
factored_int,4,32,relu,0.003,0,16,3072,96.0,15.0,16.68559243623465,0.9901747636323328,5.98909330368042,0.4936013524745878
single,16,32,relu,0.003,1,16,3072,96.0,15.0,19.71543672791494,1.084857397747342,6.292564392089844,0.3270240839445601
factored_add,3,32,relu,0.003,2,8,1536,48.0,7.0,21.636099898301065,0.8948781218219083,6.118835926055908,0.3944381866600072
factored_int,3,32,relu,0.003,2,8,1536,48.0,7.0,20.620366807985878,0.8631364627495587,5.988564968109131,0.2501440156476565
single,6,32,relu,0.003,3,6,1152,36.0,5.0,20.23232990999009,0.7885103096871903,6.140411376953125,0.16503203731252827
factored_int,2,32,relu,0.003,3,4,768,24.0,3.0,21.29344984372193,0.7591703076163103,5.939035415649414,0.07477827419866903
single,12,32,relu,0.003,2,12,2304,72.0,11.0,21.1245694210101,1.0038927944065656,6.268293380737305,0.2719673746202288
factored_add,2,32,relu,0.003,3,4,768,24.0,3.0,22.19834007596614,0.7874481273739419,5.997860431671143,0.14503732287272744
factored_int,4,32,relu,0.003,1,16,3072,96.0,15.0,17.17158827036827,1.0053621334490086,5.989883899688721,0.47126533007622606
single,8,32,relu,0.003,3,8,1536,48.0,7.0,21.8620425789096,0.901938830590925,6.189889430999756,0.18809049422598761
single,4,32,relu,0.003,4,4,768,24.0,3.0,21.22920578287123,0.7571626807147259,6.005208492279053,0.10754369445160736
factored_add,4,32,relu,0.003,1,16,3072,96.0,15.0,19.69392061552294,1.084185019235092,6.162200927734375,0.7031636371378196
single,6,32,relu,0.003,4,6,1152,36.0,5.0,22.3656737546876,0.8551773048339875,6.113256454467773,0.13410674882702267
single,16,32,relu,0.003,2,16,3072,96.0,15.0,20.540798052917022,1.110649939153657,6.294952869415283,0.35124938647536064
factored_int,3,32,relu,0.003,3,8,1536,48.0,7.0,23.05575663768213,0.9392423949275666,5.972052097320557,0.21374622544116373
factored_int,2,32,relu,0.003,4,4,768,24.0,3.0,20.66305751955163,0.7394705474859884,5.951625823974609,0.08635713999795781
factored_add,2,32,relu,0.003,4,4,768,24.0,3.0,20.38536675001805,0.7307927109380641,6.028705596923828,0.13798815350787882
factored_add,3,32,relu,0.003,3,8,1536,48.0,7.0,22.108376475201254,0.9096367648500392,6.114959716796875,0.3981173766391508
single,12,32,relu,0.003,3,12,2304,72.0,11.0,22.332335836858388,1.0416354949018247,6.259798049926758,0.27632264783885396
single,8,32,relu,0.003,4,8,1536,48.0,7.0,22.9493854660751,0.9359182958148469,6.18107271194458,0.18660379400721455
factored_int,4,32,relu,0.003,2,16,3072,96.0,15.0,16.807591766270626,0.9939872426959571,5.986661434173584,0.36447465793565226
single,4,32,relu,0.003,5,4,768,24.0,3.0,21.434686234154128,0.7635839448173165,5.99739408493042,0.09871632001062369
factored_add,4,32,relu,0.003,2,16,3072,96.0,15.0,18.354661801319025,1.0423331812912195,6.169410705566406,0.8061856856425708
factored_int,2,32,relu,0.003,5,4,768,24.0,3.0,22.596014054030363,0.7998754391884488,5.916406154632568,0.09019463383436795
factored_add,3,32,relu,0.003,4,8,1536,48.0,7.0,22.6376152222174,0.9261754756942937,6.1122002601623535,0.324936876864273
factored_int,3,32,relu,0.003,4,8,1536,48.0,7.0,21.381579535981725,0.8869243604994289,5.9846367835998535,0.22513233368664998
single,16,32,relu,0.003,3,16,3072,96.0,15.0,22.897181931907795,1.1842869353721186,6.283814907073975,0.3229524577281871
single,6,32,relu,0.003,5,6,1152,36.0,5.0,23.641672546254284,0.8950522670704464,6.11268424987793,0.15469671039033475
factored_add,2,32,relu,0.003,5,4,768,24.0,3.0,21.54208842583416,0.7669402633073175,5.9979071617126465,0.14368399533888326
single,12,32,relu,0.003,4,12,2304,72.0,11.0,23.05795481988141,1.064311088121294,6.257083415985107,0.2549336305863211
single,8,32,relu,0.003,5,8,1536,48.0,7.0,22.219406521605446,0.9131064538001702,6.196239471435547,0.2149706678389851
factored_add,4,32,relu,0.003,3,16,3072,96.0,15.0,20.133356075670513,1.0979173773647035,6.169303894042969,0.6904409464730915
factored_int,4,32,relu,0.003,3,16,3072,96.0,15.0,19.65831121289443,1.083072225402951,5.988314151763916,0.5014536219339233
single,4,32,relu,0.003,6,4,768,24.0,3.0,19.418229705707503,0.7005696783033595,6.032705783843994,0.11051357328375529
single,6,32,relu,0.003,6,6,1152,36.0,5.0,21.974081206003774,0.8429400376876179,6.121445655822754,0.16490530715239865
factored_int,2,32,relu,0.003,6,4,768,24.0,3.0,19.772910818473548,0.7116534630772984,5.9547271728515625,0.07346886090493895
factored_int,3,32,relu,0.003,5,8,1536,48.0,7.0,19.451150460129764,0.8265984518790551,5.98926305770874,0.2388100879193129
single,16,32,relu,0.003,4,16,3072,96.0,15.0,22.185945164796735,1.162060786399898,6.2842488288879395,0.3225223066192347
factored_add,3,32,relu,0.003,5,8,1536,48.0,7.0,19.698718507564564,0.8343349533613926,6.130565643310547,0.3480585988922738
factored_add,2,32,relu,0.003,6,4,768,24.0,3.0,20.970655387775672,0.7490829808679897,6.0004119873046875,0.17032709529591983
single,12,32,relu,0.003,5,12,2304,72.0,11.0,20.372411158873543,0.9803878487147982,6.269563674926758,0.27669315492699403
factored_int,4,32,relu,0.003,4,16,3072,96.0,15.0,16.908445271212802,0.9971389147254001,5.9894256591796875,0.4110887671632567
single,8,32,relu,0.003,6,8,1536,48.0,7.0,22.074152615936406,0.9085672692480127,6.187353134155273,0.18873526850133157
single,4,32,relu,0.003,7,4,768,24.0,3.0,21.419742543724134,0.7631169544913792,6.0114922523498535,0.10637612154025036
factored_add,4,32,relu,0.003,4,16,3072,96.0,15.0,20.02506689103459,1.094533340344831,6.159736633300781,0.7004074153449699
factored_int,3,32,relu,0.003,6,8,1536,48.0,7.0,20.44987371223118,0.8578085535072244,5.975265979766846,0.21198617118978585
factored_int,2,32,relu,0.003,7,4,768,24.0,3.0,21.95628972778109,0.7798840539931591,5.94117546081543,0.08157694169525503
single,16,32,relu,0.003,5,16,3072,96.0,15.0,17.440260220449677,1.0137581318890523,6.303194046020508,0.3755252458113464
factored_add,3,32,relu,0.003,6,8,1536,48.0,7.0,23.26739378008657,0.9458560556277054,6.110734939575195,0.3296294909804687
factored_add,2,32,relu,0.003,7,4,768,24.0,3.0,20.08275521524137,0.7213361004762928,6.030162811279297,0.17723120230346096
single,6,32,relu,0.003,7,6,1152,36.0,5.0,20.42052658405457,0.7943914557517053,6.133550643920898,0.16248199446137307
single,12,32,relu,0.003,6,12,2304,72.0,11.0,21.02523701501131,1.0007886567191036,6.254653453826904,0.2327646930383335
single,8,32,relu,0.003,7,8,1536,48.0,7.0,23.35424218693486,0.9485700683417144,6.179182529449463,0.17328253571427288
factored_int,4,32,relu,0.003,5,16,3072,96.0,15.0,18.33748297395682,1.0417963429361508,5.988375186920166,0.4462875400170426
factored_add,4,32,relu,0.003,5,16,3072,96.0,15.0,17.36583867458985,1.011432458580933,6.175777435302734,0.8644797157244023
single,4,32,identity,0.003,0,4,768,24.0,3.0,15.541475365493154,0.5794211051716611,6.0899481773376465,6.79501488736751e-05
factored_int,3,32,relu,0.003,7,8,1536,48.0,7.0,20.33533343715162,0.8542291699109881,5.986352443695068,0.21127782824796154
factored_int,2,32,identity,0.003,0,4,768,24.0,3.0,15.55079290241433,0.5797122782004478,6.011770248413086,5.6159072294821275e-05
single,6,32,identity,0.003,0,6,1152,36.0,5.0,15.259480450871983,0.6331087640897495,6.1801838874816895,8.009402773197535e-05
single,16,32,relu,0.003,6,16,3072,96.0,15.0,19.927375185353476,1.0914804745422961,6.29260778427124,0.3149685965738432
factored_add,3,32,relu,0.003,7,8,1536,48.0,7.0,22.09387713136693,0.9091836603552166,6.116857051849365,0.3301657974268585
factored_add,2,32,identity,0.003,0,4,768,24.0,3.0,15.45263241268352,0.57664476289636,6.088988780975342,0.00012351501137720217
single,12,32,relu,0.003,7,12,2304,72.0,11.0,22.272611665864623,1.0397691145582695,6.264342308044434,0.2819805915879605
single,8,32,identity,0.003,0,8,1536,48.0,7.0,14.828697391302212,0.6821467934781942,6.223821640014648,9.197454245148447e-05
factored_int,4,32,relu,0.003,6,16,3072,96.0,15.0,17.75150802999388,1.0234846259373087,5.987229824066162,0.39565389103481347
single,4,32,identity,0.003,1,4,768,24.0,3.0,15.416513961844476,0.5755160613076399,6.092859745025635,0.00010904336575948629
factored_add,4,32,relu,0.003,6,16,3072,96.0,15.0,19.931824525647855,1.0916195164264955,6.167952060699463,0.7464182690932993
single,16,32,relu,0.003,7,16,3072,96.0,15.0,19.561732103489753,1.0800541282340548,6.292796611785889,0.344384830005947
factored_int,3,32,identity,0.003,0,8,1536,48.0,7.0,15.157396470105912,0.6924186396908097,6.004655838012695,2.9697966461957444e-05
factored_int,2,32,identity,0.003,1,4,768,24.0,3.0,15.415228029820739,0.5754758759318981,6.018929958343506,6.961277761937559e-05
factored_add,2,32,identity,0.003,1,4,768,24.0,3.0,15.401975557746521,0.5750617361795788,6.093602657318115,0.00010613189696552111
factored_add,3,32,identity,0.003,0,8,1536,48.0,7.0,15.314975325093,0.6973429789091563,6.151780605316162,7.668705441075636e-05
single,6,32,identity,0.003,1,6,1152,36.0,5.0,15.103660564410083,0.6282393926378151,6.183814525604248,7.11081477714434e-05
single,12,32,identity,0.003,0,12,2304,72.0,11.0,14.96079177550654,0.8112747429845794,6.266642093658447,0.00025689230791394466
single,8,32,identity,0.003,1,8,1536,48.0,7.0,15.051785279770725,0.6891182899928352,6.229101657867432,9.881567760220626e-05
factored_int,4,32,relu,0.003,7,16,3072,96.0,15.0,16.756499677867037,0.9923906149333449,5.987879276275635,0.41227925952787714
factored_add,4,32,relu,0.003,7,16,3072,96.0,15.0,21.153016916121665,1.129781778628802,6.162278652191162,0.7285556796634359
single,4,32,identity,0.003,2,4,768,24.0,3.0,15.576982869076769,0.580530714658649,6.099720478057861,9.780391253335107e-05
factored_int,2,32,identity,0.003,2,4,768,24.0,3.0,15.262994868267455,0.570718589633358,6.026814937591553,6.219843235570712e-05
factored_int,3,32,identity,0.003,1,8,1536,48.0,7.0,15.139018635554795,0.6918443323610873,6.000063419342041,2.2763881713625104e-05
single,16,32,identity,0.003,0,16,3072,96.0,15.0,14.828127036779543,0.9321289698993607,6.283599376678467,0.0006330597706022146
factored_add,3,32,identity,0.003,1,8,1536,48.0,7.0,15.131543340663915,0.6916107293957474,6.153791427612305,6.438889933681275e-05
factored_add,2,32,identity,0.003,2,4,768,24.0,3.0,15.50607212054617,0.5783147537670679,6.101588726043701,0.00010502225101884324
single,6,32,identity,0.003,2,6,1152,36.0,5.0,15.163889623141484,0.6301215507231714,6.183927536010742,5.548996241290662e-05
single,12,32,identity,0.003,1,12,2304,72.0,11.0,15.059369471102237,0.8143552959719449,6.271334648132324,0.00020768234998051697
single,8,32,identity,0.003,2,8,1536,48.0,7.0,15.208272109551887,0.6940085034234964,6.235497951507568,0.00011591787064129354
factored_int,4,32,identity,0.003,0,16,3072,96.0,15.0,14.22828399422147,0.913383874819421,5.990535259246826,0.10899870168998467
single,4,32,identity,0.003,3,4,768,24.0,3.0,15.49253403990954,0.5778916887471731,6.0956573486328125,5.364602342498645e-05
factored_add,4,32,identity,0.003,0,16,3072,96.0,15.0,14.515334526947262,0.922354203967102,6.16668176651001,0.0004151780992396624
factored_int,2,32,identity,0.003,3,4,768,24.0,3.0,15.358548878853597,0.5737046524641749,6.017646789550781,5.079673894847755e-05
factored_int,3,32,identity,0.003,2,8,1536,48.0,7.0,15.105373382246551,0.6907929181952047,6.00482177734375,2.418825222483329e-05
single,6,32,identity,0.003,3,6,1152,36.0,5.0,15.161528670514656,0.630047770953583,6.179590225219727,8.4604674552714e-05
single,16,32,identity,0.003,1,16,3072,96.0,15.0,14.898898302922555,0.9343405719663298,6.282674789428711,0.0006766685723396255
factored_add,3,32,identity,0.003,2,8,1536,48.0,7.0,14.951281525817915,0.6859775476818099,6.160971164703369,5.937726375481271e-05
factored_add,2,32,identity,0.003,3,4,768,24.0,3.0,15.41161064773082,0.5753628327415881,6.104748249053955,0.00012228455773594723
single,12,32,identity,0.003,2,12,2304,72.0,11.0,14.942783827009574,0.8107119945940492,6.271249771118164,0.00019071594125822668
single,8,32,identity,0.003,3,8,1536,48.0,7.0,15.164254652523221,0.6926329578913506,6.226140975952148,0.00010209744971437045
single,4,32,identity,0.003,4,4,768,24.0,3.0,15.471499762764685,0.5772343675863965,6.104733943939209,9.433269074377718e-05
factored_int,4,32,identity,0.003,1,16,3072,96.0,15.0,14.348742867995128,0.9171482146248477,5.991980075836182,0.05233182231483944
factored_int,3,32,identity,0.003,3,8,1536,48.0,7.0,15.042552162467985,0.6888297550771245,6.00098180770874,2.966888106191869e-05
factored_int,2,32,identity,0.003,4,4,768,24.0,3.0,15.301508691836132,0.5719221466198792,6.0246124267578125,7.703048822041603e-05
single,16,32,identity,0.003,2,16,3072,96.0,15.0,14.317634599722846,0.9161760812413389,6.283907413482666,0.0005110438339848702
factored_add,4,32,identity,0.003,1,16,3072,96.0,15.0,14.665682698156202,0.9270525843173814,6.167924404144287,0.08398229676124223
factored_add,3,32,identity,0.003,3,8,1536,48.0,7.0,15.131149639264427,0.6915984262270134,6.158496856689453,6.487814245028217e-05
single,6,32,identity,0.003,4,6,1152,36.0,5.0,15.31698338109025,0.6349057306590703,6.182192802429199,7.133832121473035e-05
single,12,32,identity,0.003,3,12,2304,72.0,11.0,14.879023117363682,0.808719472417615,6.2668890953063965,0.0002560869483801154
factored_add,2,32,identity,0.003,4,4,768,24.0,3.0,15.454054427358765,0.5766892008549613,6.104231357574463,8.568959812111619e-05
single,8,32,identity,0.003,4,8,1536,48.0,7.0,15.185062274270834,0.6932831960709636,6.227708339691162,9.790128957361392e-05
factored_int,4,32,identity,0.003,2,16,3072,96.0,15.0,14.34674045568881,0.9170856392402753,5.9887003898620605,0.12871157570440805
factored_add,4,32,identity,0.003,2,16,3072,96.0,15.0,14.713093248448777,0.9285341640140243,6.166289806365967,5.395458018086901e-05
single,4,32,identity,0.003,5,4,768,24.0,3.0,15.433828732098185,0.5760571478780683,6.099975109100342,7.028733502778684e-05
factored_int,2,32,identity,0.003,5,4,768,24.0,3.0,15.288160804638665,0.5715050251449583,6.018779754638672,4.5072554863568034e-05
factored_int,3,32,identity,0.003,4,8,1536,48.0,7.0,15.15702777233917,0.692407117885599,6.001387119293213,3.4251400498009615e-05
factored_add,3,32,identity,0.003,4,8,1536,48.0,7.0,15.024326103280611,0.6882601907275191,6.156620025634766,7.341512914584066e-05
single,16,32,identity,0.003,3,16,3072,96.0,15.0,14.913540048180497,0.9347981265056405,6.2804999351501465,0.0005119913381122977
single,6,32,identity,0.003,5,6,1152,36.0,5.0,15.284039963172493,0.6338762488491404,6.186806678771973,8.809939758975617e-05
factored_add,2,32,identity,0.003,5,4,768,24.0,3.0,15.448970126648527,0.5765303164577664,6.089401721954346,9.942375399713143e-05
single,12,32,identity,0.003,4,12,2304,72.0,11.0,14.7651413914395,0.8051606684824844,6.273717880249023,0.00025193786051430156
single,8,32,identity,0.003,5,8,1536,48.0,7.0,15.235959274313553,0.6948737273222985,6.227470397949219,0.00010883338540622399
factored_int,4,32,identity,0.003,3,16,3072,96.0,15.0,14.547236541316625,0.9233511419161445,5.9902215003967285,0.1121938011100665
factored_add,4,32,identity,0.003,3,16,3072,96.0,15.0,14.585038586141035,0.9245324558169074,6.169252872467041,0.010428931227716402
single,4,32,identity,0.003,6,4,768,24.0,3.0,15.376679424279727,0.5742712320087415,6.094366550445557,7.468683437523909e-05
factored_int,2,32,identity,0.003,6,4,768,24.0,3.0,15.48506759115374,0.5776583622235544,6.01459264755249,4.7434740484768534e-05
factored_int,3,32,identity,0.003,5,8,1536,48.0,7.0,14.991359445154853,0.6872299826610891,5.997811794281006,2.552912635283452e-05
single,16,32,identity,0.003,4,16,3072,96.0,15.0,14.913306645145031,0.9347908326607822,6.281264781951904,0.0005001262816033974
factored_add,3,32,identity,0.003,5,8,1536,48.0,7.0,15.157786983956017,0.6924308432486255,6.154809951782227,6.498474027627133e-05
factored_add,2,32,identity,0.003,6,4,768,24.0,3.0,15.53887107270717,0.5793397210220991,6.092204570770264,0.00010826941148020873
single,6,32,identity,0.003,6,6,1152,36.0,5.0,15.31745748953378,0.6349205465479306,6.178046703338623,7.243804024760045e-05
single,12,32,identity,0.003,5,12,2304,72.0,11.0,14.952178400943037,0.8110055750294699,6.268836498260498,0.00020466819208935088
single,8,32,identity,0.003,6,8,1536,48.0,7.0,15.111598492745786,0.6909874528983058,6.221979141235352,0.00010096158168552307
factored_int,4,32,identity,0.003,4,16,3072,96.0,15.0,14.431875484031744,0.919746108875992,5.990039825439453,0.14433407329648812
single,4,32,identity,0.003,7,4,768,24.0,3.0,15.43905665859159,0.5762205205809872,6.09904670715332,0.0001000640677764697
factored_add,4,32,identity,0.003,4,16,3072,96.0,15.0,14.522896773513395,0.9225905241722936,6.166559219360352,0.12330903266387083
factored_int,2,32,identity,0.003,7,4,768,24.0,3.0,15.369283620466522,0.5740401131395788,6.032933712005615,5.377837866558004e-05
factored_int,3,32,identity,0.003,6,8,1536,48.0,7.0,15.063486818062767,0.6894839630644615,6.001071929931641,3.9702862438769516e-05
factored_add,3,32,identity,0.003,6,8,1536,48.0,7.0,14.966665837510982,0.6864583074222181,6.158059597015381,4.554241147447367e-05
single,16,32,identity,0.003,5,16,3072,96.0,15.0,14.643611873504023,0.9263628710470007,6.283005237579346,0.0005505945571563266
single,6,32,identity,0.003,7,6,1152,36.0,5.0,15.362972265179636,0.6363428832868636,6.182315349578857,6.469659209938209e-05
factored_add,2,32,identity,0.003,7,4,768,24.0,3.0,15.3821958303176,0.574443619697425,6.1002197265625,0.00017640511181616698
single,12,32,identity,0.003,6,12,2304,72.0,11.0,15.08093356550185,0.8150291739219329,6.263803958892822,0.0002333840762881097
factored_int,4,32,identity,0.003,5,16,3072,96.0,15.0,14.284350570175212,0.9151359553179754,5.989865779876709,0.1888532819513035
single,8,32,identity,0.003,7,8,1536,48.0,7.0,15.065443430905129,0.6895451072157852,6.227121829986572,0.00011983292857560316
factored_add,4,32,identity,0.003,5,16,3072,96.0,15.0,14.957393694893211,0.9361685529654129,6.170788288116455,0.03732765953541107
single,16,32,identity,0.003,6,16,3072,96.0,15.0,14.649944933589707,0.9265607791746784,6.279678821563721,0.0004962511654511669
factored_int,3,32,identity,0.003,7,8,1536,48.0,7.0,15.022121550604533,0.6881912984563916,6.005463123321533,2.6119462045641966e-05
factored_add,3,32,identity,0.003,7,8,1536,48.0,7.0,15.225741447316414,0.694554420228638,6.16030740737915,4.913909303384714e-05
single,12,32,identity,0.003,7,12,2304,72.0,11.0,14.933577782221333,0.8104243056944167,6.267995834350586,0.00021273578071161306
single,4,64,relu,0.003,0,4,1536,24.0,3.0,47.049472793160795,0.7820230123931374,5.940709590911865,0.08321608181468257
factored_int,4,32,identity,0.003,6,16,3072,96.0,15.0,14.265456474965264,0.9145455148426644,5.991464614868164,0.17514085777743188
factored_int,2,64,relu,0.003,0,4,1536,24.0,3.0,47.53779594306505,0.7896530616103914,5.884870529174805,0.07267714601776977
factored_add,4,32,identity,0.003,6,16,3072,96.0,15.0,14.566117101499819,0.9239411594218694,6.171176910400391,6.073276717044975e-05
single,16,32,identity,0.003,7,16,3072,96.0,15.0,14.717717912944236,0.9286786847795074,6.2874298095703125,0.0004616912618397028
factored_add,2,64,relu,0.003,0,4,1536,24.0,3.0,48.415844901243794,0.8033725765819343,5.937215328216553,0.1207096977978771
single,6,64,relu,0.003,0,6,2304,36.0,5.0,50.32568885619262,0.8644638883780097,6.081413269042969,0.1321222604822899
single,4,64,relu,0.003,1,4,1536,24.0,3.0,45.04107848601103,0.7506418513439224,5.963514804840088,0.08194864832819891
factored_int,4,32,identity,0.003,7,16,3072,96.0,15.0,14.553313472191025,0.9235410460059695,5.987411975860596,0.1429281474179359
factored_add,4,32,identity,0.003,7,16,3072,96.0,15.0,14.606398628387431,0.9251999571371072,6.1721649169921875,0.05097255954041563
single,8,64,relu,0.003,0,8,3072,48.0,7.0,49.70639806791371,0.8860374698111517,6.174367427825928,0.17983821688418716
factored_int,2,64,relu,0.003,1,4,1536,24.0,3.0,46.24208888790176,0.769407638873465,5.89178466796875,0.06202500473255908
factored_add,2,64,relu,0.003,1,4,1536,24.0,3.0,45.39963761373527,0.7562443377146136,5.965071201324463,0.1232009923899492
single,6,64,relu,0.003,1,6,2304,36.0,5.0,49.170618727630746,0.8464159176192304,6.0908613204956055,0.13954362198109538
factored_int,3,64,relu,0.003,0,8,3072,48.0,7.0,46.76006195317164,0.8400009680183069,5.977318286895752,0.15597317422085483
factored_add,3,64,relu,0.003,0,8,3072,48.0,7.0,46.313722334287064,0.8330269114732354,6.109119415283203,0.30007173801429754
single,4,64,relu,0.003,2,4,1536,24.0,3.0,47.23416456995082,0.7849088214054816,5.956398010253906,0.08337133151641382
single,8,64,relu,0.003,1,8,3072,48.0,7.0,50.79649998016201,0.9030703121900314,6.166921615600586,0.1496698413764389
single,12,64,relu,0.003,0,12,4608,72.0,11.0,49.31309412526358,0.9423920957072435,6.26115083694458,0.22281996309861946
factored_int,3,64,relu,0.003,1,8,3072,48.0,7.0,49.16543326536852,0.8775848947713831,5.973440647125244,0.15261831348665128
factored_int,2,64,relu,0.003,2,4,1536,24.0,3.0,49.07626750511694,0.8136916797674522,5.885295867919922,0.07419472182198933
factored_add,2,64,relu,0.003,2,4,1536,24.0,3.0,42.39140248147425,0.7092406637730352,5.980520248413086,0.16385724600411017
factored_add,3,64,relu,0.003,1,8,3072,48.0,7.0,48.162292627360536,0.8619108223025084,6.103324890136719,0.3244187305819872
single,6,64,relu,0.003,2,6,2304,36.0,5.0,48.15067250990212,0.8304792579672207,6.097753047943115,0.13026371747457133
single,12,64,relu,0.003,1,12,4608,72.0,11.0,46.22304994295682,0.8941101553587003,6.273329734802246,0.2541168450631619
single,16,64,relu,0.003,0,16,6144,96.0,15.0,37.73417605564004,0.8239715008693757,6.326022624969482,0.34689359263394004
single,8,64,relu,0.003,2,8,3072,48.0,7.0,49.87443863124374,0.8886631036131835,6.171091556549072,0.16798068888427697
single,4,64,relu,0.003,3,4,1536,24.0,3.0,47.607459193728445,0.790741549902007,5.940989017486572,0.08331490705556958
factored_int,4,64,relu,0.003,0,16,6144,96.0,15.0,11.948877569272206,0.4210762120198782,6.020676136016846,0.8084023193684722
factored_int,3,64,relu,0.003,2,8,3072,48.0,7.0,48.8986958578361,0.8734171227786891,5.976683139801025,0.17582574752702457
factored_add,4,64,relu,0.003,0,16,6144,96.0,15.0,16.960851231415912,0.4993883004908736,6.227085113525391,2.1333451830332715
single,6,64,relu,0.003,3,6,2304,36.0,5.0,45.958998182509575,0.7962343466017121,6.1037139892578125,0.15043006060308484
factored_add,3,64,relu,0.003,2,8,3072,48.0,7.0,46.16280570191903,0.8306688390924848,6.108031749725342,0.33213402903220113
factored_int,2,64,relu,0.003,3,4,1536,24.0,3.0,50.04348068477307,0.8288043856995793,5.8707275390625,0.06503745394807423
factored_add,2,64,relu,0.003,3,4,1536,24.0,3.0,50.7123622545527,0.839255660227386,5.923497676849365,0.09827803116954689
single,16,64,relu,0.003,1,16,6144,96.0,15.0,35.75463614004441,0.7930411896881939,6.329837799072266,0.3195070689890587
single,12,64,relu,0.003,2,12,4608,72.0,11.0,44.46536592079682,0.8666463425124503,6.2727155685424805,0.2482562919509649
single,8,64,relu,0.003,3,8,3072,48.0,7.0,48.79933290383944,0.8718645766224913,6.1774001121521,0.16767849343348123
factored_int,4,64,relu,0.003,1,16,6144,96.0,15.0,16.21550812670756,0.48774231447980565,6.022480010986328,0.7151717774490465
factored_add,4,64,relu,0.003,1,16,6144,96.0,15.0,10.684540860471136,0.40132095094486153,6.231555938720703,2.0446394924432854
single,4,64,relu,0.003,4,4,1536,24.0,3.0,48.48212407139903,0.8044081886156098,5.949138641357422,0.08107675217833443
factored_int,2,64,relu,0.003,4,4,1536,24.0,3.0,47.41119271505118,0.7876748861726747,5.888060092926025,0.07587935528434875
single,16,64,relu,0.003,2,16,6144,96.0,15.0,38.36670503563637,0.8338547661818183,6.325723171234131,0.29302514419303316
factored_int,3,64,relu,0.003,3,8,3072,48.0,7.0,43.79273316676895,0.7936364557307648,5.988565921783447,0.17638752100352606
factored_add,2,64,relu,0.003,4,4,1536,24.0,3.0,48.64998732584294,0.807031051966296,5.9423041343688965,0.11167279672295624
single,6,64,relu,0.003,4,6,2304,36.0,5.0,50.72118521595417,0.8706435189992839,6.077605247497559,0.12593034599221975
factored_add,3,64,relu,0.003,3,8,3072,48.0,7.0,46.57219121168975,0.8370654876826523,6.111474514007568,0.28075963520700153
single,12,64,relu,0.003,3,12,4608,72.0,11.0,48.318999599357625,0.9268593687399629,6.259088516235352,0.24963254952530659
factored_int,4,64,relu,0.003,2,16,6144,96.0,15.0,13.676862362473162,0.44807597441364316,6.0234222412109375,2.62898689016775
single,8,64,relu,0.003,4,8,3072,48.0,7.0,48.763199970762216,0.8712999995431596,6.164917469024658,0.1702320116521885
single,4,64,relu,0.003,5,4,1536,24.0,3.0,48.54021372498471,0.8053158394528861,5.936265468597412,0.09046226632481905
factored_add,4,64,relu,0.003,2,16,6144,96.0,15.0,14.401407640935258,0.4593969943896134,6.222116470336914,1.6312319382665397
factored_int,2,64,relu,0.003,5,4,1536,24.0,3.0,45.50031103799037,0.7578173599685996,5.895410060882568,0.07742130704004829
factored_int,3,64,relu,0.003,4,8,3072,48.0,7.0,46.85920988551105,0.8415501544611101,5.9746270179748535,0.16477514356240447
single,6,64,relu,0.003,5,6,2304,36.0,5.0,50.322797220937126,0.8644187065771426,6.084133148193359,0.11954217686307884
factored_add,3,64,relu,0.003,4,8,3072,48.0,7.0,47.022238471868896,0.8440974761229515,6.099925994873047,0.28313437729714347
single,16,64,relu,0.003,3,16,6144,96.0,15.0,37.449779453434076,0.8195278039599074,6.321112155914307,0.29494746153510815
factored_add,2,64,relu,0.003,5,4,1536,24.0,3.0,46.09431813363468,0.7670987208380419,5.952861785888672,0.11443571375541342
single,12,64,relu,0.003,4,12,4608,72.0,11.0,46.85301162353287,0.9039533066177011,6.264695167541504,0.2386954559343578
single,8,64,relu,0.003,5,8,3072,48.0,7.0,50.87679789103384,0.9043249670474037,6.1695709228515625,0.16130326306724674
single,4,64,relu,0.003,6,4,1536,24.0,3.0,46.26355152562983,0.7697429925879661,5.9536452293396,0.08691312583769875
factored_int,4,64,relu,0.003,3,16,6144,96.0,15.0,14.664149748660167,0.4635023398228151,6.0275492668151855,1.5139176054851524
factored_add,4,64,relu,0.003,3,16,6144,96.0,15.0,7.63279477152951,0.3536374183051486,6.2354960441589355,3.05742317126984
factored_int,3,64,relu,0.003,5,8,3072,48.0,7.0,45.717033402465454,0.8237036469135227,5.980169773101807,0.1512643460681055
single,16,64,relu,0.003,4,16,6144,96.0,15.0,36.32390271570335,0.8019359799328648,6.32513952255249,0.30713264116598804
factored_int,2,64,relu,0.003,6,4,1536,24.0,3.0,46.630585571677855,0.7754778995574665,5.896148681640625,0.06480221386231855
factored_add,3,64,relu,0.003,5,8,3072,48.0,7.0,46.883233503102886,0.8419255234859826,6.109750747680664,0.3283183312540588
single,6,64,relu,0.003,6,6,2304,36.0,5.0,47.21441786175433,0.8158502790899114,6.097967624664307,0.1385495449845898
factored_add,2,64,relu,0.003,6,4,1536,24.0,3.0,47.10574563257128,0.7829022755089262,5.953637599945068,0.12895947615404557
single,12,64,relu,0.003,5,12,4608,72.0,11.0,47.139499564833216,0.908429680700519,6.269096374511719,0.2443575462698059
single,8,64,relu,0.003,6,8,3072,48.0,7.0,51.389603701614924,0.9123375578377332,6.163991451263428,0.17828508883694588
factored_int,4,64,relu,0.003,4,16,6144,96.0,15.0,12.956297581342884,0.43681714970848257,6.027011871337891,1.3248853644082665
single,4,64,relu,0.003,7,4,1536,24.0,3.0,46.70156443523622,0.776586944300566,5.951148509979248,0.08128693315998059
factored_add,4,64,relu,0.003,4,16,6144,96.0,15.0,15.86716931395281,0.4822995205305126,6.220180988311768,1.482088128167695
single,16,64,relu,0.003,5,16,6144,96.0,15.0,37.094936956099176,0.8139833899390496,6.3197922706604,0.3031800687909231
factored_int,2,64,relu,0.003,7,4,1536,24.0,3.0,47.454028636226276,0.7883441974410356,5.884485244750977,0.06807514246976148
single,6,64,relu,0.003,7,6,2304,36.0,5.0,49.569497896843274,0.8526484046381761,6.079752445220947,0.12949036968989355
factored_int,3,64,relu,0.003,6,8,3072,48.0,7.0,46.57654657360368,0.8371335402125575,5.975518703460693,0.20504554560279228
factored_add,3,64,relu,0.003,6,8,3072,48.0,7.0,46.71274989862664,0.8392617171660413,6.10146951675415,0.30215743285313085
factored_add,2,64,relu,0.003,7,4,1536,24.0,3.0,46.32461605959163,0.7706971259311192,5.957790851593018,0.11403549178223069
single,12,64,relu,0.003,6,12,4608,72.0,11.0,47.514409712532306,0.9142876517583173,6.261502742767334,0.2443291635999298
single,8,64,relu,0.003,7,8,3072,48.0,7.0,48.226155403783444,0.8629086781841163,6.178614139556885,0.1877744331857668
factored_int,4,64,relu,0.003,5,16,6144,96.0,15.0,10.338064820757248,0.395907262824332,6.022468566894531,0.6910234051341198
single,4,64,identity,0.003,0,4,1536,24.0,3.0,28.928906682552082,0.4988891669148763,6.085399150848389,6.15777781056862e-05
factored_add,4,64,relu,0.003,5,16,6144,96.0,15.0,12.546940073365823,0.430420938646341,6.22638463973999,1.9564041877904415
factored_int,3,64,relu,0.003,7,8,3072,48.0,7.0,43.86367022214823,0.7947448472210661,5.980802059173584,0.17334708987089978
factored_int,2,64,identity,0.003,0,4,1536,24.0,3.0,28.680920909066106,0.4950143892041579,6.012615203857422,3.922428141030495e-05
single,16,64,relu,0.003,6,16,6144,96.0,15.0,40.551661617669716,0.8679947127760893,6.319278240203857,0.29075532627294537
factored_add,3,64,relu,0.003,7,8,3072,48.0,7.0,44.60955351511133,0.8063992736736145,6.116458892822266,0.32415209432884373
single,6,64,identity,0.003,0,6,2304,36.0,5.0,28.241406859149762,0.519396982174215,6.19291877746582,4.201303658892553e-05
factored_add,2,64,identity,0.003,0,4,1536,24.0,3.0,28.739714975058476,0.4959330464852887,6.088115692138672,0.00011343180607236057
single,12,64,relu,0.003,7,12,4608,72.0,11.0,45.31309263324766,0.8798920723944947,6.2698516845703125,0.24523239712141137
single,8,64,identity,0.003,0,8,3072,48.0,7.0,27.43258187110098,0.5380090917359528,6.250809192657471,5.215869772699557e-05
factored_int,4,64,relu,0.003,6,16,6144,96.0,15.0,14.002648799986746,0.4531663874997929,6.020418643951416,1.4033637275697806
single,4,64,identity,0.003,1,4,1536,24.0,3.0,28.798127574151682,0.49684574334612003,6.095489501953125,4.875055847962803e-05
factored_add,4,64,relu,0.003,6,16,6144,96.0,15.0,16.464570969826386,0.4916339214035373,6.226966381072998,1.6754285332204746
factored_int,3,64,identity,0.003,0,8,3072,48.0,7.0,27.258571973601562,0.5352901870875244,6.024636745452881,1.4510539828173336e-05
factored_int,2,64,identity,0.003,1,4,1536,24.0,3.0,28.754660071652204,0.4961665636195657,6.012569427490234,3.135797450596231e-05
single,16,64,relu,0.003,7,16,6144,96.0,15.0,34.39993613274111,0.7718740020740799,6.321641445159912,0.28887409347043297
single,6,64,identity,0.003,1,6,2304,36.0,5.0,28.522632832862126,0.5237911380134708,6.197545051574707,6.0775618933211466e-05
factored_add,3,64,identity,0.003,0,8,3072,48.0,7.0,27.369483289575907,0.5370231763996236,6.179215908050537,5.224277019467116e-05
single,12,64,identity,0.003,0,12,4608,72.0,11.0,27.072076947972317,0.5948762023120675,6.300127029418945,5.6935695394814414e-05
factored_add,2,64,identity,0.003,1,4,1536,24.0,3.0,28.861573054931643,0.4978370789833069,6.094226837158203,0.00014917055616685734
single,8,64,identity,0.003,1,8,3072,48.0,7.0,27.814364716427633,0.5439744486941818,6.253110885620117,3.332876137654885e-05
factored_int,4,64,relu,0.003,7,16,6144,96.0,15.0,10.602082742119622,0.40003254284561907,6.021320343017578,1.4049792726251333
single,4,64,identity,0.003,2,4,1536,24.0,3.0,28.833612020332644,0.49740018781769757,6.097842693328857,6.603034618422204e-05
factored_add,4,64,relu,0.003,7,16,6144,96.0,15.0,15.825322335844046,0.4816456614975632,6.220109939575195,1.9085990929298458
factored_int,2,64,identity,0.003,2,4,1536,24.0,3.0,29.153342410846886,0.5023959751694826,6.02311897277832,3.864394734857161e-05
factored_int,3,64,identity,0.003,1,8,3072,48.0,7.0,27.48649910689122,0.5388515485451753,6.026987552642822,3.191290691072498e-05
single,16,64,identity,0.003,0,16,6144,96.0,15.0,26.256047481217934,0.6446257418940302,6.319175720214844,7.336687593287429e-05
factored_add,3,64,identity,0.003,1,8,3072,48.0,7.0,27.82500814615616,0.5441407522836901,6.171394348144531,3.7954878044450525e-05
single,6,64,identity,0.003,2,6,2304,36.0,5.0,28.388461697536844,0.5216947140240131,6.2004218101501465,4.746471193596631e-05
factored_add,2,64,identity,0.003,2,4,1536,24.0,3.0,28.859446063999663,0.49780384474999473,6.096595764160156,9.230784845993296e-05
single,12,64,identity,0.003,1,12,4608,72.0,11.0,26.87243305917935,0.5917567665496773,6.300778865814209,5.0170205910382016e-05
single,8,64,identity,0.003,2,8,3072,48.0,7.0,27.70471686758981,0.5422612010560908,6.2502217292785645,5.0530948016045026e-05
factored_int,4,64,identity,0.003,0,16,6144,96.0,15.0,24.127019756379973,0.6113596836934371,6.0138163566589355,0.002674128756208787
single,4,64,identity,0.003,3,4,1536,24.0,3.0,28.868533356801187,0.49794583370001855,6.089717864990234,7.968090751341898e-05
factored_add,4,64,identity,0.003,0,16,6144,96.0,15.0,25.850847859678048,0.6382944978074695,6.199411869049072,9.978693239132278e-05
factored_int,2,64,identity,0.003,3,4,1536,24.0,3.0,28.576539350592938,0.49338342735301466,6.013752460479736,6.630031873245387e-05
single,16,64,identity,0.003,1,16,6144,96.0,15.0,26.712293622774485,0.6517545878558513,6.321723937988281,6.537217720400524e-05
factored_add,3,64,identity,0.003,2,8,3072,48.0,7.0,27.363990434787535,0.5369373505435553,6.177104473114014,6.284004680062798e-05
factored_int,3,64,identity,0.003,2,8,3072,48.0,7.0,27.188989634645534,0.5342029630413365,6.031896114349365,1.6112135872349112e-05
single,6,64,identity,0.003,3,6,2304,36.0,5.0,27.78890416183683,0.5123266275287004,6.197129726409912,4.780619976277934e-05
factored_add,2,64,identity,0.003,3,4,1536,24.0,3.0,29.06196004883565,0.500968125763057,6.09561014175415,7.815894898896203e-05
single,12,64,identity,0.003,2,12,4608,72.0,11.0,27.37971496129259,0.5996830462701968,6.300683975219727,5.692398061349538e-05
single,8,64,identity,0.003,3,8,3072,48.0,7.0,28.073523429229912,0.5480238035817173,6.2524237632751465,4.644436618401722e-05
factored_int,4,64,identity,0.003,1,16,6144,96.0,15.0,24.097308961741483,0.6108954525272107,6.017160415649414,0.0014798542984796365
single,4,64,identity,0.003,4,4,1536,24.0,3.0,28.686796915090838,0.49510620179829434,6.0951828956604,4.637172209939627e-05
factored_add,4,64,identity,0.003,1,16,6144,96.0,15.0,25.725657824228588,0.6363384035035717,6.200784206390381,8.685780893784311e-05
factored_int,2,64,identity,0.003,4,4,1536,24.0,3.0,28.636838391514768,0.49432559986741825,6.022741317749023,3.0300660910465337e-05
factored_int,3,64,identity,0.003,3,8,3072,48.0,7.0,27.08370755278457,0.532557930512259,6.0235443115234375,1.4966802101937397e-05
single,16,64,identity,0.003,2,16,6144,96.0,15.0,25.92897259932582,0.6395151968644659,6.319352626800537,6.480995245994643e-05
single,6,64,identity,0.003,4,6,2304,36.0,5.0,28.581767370206222,0.5247151151594722,6.195995807647705,4.697141076018596e-05
factored_add,3,64,identity,0.003,3,8,3072,48.0,7.0,27.55745884978152,0.5399602945278362,6.177279949188232,4.5345875058786926e-05
factored_add,2,64,identity,0.003,4,4,1536,24.0,3.0,28.86989585507518,0.49796712273554966,6.095038890838623,7.396029413717755e-05
single,12,64,identity,0.003,3,12,4608,72.0,11.0,26.772129978891925,0.5901895309201863,6.299361228942871,5.585259037938055e-05
single,8,64,identity,0.003,4,8,3072,48.0,7.0,27.854815145112916,0.5446064866423893,6.241964817047119,4.6653252439787493e-05
factored_int,4,64,identity,0.003,2,16,6144,96.0,15.0,24.13142509288171,0.6114285170762768,6.01672887802124,0.002555191710082123
single,4,64,identity,0.003,5,4,1536,24.0,3.0,28.72183501892806,0.49565367217075096,6.092518329620361,6.164732979515748e-05
factored_add,4,64,identity,0.003,2,16,6144,96.0,15.0,25.605774676314493,0.634465229317414,6.199202060699463,8.794352728596834e-05
factored_int,2,64,identity,0.003,5,4,1536,24.0,3.0,28.716442986455426,0.49556942166336604,6.014491558074951,4.456921041710186e-05
factored_int,3,64,identity,0.003,4,8,3072,48.0,7.0,27.588396287489797,0.5404436919920281,6.019918918609619,1.4804786931815468e-05
single,16,64,identity,0.003,3,16,6144,96.0,15.0,25.831542005578253,0.6379928438371603,6.3153395652771,6.467131215682623e-05
factored_add,3,64,identity,0.003,4,8,3072,48.0,7.0,27.43349263801725,0.5380233224690195,6.172264099121094,4.958338094082881e-05
single,6,64,identity,0.003,5,6,2304,36.0,5.0,28.195395751537923,0.51867805861778,6.19927453994751,3.768864217790732e-05
factored_add,2,64,identity,0.003,5,4,1536,24.0,3.0,28.82435547955393,0.49725555436803015,6.08868408203125,9.550234023068017e-05
single,12,64,identity,0.003,4,12,4608,72.0,11.0,27.346759129495414,0.5991681113983658,6.29958963394165,6.00517940627245e-05
single,8,64,identity,0.003,5,8,3072,48.0,7.0,27.488710956266015,0.5388861086916565,6.248045444488525,4.559087941483952e-05
factored_int,4,64,identity,0.003,3,16,6144,96.0,15.0,24.054903059785506,0.6102328603091485,6.018740177154541,0.0018640412260736954
single,4,64,identity,0.003,6,4,1536,24.0,3.0,28.831622615908337,0.49736910337356777,6.09403657913208,5.917716580863295e-05
factored_add,4,64,identity,0.003,3,16,6144,96.0,15.0,26.022028548325313,0.640969196067583,6.197885036468506,8.741624302932891e-05
factored_int,2,64,identity,0.003,6,4,1536,24.0,3.0,28.743552606369036,0.4959930094745162,6.019550323486328,3.350003952150099e-05
factored_int,3,64,identity,0.003,5,8,3072,48.0,7.0,26.84585482890175,0.5288414817015898,6.025707721710205,1.1394663850547134e-05
single,16,64,identity,0.003,4,16,6144,96.0,15.0,26.280204992848407,0.6450032030132564,6.31666374206543,7.192129196944811e-05
single,6,64,identity,0.003,6,6,2304,36.0,5.0,28.275837893201373,0.5199349670812714,6.2007060050964355,5.880477132979117e-05
factored_add,3,64,identity,0.003,5,8,3072,48.0,7.0,27.33353377245067,0.5364614651945417,6.184285640716553,4.12750007583846e-05
factored_add,2,64,identity,0.003,6,4,1536,24.0,3.0,28.94124283088058,0.49908191923250905,6.090966701507568,9.052076747505155e-05
single,12,64,identity,0.003,5,12,4608,72.0,11.0,26.810168618188438,0.5907838846591944,6.297577381134033,6.028103685514891e-05
single,8,64,identity,0.003,6,8,3072,48.0,7.0,27.301419594880084,0.5359596811700014,6.251012802124023,6.321924841267684e-05
factored_int,4,64,identity,0.003,4,16,6144,96.0,15.0,24.62976679386304,0.61921510615411,6.015880584716797,0.0006685580095728655
single,4,64,identity,0.003,7,4,1536,24.0,3.0,28.827966540145656,0.4973119771897759,6.091587543487549,6.593963715730887e-05
factored_add,4,64,identity,0.003,4,16,6144,96.0,15.0,25.93144563156954,0.6395538379932741,6.195444107055664,6.212824997658888e-05
factored_int,2,64,identity,0.003,7,4,1536,24.0,3.0,28.63976053929195,0.4943712584264367,6.016132831573486,4.0067785574696725e-05
single,16,64,identity,0.003,5,16,6144,96.0,15.0,25.88974089990229,0.6389022015609733,6.3156280517578125,7.561727698355785e-05
factored_int,3,64,identity,0.003,6,8,3072,48.0,7.0,27.49869163485429,0.5390420567945983,6.025365829467773,3.0085272837212432e-05
factored_add,3,64,identity,0.003,6,8,3072,48.0,7.0,26.907727791664744,0.5298082467447616,6.171818256378174,6.0975854986624506e-05
single,6,64,identity,0.003,7,6,2304,36.0,5.0,28.06052263495513,0.516570666171174,6.189998149871826,3.430858102553e-05
factored_add,2,64,identity,0.003,7,4,1536,24.0,3.0,28.90200498126906,0.49846882783232904,6.097406387329102,6.387659434570455e-05
single,12,64,identity,0.003,6,12,4608,72.0,11.0,27.294078460308704,0.5983449759423235,6.299063682556152,5.4717684511384415e-05
single,8,64,identity,0.003,7,8,3072,48.0,7.0,27.782801491022276,0.5434812732972231,6.249797821044922,4.888626044228951e-05
factored_int,4,64,identity,0.003,5,16,6144,96.0,15.0,24.126622348199085,0.6113534741906107,6.014157772064209,0.002782842738218068
factored_add,4,64,identity,0.003,5,16,6144,96.0,15.0,25.15925581774177,0.6274883721522151,6.200150966644287,9.341482482565013e-05
factored_int,3,64,identity,0.003,7,8,3072,48.0,7.0,27.443949650449785,0.5381867132882778,6.024698734283447,1.5439791120754053e-05
single,16,64,identity,0.003,6,16,6144,96.0,15.0,26.35558476425406,0.6461810119414697,6.319086074829102,5.518502107321444e-05
factored_add,3,64,identity,0.003,7,8,3072,48.0,7.0,27.753393512998706,0.5430217736406048,6.178630828857422,4.353410064623868e-05
single,12,64,identity,0.003,7,12,4608,72.0,11.0,26.92968957641516,0.5926513996314868,6.299234867095947,6.138370860364239e-05
factored_int,4,64,identity,0.003,6,16,6144,96.0,15.0,24.140127012452574,0.6115644845695715,6.0169291496276855,0.004392633181350037
factored_add,4,64,identity,0.003,6,16,6144,96.0,15.0,24.686588038469626,0.6201029381010879,6.202054500579834,6.406404479075836e-05
single,16,64,identity,0.003,7,16,6144,96.0,15.0,26.56987173069034,0.6495292457920365,6.314085006713867,6.598777582246934e-05
factored_int,4,64,identity,0.003,7,16,6144,96.0,15.0,24.50108166801325,0.617204401062707,6.0149078369140625,0.000607048584458539
factored_add,4,64,identity,0.003,7,16,6144,96.0,15.0,25.499680842168665,0.6328075131588854,6.1949591636657715,8.143075412075362e-05
