model,init,task,map,layer,rel_depth,d,n_items,n_fit,explained,explained_lo,explained_hi,residual,residual_lo,residual_hi,explained_identity,explained_identity_lo,explained_identity_hi,null,null_lo,null_hi,mag_ratio,word_reliable_frac,ridge_alpha,ridge_beta,ridge_eff_params,mlp_hidden,mlp_val_mse
EleutherAI/pythia-160m,pretrained,role,mlp,3,0.25,768,48,100000,0.1531381488939083,0.08744173650585425,0.21304138769270478,0.8468618511060917,0.7869586123072952,0.9125582634941457,0.03218382781422944,0.016001117265831536,0.0650441560575447,-0.0005208219804454864,-0.01989054566787063,0.010507713157823163,0.23145152150204432,1.0,,,,1024,0.69849
EleutherAI/pythia-160m,pretrained,role,mlp,6,0.5,768,48,100000,0.270597939618444,0.19667181980922235,0.34460053992432127,0.7294020603815561,0.6553994600756787,0.8033281801907777,0.018397859155897388,0.007823392750874625,0.0548311437794019,-0.0009512696939509041,-0.032848628489184684,0.017176769199720675,0.2598741705778964,1.0,,,,1024,0.64884
EleutherAI/pythia-160m,pretrained,role,mlp,9,0.75,768,48,100000,0.15744585032884664,0.10451871386264854,0.21310321633757573,0.8425541496711534,0.7868967836624243,0.8954812861373515,0.02577755271990126,0.01223312782051547,0.06594609275589933,-0.0001927220826707539,-0.011274475923900837,0.007211229246711999,0.2383297348292331,1.0,,,,1024,0.80752
EleutherAI/pythia-160m,pretrained,role,mlp,12,1.0,768,48,100000,0.08057666896692654,0.05045726945953219,0.1186094202450675,0.9194233310330735,0.8813905797549325,0.9495427305404678,0.0635253212055536,0.041890559050626434,0.09668664156999791,-9.619757021685952e-05,-0.007040616565923707,0.0040269635841115176,0.15135252859772153,1.0,,,,1024,0.8824
EleutherAI/pythia-410m,pretrained,role,mlp,6,0.25,1024,48,100000,0.2866328723731477,0.2213859676916212,0.3464068953763789,0.7133671276268523,0.6535931046236211,0.7786140323083788,0.0034290980465126065,0.0011562271441479092,0.007248433615208246,-0.0006334083124333912,-0.02184411940465198,0.010101289540336103,0.29406382033135364,1.0,,,,1024,0.66792
EleutherAI/pythia-410m,pretrained,role,mlp,12,0.5,1024,48,100000,0.2089396700865081,0.1589375706737689,0.26584003876599444,0.791060329913492,0.7341599612340055,0.8410624293262311,0.0016220570412009794,0.0005378878782521751,0.005829321447808729,-0.00035869105048388065,-0.011797139664139306,0.005473488912125647,0.21122669680556055,1.0,,,,1024,0.69133
EleutherAI/pythia-410m,pretrained,role,mlp,18,0.75,1024,48,100000,0.15474937915338696,0.0972316831924987,0.21185350136784672,0.8452506208466131,0.7881464986321532,0.9027683168075014,0.0036429885741493502,0.0015975900972301355,0.011598313237242313,-0.00033713174222886963,-0.013179047706919066,0.006873582195988459,0.19228600192319034,1.0,,,,1024,0.70573
EleutherAI/pythia-410m,pretrained,role,mlp,24,1.0,1024,48,100000,0.1367743787358537,0.08709172463352019,0.1913041053925319,0.8632256212641463,0.808695894607468,0.9129082753664798,0.1073485269665628,0.07385991869707202,0.1541965986471242,-0.00011441019246581578,-0.008231677354044306,0.005814274403147289,0.15609288308292896,1.0,,,,1024,0.70537
EleutherAI/pythia-1.4b,pretrained,role,mlp,6,0.25,2048,48,100000,0.19434429837996717,0.15606466324111615,0.23312802556040396,0.8056557016200329,0.766871974439596,0.8439353367588839,0.004160558808633114,0.002041535394992094,0.014787447768173532,-0.0002959399042544793,-0.013290117088740378,0.007375118323933361,0.16345406291459244,1.0,,,,1024,0.6682
EleutherAI/pythia-1.4b,pretrained,role,mlp,12,0.5,2048,48,100000,0.22307554223515008,0.17948620935966603,0.26203818401217854,0.77692445776485,0.7379618159878214,0.8205137906403339,0.005835412280044785,0.002514781075959183,0.02199436163977494,-0.00032212648716313795,-0.008414241863940712,0.004862642088584812,0.1741118463142803,1.0,,,,1024,0.60936
EleutherAI/pythia-1.4b,pretrained,role,mlp,18,0.75,2048,48,100000,0.12005858430603486,0.07528461573914232,0.16400803871304703,0.8799414156939651,0.835991961286953,0.9247153842608576,0.008540546759137043,0.0037284242119359,0.030217861902039657,-0.00017123095544932981,-0.005999236316076981,0.0031325691993233217,0.14888863743118122,1.0,,,,1024,0.67969
EleutherAI/pythia-1.4b,pretrained,role,mlp,24,1.0,2048,48,100000,0.12684610086851128,0.08033375375503957,0.1779580650977417,0.8731538991314887,0.8220419349022583,0.9196662462449604,0.09818798894717357,0.06566453942142521,0.14242312153278128,-6.365236495748309e-05,-0.006814695842628781,0.005024569876054691,0.15419506592604873,1.0,,,,1024,0.68696
znhoughton/opt-babylm-125m-20eps-seed964,pretrained,role,mlp,3,0.25,768,48,100000,0.09317365604702005,0.015785912430500412,0.21970030518009154,0.90682634395298,0.7802996948199085,0.9842140875694996,0.023277057489545755,0.0022747672716583777,0.06598205113430808,-0.0002964796990387306,-0.04105566465031908,0.026353328826314092,0.36429256033263524,1.0,,,,1024,0.88277
znhoughton/opt-babylm-125m-20eps-seed964,pretrained,role,mlp,6,0.5,768,48,100000,0.33398154090807586,0.2469665197789985,0.4135046598599033,0.6660184590919241,0.5864953401400967,0.7530334802210015,0.07391987715371524,0.03688521819809589,0.12319859226927353,-0.0006924791316659656,-0.03309319411143004,0.020946093098111147,0.37528407847665785,1.0,,,,1024,0.79768
znhoughton/opt-babylm-125m-20eps-seed964,pretrained,role,mlp,9,0.75,768,48,100000,0.27139819786037717,0.20149162096999926,0.3314776267883307,0.7286018021396228,0.6685223732116693,0.7985083790300007,0.09268523940979126,0.05405347698525094,0.14335432215605817,-0.0006353100598880646,-0.026117001171041727,0.011690514051694112,0.3010233534003309,1.0,,,,1024,0.83151
znhoughton/opt-babylm-125m-20eps-seed964,pretrained,role,mlp,12,1.0,768,48,100000,0.17223062243851694,0.11754530176786458,0.2238464280722983,0.827769377561483,0.7761535719277017,0.8824546982321354,0.07093857509259985,0.04213961082009915,0.11260451708486077,-0.00036155166603934027,-0.02099060593130514,0.008106460107122397,0.19923941396663225,1.0,,,,1024,0.83034
znhoughton/opt-babylm-350m-20eps-seed964,pretrained,role,mlp,6,0.25,1024,48,100000,0.3678267635774582,0.27416446578442827,0.44808493914741265,0.6321732364225419,0.5519150608525873,0.7258355342155718,0.12178405867081009,0.05768205451856608,0.197390015556546,-0.000514495385254461,-0.030146971174344082,0.017686056712907457,0.3579402423660605,1.0,,,,1024,0.68559
znhoughton/opt-babylm-350m-20eps-seed964,pretrained,role,mlp,12,0.5,1024,48,100000,0.24407844752864555,0.1725009963055299,0.30349412161376293,0.7559215524713545,0.696505878386237,0.82749900369447,0.07046140968252682,0.035984238207446353,0.11276708535033186,-0.0004596982256674645,-0.02182435430477918,0.011090541786393163,0.2311267872791663,1.0,,,,1024,0.77665
znhoughton/opt-babylm-350m-20eps-seed964,pretrained,role,mlp,18,0.75,1024,48,100000,0.19067424609829384,0.12634273719652878,0.24654137040706917,0.8093257539017061,0.7534586295929309,0.8736572628034712,0.05852426754989854,0.03367736180744048,0.09204771617594071,-0.00030212428643583585,-0.01618066751391113,0.009993275870386873,0.1682592189639062,1.0,,,,1024,0.86122
znhoughton/opt-babylm-350m-20eps-seed964,pretrained,role,mlp,24,1.0,1024,48,100000,0.1289692368516122,0.07960180494170525,0.17574606172747143,0.8710307631483878,0.8242539382725286,0.9203981950582948,0.051902579136565465,0.029142126791615475,0.08655001003718521,-0.00011506150254490745,-0.013270750268398662,0.008317596865821194,0.12455069120837942,1.0,,,,1024,0.85788
znhoughton/opt-babylm-1.3B-20eps-seed964,pretrained,role,mlp,6,0.25,2048,48,100000,0.3093538815199823,0.2357239173810612,0.38039690594252507,0.6906461184800177,0.6196030940574749,0.7642760826189388,0.09489777249813325,0.04832108376178013,0.16403884649751665,-0.0005600682601448831,-0.02277347458024778,0.011433069569547826,0.305414555806915,1.0,,,,1024,0.64714
znhoughton/opt-babylm-1.3B-20eps-seed964,pretrained,role,mlp,12,0.5,2048,48,100000,0.22212174009031005,0.166219426693934,0.27687788083724824,0.77787825990969,0.7231221191627517,0.833780573306066,0.07613540801387757,0.04365600975336655,0.12236014860348701,-0.00036067342616787654,-0.015878958008067122,0.007359457818045003,0.22599377431181414,1.0,,,,1024,0.73623
znhoughton/opt-babylm-1.3B-20eps-seed964,pretrained,role,mlp,18,0.75,2048,48,100000,0.16395536950146397,0.11617898367722848,0.2102878839862252,0.8360446304985361,0.7897121160137748,0.8838210163227715,0.06328249287134771,0.03711525125567814,0.10058167523936047,-0.0002600052943622726,-0.013123489021919893,0.0061861517941752455,0.17198449748378553,1.0,,,,1024,0.81317
znhoughton/opt-babylm-1.3B-20eps-seed964,pretrained,role,mlp,24,1.0,2048,48,100000,0.11521863903504467,0.07704342690079695,0.15219982002766372,0.8847813609649553,0.8478001799723363,0.9229565730992031,0.04451505584456103,0.02586502573661936,0.07302440184759248,-0.00018622969505180696,-0.010855539156858482,0.005285362007521866,0.11335876314272987,1.0,,,,1024,0.87374
