model,family,size_bin,init,layer,level,d,n_points,n_over_d,n_pos,n_lemmas_used,k_class,frac
znhoughton/opt-babylm-125m-20eps-seed964,babylm,125m,pretrained,0,token,768,100003,130.2,17,550,5,0.055756414356634657
znhoughton/opt-babylm-125m-20eps-seed964,babylm,125m,pretrained,0,type,768,2122,2.8,17,1907,6,0.05209008807845622
znhoughton/opt-babylm-125m-20eps-seed964,babylm,125m,pretrained,1,token,768,100003,130.2,17,550,6,0.06006716995536167
znhoughton/opt-babylm-125m-20eps-seed964,babylm,125m,pretrained,1,type,768,2122,2.8,17,1907,6,0.0766512832976953
znhoughton/opt-babylm-125m-20eps-seed964,babylm,125m,pretrained,2,token,768,100003,130.2,17,550,7,0.07311242597620789
znhoughton/opt-babylm-125m-20eps-seed964,babylm,125m,pretrained,2,type,768,2122,2.8,17,1907,6,0.08298956952639668
znhoughton/opt-babylm-125m-20eps-seed964,babylm,125m,pretrained,3,token,768,100003,130.2,17,550,7,0.06834241062292461
znhoughton/opt-babylm-125m-20eps-seed964,babylm,125m,pretrained,3,type,768,2122,2.8,17,1907,6,0.08115996933975624
znhoughton/opt-babylm-125m-20eps-seed964,babylm,125m,pretrained,4,token,768,100003,130.2,17,550,7,0.0631526031954002
znhoughton/opt-babylm-125m-20eps-seed964,babylm,125m,pretrained,4,type,768,2122,2.8,17,1907,6,0.07758105708025266
znhoughton/opt-babylm-125m-20eps-seed964,babylm,125m,pretrained,5,token,768,100003,130.2,17,550,7,0.05702532731201371
znhoughton/opt-babylm-125m-20eps-seed964,babylm,125m,pretrained,5,type,768,2122,2.8,17,1907,6,0.07290953028323055
znhoughton/opt-babylm-125m-20eps-seed964,babylm,125m,pretrained,6,token,768,100003,130.2,17,550,7,0.049652515011343705
znhoughton/opt-babylm-125m-20eps-seed964,babylm,125m,pretrained,6,type,768,2122,2.8,17,1907,6,0.06327023247441281
znhoughton/opt-babylm-125m-20eps-seed964,babylm,125m,pretrained,7,token,768,100003,130.2,17,550,7,0.04597061617859205
znhoughton/opt-babylm-125m-20eps-seed964,babylm,125m,pretrained,7,type,768,2122,2.8,17,1907,6,0.05699974122961826
znhoughton/opt-babylm-125m-20eps-seed964,babylm,125m,pretrained,8,token,768,100003,130.2,17,550,7,0.045728037379038806
znhoughton/opt-babylm-125m-20eps-seed964,babylm,125m,pretrained,8,type,768,2122,2.8,17,1907,6,0.052337591715322734
znhoughton/opt-babylm-125m-20eps-seed964,babylm,125m,pretrained,9,token,768,100003,130.2,17,550,7,0.04913262022856686
znhoughton/opt-babylm-125m-20eps-seed964,babylm,125m,pretrained,9,type,768,2122,2.8,17,1907,6,0.05139140741261039
znhoughton/opt-babylm-125m-20eps-seed964,babylm,125m,pretrained,10,token,768,100003,130.2,17,550,7,0.056292238772690746
znhoughton/opt-babylm-125m-20eps-seed964,babylm,125m,pretrained,10,type,768,2122,2.8,17,1907,6,0.05298577973250932
znhoughton/opt-babylm-125m-20eps-seed964,babylm,125m,pretrained,11,token,768,100003,130.2,17,550,6,0.05787540787487818
znhoughton/opt-babylm-125m-20eps-seed964,babylm,125m,pretrained,11,type,768,2122,2.8,17,1907,6,0.05711920516380025
znhoughton/opt-babylm-125m-20eps-seed964,babylm,125m,pretrained,12,token,768,100003,130.2,17,550,6,0.0634876928684129
znhoughton/opt-babylm-125m-20eps-seed964,babylm,125m,pretrained,12,type,768,2122,2.8,17,1907,6,0.05799464981116746
znhoughton/opt-babylm-125m-20eps-seed964,babylm,125m,random,0,token,768,100003,130.2,17,550,6,0.03742336306538883
znhoughton/opt-babylm-125m-20eps-seed964,babylm,125m,random,0,type,768,2122,2.8,17,1907,8,0.02897868408921676
znhoughton/opt-babylm-125m-20eps-seed964,babylm,125m,random,1,token,768,100003,130.2,17,550,5,0.10577110325375334
znhoughton/opt-babylm-125m-20eps-seed964,babylm,125m,random,1,type,768,2122,2.8,17,1907,3,0.09840650967706922
znhoughton/opt-babylm-125m-20eps-seed964,babylm,125m,random,2,token,768,100003,130.2,17,550,5,0.11968925047678675
znhoughton/opt-babylm-125m-20eps-seed964,babylm,125m,random,2,type,768,2122,2.8,17,1907,3,0.10871194769323347
znhoughton/opt-babylm-125m-20eps-seed964,babylm,125m,random,3,token,768,100003,130.2,17,550,5,0.12481193404354005
znhoughton/opt-babylm-125m-20eps-seed964,babylm,125m,random,3,type,768,2122,2.8,17,1907,3,0.1131980823622881
znhoughton/opt-babylm-125m-20eps-seed964,babylm,125m,random,4,token,768,100003,130.2,17,550,4,0.12568829523375427
znhoughton/opt-babylm-125m-20eps-seed964,babylm,125m,random,4,type,768,2122,2.8,17,1907,3,0.12035036660616535
znhoughton/opt-babylm-125m-20eps-seed964,babylm,125m,random,5,token,768,100003,130.2,17,550,4,0.12731165692973556
znhoughton/opt-babylm-125m-20eps-seed964,babylm,125m,random,5,type,768,2122,2.8,17,1907,3,0.12142359749505321
znhoughton/opt-babylm-125m-20eps-seed964,babylm,125m,random,6,token,768,100003,130.2,17,550,4,0.13361839396011854
znhoughton/opt-babylm-125m-20eps-seed964,babylm,125m,random,6,type,768,2122,2.8,17,1907,3,0.12887728200262039
znhoughton/opt-babylm-125m-20eps-seed964,babylm,125m,random,7,token,768,100003,130.2,17,550,4,0.13692708873591505
znhoughton/opt-babylm-125m-20eps-seed964,babylm,125m,random,7,type,768,2122,2.8,17,1907,2,0.12047764780419908
znhoughton/opt-babylm-125m-20eps-seed964,babylm,125m,random,8,token,768,100003,130.2,17,550,4,0.13472301795536856
znhoughton/opt-babylm-125m-20eps-seed964,babylm,125m,random,8,type,768,2122,2.8,17,1907,3,0.1278531289334151
znhoughton/opt-babylm-125m-20eps-seed964,babylm,125m,random,9,token,768,100003,130.2,17,550,4,0.1371849471522807
znhoughton/opt-babylm-125m-20eps-seed964,babylm,125m,random,9,type,768,2122,2.8,17,1907,2,0.11824575057743489
znhoughton/opt-babylm-125m-20eps-seed964,babylm,125m,random,10,token,768,100003,130.2,17,550,4,0.13809723735165416
znhoughton/opt-babylm-125m-20eps-seed964,babylm,125m,random,10,type,768,2122,2.8,17,1907,2,0.1189287177854813
znhoughton/opt-babylm-125m-20eps-seed964,babylm,125m,random,11,token,768,100003,130.2,17,550,4,0.14009815634730788
znhoughton/opt-babylm-125m-20eps-seed964,babylm,125m,random,11,type,768,2122,2.8,17,1907,2,0.12092713221554703
znhoughton/opt-babylm-125m-20eps-seed964,babylm,125m,random,12,token,768,100003,130.2,17,550,4,0.14012460520076025
znhoughton/opt-babylm-125m-20eps-seed964,babylm,125m,random,12,type,768,2122,2.8,17,1907,2,0.12084424649551781
EleutherAI/pythia-160m,pythia,125m,pretrained,0,token,768,100003,130.2,17,550,6,0.023658913389834203
EleutherAI/pythia-160m,pythia,125m,pretrained,0,type,768,2122,2.8,17,1907,8,0.01897815388119388
EleutherAI/pythia-160m,pythia,125m,pretrained,1,token,768,100003,130.2,17,550,5,0.041929917433754675
EleutherAI/pythia-160m,pythia,125m,pretrained,1,type,768,2122,2.8,17,1907,6,0.033189902596989555
EleutherAI/pythia-160m,pythia,125m,pretrained,2,token,768,100003,130.2,17,550,7,0.09247685622135317
EleutherAI/pythia-160m,pythia,125m,pretrained,2,type,768,2122,2.8,17,1907,6,0.05071266116891648
EleutherAI/pythia-160m,pythia,125m,pretrained,3,token,768,100003,130.2,17,550,6,0.3137357216465731
EleutherAI/pythia-160m,pythia,125m,pretrained,3,type,768,2122,2.8,17,1907,4,0.290785218393734
EleutherAI/pythia-160m,pythia,125m,pretrained,4,token,768,100003,130.2,17,550,1,0.9028411883353823
EleutherAI/pythia-160m,pythia,125m,pretrained,4,type,768,2122,2.8,17,1907,1,0.9123852487498005
EleutherAI/pythia-160m,pythia,125m,pretrained,5,token,768,100003,130.2,17,550,1,0.9109974532200548
EleutherAI/pythia-160m,pythia,125m,pretrained,5,type,768,2122,2.8,17,1907,1,0.9197728088655508
EleutherAI/pythia-160m,pythia,125m,pretrained,6,token,768,100003,130.2,17,550,1,0.9080295182026956
EleutherAI/pythia-160m,pythia,125m,pretrained,6,type,768,2122,2.8,17,1907,1,0.9171774721652247
EleutherAI/pythia-160m,pythia,125m,pretrained,7,token,768,100003,130.2,17,550,1,0.9091352597583235
EleutherAI/pythia-160m,pythia,125m,pretrained,7,type,768,2122,2.8,17,1907,1,0.9174122722764545
EleutherAI/pythia-160m,pythia,125m,pretrained,8,token,768,100003,130.2,17,550,1,0.9031980960496088
EleutherAI/pythia-160m,pythia,125m,pretrained,8,type,768,2122,2.8,17,1907,1,0.9103602469550691
EleutherAI/pythia-160m,pythia,125m,pretrained,9,token,768,100003,130.2,17,550,1,0.8736729945298873
EleutherAI/pythia-160m,pythia,125m,pretrained,9,type,768,2122,2.8,17,1907,1,0.8858813008065621
EleutherAI/pythia-160m,pythia,125m,pretrained,10,token,768,100003,130.2,17,550,2,0.7955143029199365
EleutherAI/pythia-160m,pythia,125m,pretrained,10,type,768,2122,2.8,17,1907,1,0.811692726690559
EleutherAI/pythia-160m,pythia,125m,pretrained,11,token,768,100003,130.2,17,550,3,0.5231682735406995
EleutherAI/pythia-160m,pythia,125m,pretrained,11,type,768,2122,2.8,17,1907,3,0.546838115099036
EleutherAI/pythia-160m,pythia,125m,pretrained,12,token,768,100003,130.2,17,550,5,0.08484522516509714
EleutherAI/pythia-160m,pythia,125m,pretrained,12,type,768,2122,2.8,17,1907,5,0.06781116910185203
EleutherAI/pythia-160m,pythia,125m,random,0,token,768,100003,130.2,17,550,5,0.03170876430858804
EleutherAI/pythia-160m,pythia,125m,random,0,type,768,2122,2.8,17,1907,14,0.020704204044543113
EleutherAI/pythia-160m,pythia,125m,random,1,token,768,100003,130.2,17,550,5,0.037824116248287194
EleutherAI/pythia-160m,pythia,125m,random,1,type,768,2122,2.8,17,1907,14,0.03575873641628653
EleutherAI/pythia-160m,pythia,125m,random,2,token,768,100003,130.2,17,550,5,0.03976475863739462
EleutherAI/pythia-160m,pythia,125m,random,2,type,768,2122,2.8,17,1907,14,0.04485370206208614
EleutherAI/pythia-160m,pythia,125m,random,3,token,768,100003,130.2,17,550,6,0.047721839559163814
EleutherAI/pythia-160m,pythia,125m,random,3,type,768,2122,2.8,17,1907,14,0.05021404662467452
EleutherAI/pythia-160m,pythia,125m,random,4,token,768,100003,130.2,17,550,5,0.044285494735986114
EleutherAI/pythia-160m,pythia,125m,random,4,type,768,2122,2.8,17,1907,14,0.054723131904312015
EleutherAI/pythia-160m,pythia,125m,random,5,token,768,100003,130.2,17,550,6,0.05067579112104758
EleutherAI/pythia-160m,pythia,125m,random,5,type,768,2122,2.8,17,1907,13,0.054011258965076324
EleutherAI/pythia-160m,pythia,125m,random,6,token,768,100003,130.2,17,550,6,0.05114377807653988
EleutherAI/pythia-160m,pythia,125m,random,6,type,768,2122,2.8,17,1907,13,0.05678465733944146
EleutherAI/pythia-160m,pythia,125m,random,7,token,768,100003,130.2,17,550,6,0.051914453719055335
EleutherAI/pythia-160m,pythia,125m,random,7,type,768,2122,2.8,17,1907,13,0.059331381261297424
EleutherAI/pythia-160m,pythia,125m,random,8,token,768,100003,130.2,17,550,6,0.05301407087463003
EleutherAI/pythia-160m,pythia,125m,random,8,type,768,2122,2.8,17,1907,13,0.06112628611926753
EleutherAI/pythia-160m,pythia,125m,random,9,token,768,100003,130.2,17,550,6,0.05329871181002782
EleutherAI/pythia-160m,pythia,125m,random,9,type,768,2122,2.8,17,1907,13,0.06229999956167851
EleutherAI/pythia-160m,pythia,125m,random,10,token,768,100003,130.2,17,550,5,0.04898997792030683
EleutherAI/pythia-160m,pythia,125m,random,10,type,768,2122,2.8,17,1907,13,0.0636741109651966
EleutherAI/pythia-160m,pythia,125m,random,11,token,768,100003,130.2,17,550,6,0.05461318759221312
EleutherAI/pythia-160m,pythia,125m,random,11,type,768,2122,2.8,17,1907,13,0.06468317993782897
EleutherAI/pythia-160m,pythia,125m,random,12,token,768,100003,130.2,17,550,5,0.05040895826709018
EleutherAI/pythia-160m,pythia,125m,random,12,type,768,2122,2.8,17,1907,13,0.06597583224856565
znhoughton/opt-babylm-350m-20eps-seed964,babylm,350m,pretrained,0,token,1024,100003,97.7,17,550,5,0.04865701233671183
znhoughton/opt-babylm-350m-20eps-seed964,babylm,350m,pretrained,0,type,1024,2122,2.1,17,1907,6,0.04168536989515523
znhoughton/opt-babylm-350m-20eps-seed964,babylm,350m,pretrained,1,token,1024,100003,97.7,17,550,6,0.05872616031608525
znhoughton/opt-babylm-350m-20eps-seed964,babylm,350m,pretrained,1,type,1024,2122,2.1,17,1907,6,0.05674219345784106
znhoughton/opt-babylm-350m-20eps-seed964,babylm,350m,pretrained,2,token,1024,100003,97.7,17,550,6,0.06937110388748553
znhoughton/opt-babylm-350m-20eps-seed964,babylm,350m,pretrained,2,type,1024,2122,2.1,17,1907,6,0.07335577009052993
znhoughton/opt-babylm-350m-20eps-seed964,babylm,350m,pretrained,3,token,1024,100003,97.7,17,550,6,0.07702705367425187
znhoughton/opt-babylm-350m-20eps-seed964,babylm,350m,pretrained,3,type,1024,2122,2.1,17,1907,6,0.08316212226225883
znhoughton/opt-babylm-350m-20eps-seed964,babylm,350m,pretrained,4,token,1024,100003,97.7,17,550,6,0.08242924211636612
znhoughton/opt-babylm-350m-20eps-seed964,babylm,350m,pretrained,4,type,1024,2122,2.1,17,1907,6,0.08840107567165756
znhoughton/opt-babylm-350m-20eps-seed964,babylm,350m,pretrained,5,token,1024,100003,97.7,17,550,6,0.08677895805144639
znhoughton/opt-babylm-350m-20eps-seed964,babylm,350m,pretrained,5,type,1024,2122,2.1,17,1907,6,0.0921690117301759
znhoughton/opt-babylm-350m-20eps-seed964,babylm,350m,pretrained,6,token,1024,100003,97.7,17,550,6,0.08986117682606869
znhoughton/opt-babylm-350m-20eps-seed964,babylm,350m,pretrained,6,type,1024,2122,2.1,17,1907,6,0.0947731527045376
znhoughton/opt-babylm-350m-20eps-seed964,babylm,350m,pretrained,7,token,1024,100003,97.7,17,550,6,0.09047559926768381
znhoughton/opt-babylm-350m-20eps-seed964,babylm,350m,pretrained,7,type,1024,2122,2.1,17,1907,6,0.09618096273605457
znhoughton/opt-babylm-350m-20eps-seed964,babylm,350m,pretrained,8,token,1024,100003,97.7,17,550,6,0.08996438927162352
znhoughton/opt-babylm-350m-20eps-seed964,babylm,350m,pretrained,8,type,1024,2122,2.1,17,1907,6,0.09686812466634064
znhoughton/opt-babylm-350m-20eps-seed964,babylm,350m,pretrained,9,token,1024,100003,97.7,17,550,6,0.08975707251264013
znhoughton/opt-babylm-350m-20eps-seed964,babylm,350m,pretrained,9,type,1024,2122,2.1,17,1907,6,0.09608462194113764
znhoughton/opt-babylm-350m-20eps-seed964,babylm,350m,pretrained,10,token,1024,100003,97.7,17,550,6,0.08938580189967371
znhoughton/opt-babylm-350m-20eps-seed964,babylm,350m,pretrained,10,type,1024,2122,2.1,17,1907,6,0.09554787972298552
znhoughton/opt-babylm-350m-20eps-seed964,babylm,350m,pretrained,11,token,1024,100003,97.7,17,550,6,0.08808414490717333
znhoughton/opt-babylm-350m-20eps-seed964,babylm,350m,pretrained,11,type,1024,2122,2.1,17,1907,6,0.09558144510703824
znhoughton/opt-babylm-350m-20eps-seed964,babylm,350m,pretrained,12,token,1024,100003,97.7,17,550,7,0.09475898636210167
znhoughton/opt-babylm-350m-20eps-seed964,babylm,350m,pretrained,12,type,1024,2122,2.1,17,1907,6,0.0924480148635195
znhoughton/opt-babylm-350m-20eps-seed964,babylm,350m,pretrained,13,token,1024,100003,97.7,17,550,7,0.0919920266803837
znhoughton/opt-babylm-350m-20eps-seed964,babylm,350m,pretrained,13,type,1024,2122,2.1,17,1907,6,0.09159056807111034
znhoughton/opt-babylm-350m-20eps-seed964,babylm,350m,pretrained,14,token,1024,100003,97.7,17,550,7,0.08820599823493486
znhoughton/opt-babylm-350m-20eps-seed964,babylm,350m,pretrained,14,type,1024,2122,2.1,17,1907,6,0.09025147029546123
znhoughton/opt-babylm-350m-20eps-seed964,babylm,350m,pretrained,15,token,1024,100003,97.7,17,550,7,0.08533773383376596
znhoughton/opt-babylm-350m-20eps-seed964,babylm,350m,pretrained,15,type,1024,2122,2.1,17,1907,6,0.0899923947563689
znhoughton/opt-babylm-350m-20eps-seed964,babylm,350m,pretrained,16,token,1024,100003,97.7,17,550,7,0.0825432529346446
znhoughton/opt-babylm-350m-20eps-seed964,babylm,350m,pretrained,16,type,1024,2122,2.1,17,1907,6,0.09072518733696978
znhoughton/opt-babylm-350m-20eps-seed964,babylm,350m,pretrained,17,token,1024,100003,97.7,17,550,7,0.07873089322305384
znhoughton/opt-babylm-350m-20eps-seed964,babylm,350m,pretrained,17,type,1024,2122,2.1,17,1907,6,0.0906738276117722
znhoughton/opt-babylm-350m-20eps-seed964,babylm,350m,pretrained,18,token,1024,100003,97.7,17,550,7,0.07398815352890756
znhoughton/opt-babylm-350m-20eps-seed964,babylm,350m,pretrained,18,type,1024,2122,2.1,17,1907,6,0.08920277542217328
znhoughton/opt-babylm-350m-20eps-seed964,babylm,350m,pretrained,19,token,1024,100003,97.7,17,550,7,0.06933522509897387
znhoughton/opt-babylm-350m-20eps-seed964,babylm,350m,pretrained,19,type,1024,2122,2.1,17,1907,6,0.08661078611512588
znhoughton/opt-babylm-350m-20eps-seed964,babylm,350m,pretrained,20,token,1024,100003,97.7,17,550,7,0.06481093483689891
znhoughton/opt-babylm-350m-20eps-seed964,babylm,350m,pretrained,20,type,1024,2122,2.1,17,1907,6,0.08095262227631601
znhoughton/opt-babylm-350m-20eps-seed964,babylm,350m,pretrained,21,token,1024,100003,97.7,17,550,7,0.0551397818712141
znhoughton/opt-babylm-350m-20eps-seed964,babylm,350m,pretrained,21,type,1024,2122,2.1,17,1907,6,0.06706919795188182
znhoughton/opt-babylm-350m-20eps-seed964,babylm,350m,pretrained,22,token,1024,100003,97.7,17,550,7,0.05253730525137495
znhoughton/opt-babylm-350m-20eps-seed964,babylm,350m,pretrained,22,type,1024,2122,2.1,17,1907,6,0.059539615568360196
znhoughton/opt-babylm-350m-20eps-seed964,babylm,350m,pretrained,23,token,1024,100003,97.7,17,550,7,0.06106126481092369
znhoughton/opt-babylm-350m-20eps-seed964,babylm,350m,pretrained,23,type,1024,2122,2.1,17,1907,6,0.06054720969047363
znhoughton/opt-babylm-350m-20eps-seed964,babylm,350m,pretrained,24,token,1024,100003,97.7,17,550,6,0.0660871362051423
znhoughton/opt-babylm-350m-20eps-seed964,babylm,350m,pretrained,24,type,1024,2122,2.1,17,1907,6,0.06366734844162672
znhoughton/opt-babylm-350m-20eps-seed964,babylm,350m,random,0,token,1024,100003,97.7,17,550,6,0.034034616228705315
znhoughton/opt-babylm-350m-20eps-seed964,babylm,350m,random,0,type,1024,2122,2.1,17,1907,8,0.025987651388666187
znhoughton/opt-babylm-350m-20eps-seed964,babylm,350m,random,1,token,1024,100003,97.7,17,550,6,0.03581580782871255
znhoughton/opt-babylm-350m-20eps-seed964,babylm,350m,random,1,type,1024,2122,2.1,17,1907,8,0.02748447980257697
znhoughton/opt-babylm-350m-20eps-seed964,babylm,350m,random,2,token,1024,100003,97.7,17,550,6,0.03734839566290149
znhoughton/opt-babylm-350m-20eps-seed964,babylm,350m,random,2,type,1024,2122,2.1,17,1907,8,0.02965690745760006
znhoughton/opt-babylm-350m-20eps-seed964,babylm,350m,random,3,token,1024,100003,97.7,17,550,6,0.038742656955868815
znhoughton/opt-babylm-350m-20eps-seed964,babylm,350m,random,3,type,1024,2122,2.1,17,1907,7,0.030527702167581865
znhoughton/opt-babylm-350m-20eps-seed964,babylm,350m,random,4,token,1024,100003,97.7,17,550,6,0.04083952102636411
znhoughton/opt-babylm-350m-20eps-seed964,babylm,350m,random,4,type,1024,2122,2.1,17,1907,7,0.03304660187172513
znhoughton/opt-babylm-350m-20eps-seed964,babylm,350m,random,5,token,1024,100003,97.7,17,550,6,0.04290316586400691
znhoughton/opt-babylm-350m-20eps-seed964,babylm,350m,random,5,type,1024,2122,2.1,17,1907,7,0.035646796570592214
znhoughton/opt-babylm-350m-20eps-seed964,babylm,350m,random,6,token,1024,100003,97.7,17,550,6,0.04555510555823751
znhoughton/opt-babylm-350m-20eps-seed964,babylm,350m,random,6,type,1024,2122,2.1,17,1907,6,0.035206948444987396
znhoughton/opt-babylm-350m-20eps-seed964,babylm,350m,random,7,token,1024,100003,97.7,17,550,6,0.048228290073327705
znhoughton/opt-babylm-350m-20eps-seed964,babylm,350m,random,7,type,1024,2122,2.1,17,1907,6,0.03769861343698023
znhoughton/opt-babylm-350m-20eps-seed964,babylm,350m,random,8,token,1024,100003,97.7,17,550,6,0.0493085423523114
znhoughton/opt-babylm-350m-20eps-seed964,babylm,350m,random,8,type,1024,2122,2.1,17,1907,6,0.04053697446709727
znhoughton/opt-babylm-350m-20eps-seed964,babylm,350m,random,9,token,1024,100003,97.7,17,550,6,0.05208519303252839
znhoughton/opt-babylm-350m-20eps-seed964,babylm,350m,random,9,type,1024,2122,2.1,17,1907,6,0.043949104004188215
znhoughton/opt-babylm-350m-20eps-seed964,babylm,350m,random,10,token,1024,100003,97.7,17,550,6,0.054677410897103686
znhoughton/opt-babylm-350m-20eps-seed964,babylm,350m,random,10,type,1024,2122,2.1,17,1907,5,0.04330506673896261
znhoughton/opt-babylm-350m-20eps-seed964,babylm,350m,random,11,token,1024,100003,97.7,17,550,6,0.05820394018245674
znhoughton/opt-babylm-350m-20eps-seed964,babylm,350m,random,11,type,1024,2122,2.1,17,1907,5,0.04727740394620649
znhoughton/opt-babylm-350m-20eps-seed964,babylm,350m,random,12,token,1024,100003,97.7,17,550,5,0.05607512953824588
znhoughton/opt-babylm-350m-20eps-seed964,babylm,350m,random,12,type,1024,2122,2.1,17,1907,5,0.050201283728908454
znhoughton/opt-babylm-350m-20eps-seed964,babylm,350m,random,13,token,1024,100003,97.7,17,550,5,0.059626911856267555
znhoughton/opt-babylm-350m-20eps-seed964,babylm,350m,random,13,type,1024,2122,2.1,17,1907,4,0.049754375309750846
znhoughton/opt-babylm-350m-20eps-seed964,babylm,350m,random,14,token,1024,100003,97.7,17,550,5,0.06530405441999043
znhoughton/opt-babylm-350m-20eps-seed964,babylm,350m,random,14,type,1024,2122,2.1,17,1907,4,0.057292511121419726
znhoughton/opt-babylm-350m-20eps-seed964,babylm,350m,random,15,token,1024,100003,97.7,17,550,5,0.07136686846596867
znhoughton/opt-babylm-350m-20eps-seed964,babylm,350m,random,15,type,1024,2122,2.1,17,1907,4,0.06462354892270977
znhoughton/opt-babylm-350m-20eps-seed964,babylm,350m,random,16,token,1024,100003,97.7,17,550,5,0.07701438050619969
znhoughton/opt-babylm-350m-20eps-seed964,babylm,350m,random,16,type,1024,2122,2.1,17,1907,3,0.06733528939826464
znhoughton/opt-babylm-350m-20eps-seed964,babylm,350m,random,17,token,1024,100003,97.7,17,550,5,0.08211352899735222
znhoughton/opt-babylm-350m-20eps-seed964,babylm,350m,random,17,type,1024,2122,2.1,17,1907,3,0.07242195289916808
znhoughton/opt-babylm-350m-20eps-seed964,babylm,350m,random,18,token,1024,100003,97.7,17,550,5,0.09081815927784946
znhoughton/opt-babylm-350m-20eps-seed964,babylm,350m,random,18,type,1024,2122,2.1,17,1907,3,0.0787716255706065
znhoughton/opt-babylm-350m-20eps-seed964,babylm,350m,random,19,token,1024,100003,97.7,17,550,5,0.10054353570013892
znhoughton/opt-babylm-350m-20eps-seed964,babylm,350m,random,19,type,1024,2122,2.1,17,1907,3,0.092393825830818
znhoughton/opt-babylm-350m-20eps-seed964,babylm,350m,random,20,token,1024,100003,97.7,17,550,5,0.10886525362938584
znhoughton/opt-babylm-350m-20eps-seed964,babylm,350m,random,20,type,1024,2122,2.1,17,1907,2,0.09460678752956966
znhoughton/opt-babylm-350m-20eps-seed964,babylm,350m,random,21,token,1024,100003,97.7,17,550,5,0.11447175697478844
znhoughton/opt-babylm-350m-20eps-seed964,babylm,350m,random,21,type,1024,2122,2.1,17,1907,2,0.10234512102184223
znhoughton/opt-babylm-350m-20eps-seed964,babylm,350m,random,22,token,1024,100003,97.7,17,550,5,0.12094870623057194
znhoughton/opt-babylm-350m-20eps-seed964,babylm,350m,random,22,type,1024,2122,2.1,17,1907,2,0.10977162552729797
znhoughton/opt-babylm-350m-20eps-seed964,babylm,350m,random,23,token,1024,100003,97.7,17,550,5,0.12853988558658277
znhoughton/opt-babylm-350m-20eps-seed964,babylm,350m,random,23,type,1024,2122,2.1,17,1907,2,0.11894520741594207
znhoughton/opt-babylm-350m-20eps-seed964,babylm,350m,random,24,token,1024,100003,97.7,17,550,5,0.13768978712093558
znhoughton/opt-babylm-350m-20eps-seed964,babylm,350m,random,24,type,1024,2122,2.1,17,1907,2,0.12964755265939143
EleutherAI/pythia-410m,pythia,350m,pretrained,0,token,1024,100003,97.7,17,550,6,0.022609522019008305
EleutherAI/pythia-410m,pythia,350m,pretrained,0,type,1024,2122,2.1,17,1907,8,0.017452203224939372
EleutherAI/pythia-410m,pythia,350m,pretrained,1,token,1024,100003,97.7,17,550,5,0.04156932383425439
EleutherAI/pythia-410m,pythia,350m,pretrained,1,type,1024,2122,2.1,17,1907,7,0.03244483156862472
EleutherAI/pythia-410m,pythia,350m,pretrained,2,token,1024,100003,97.7,17,550,4,0.04635186704533478
EleutherAI/pythia-410m,pythia,350m,pretrained,2,type,1024,2122,2.1,17,1907,7,0.04153658159727536
EleutherAI/pythia-410m,pythia,350m,pretrained,3,token,1024,100003,97.7,17,550,4,0.055795709287179245
EleutherAI/pythia-410m,pythia,350m,pretrained,3,type,1024,2122,2.1,17,1907,7,0.05598461275894903
EleutherAI/pythia-410m,pythia,350m,pretrained,4,token,1024,100003,97.7,17,550,5,0.04375362568189193
EleutherAI/pythia-410m,pythia,350m,pretrained,4,type,1024,2122,2.1,17,1907,7,0.07075622827906032
EleutherAI/pythia-410m,pythia,350m,pretrained,5,token,1024,100003,97.7,17,550,7,0.04738203314430061
EleutherAI/pythia-410m,pythia,350m,pretrained,5,type,1024,2122,2.1,17,1907,6,0.07368565753879482
EleutherAI/pythia-410m,pythia,350m,pretrained,6,token,1024,100003,97.7,17,550,1,0.9218596102345546
EleutherAI/pythia-410m,pythia,350m,pretrained,6,type,1024,2122,2.1,17,1907,1,0.9363910884651374
EleutherAI/pythia-410m,pythia,350m,pretrained,7,token,1024,100003,97.7,17,550,1,0.968549987070836
EleutherAI/pythia-410m,pythia,350m,pretrained,7,type,1024,2122,2.1,17,1907,1,0.9746348777876043
EleutherAI/pythia-410m,pythia,350m,pretrained,8,token,1024,100003,97.7,17,550,1,0.9770010279814908
EleutherAI/pythia-410m,pythia,350m,pretrained,8,type,1024,2122,2.1,17,1907,1,0.9812634440673585
EleutherAI/pythia-410m,pythia,350m,pretrained,9,token,1024,100003,97.7,17,550,1,0.9797459011006302
EleutherAI/pythia-410m,pythia,350m,pretrained,9,type,1024,2122,2.1,17,1907,1,0.9833449151603767
EleutherAI/pythia-410m,pythia,350m,pretrained,10,token,1024,100003,97.7,17,550,1,0.9801909338299637
EleutherAI/pythia-410m,pythia,350m,pretrained,10,type,1024,2122,2.1,17,1907,1,0.9836205815569188
EleutherAI/pythia-410m,pythia,350m,pretrained,11,token,1024,100003,97.7,17,550,1,0.9805657559246744
EleutherAI/pythia-410m,pythia,350m,pretrained,11,type,1024,2122,2.1,17,1907,1,0.9837464411184407
EleutherAI/pythia-410m,pythia,350m,pretrained,12,token,1024,100003,97.7,17,550,1,0.9822504707240145
EleutherAI/pythia-410m,pythia,350m,pretrained,12,type,1024,2122,2.1,17,1907,1,0.985269924593182
EleutherAI/pythia-410m,pythia,350m,pretrained,13,token,1024,100003,97.7,17,550,1,0.9821861011287851
EleutherAI/pythia-410m,pythia,350m,pretrained,13,type,1024,2122,2.1,17,1907,1,0.9850542118988013
EleutherAI/pythia-410m,pythia,350m,pretrained,14,token,1024,100003,97.7,17,550,1,0.9810552965577584
EleutherAI/pythia-410m,pythia,350m,pretrained,14,type,1024,2122,2.1,17,1907,1,0.984221006090968
EleutherAI/pythia-410m,pythia,350m,pretrained,15,token,1024,100003,97.7,17,550,1,0.980865773275769
EleutherAI/pythia-410m,pythia,350m,pretrained,15,type,1024,2122,2.1,17,1907,1,0.9841494780040037
EleutherAI/pythia-410m,pythia,350m,pretrained,16,token,1024,100003,97.7,17,550,1,0.9792219864102567
EleutherAI/pythia-410m,pythia,350m,pretrained,16,type,1024,2122,2.1,17,1907,1,0.983129395521295
EleutherAI/pythia-410m,pythia,350m,pretrained,17,token,1024,100003,97.7,17,550,1,0.976998467920786
EleutherAI/pythia-410m,pythia,350m,pretrained,17,type,1024,2122,2.1,17,1907,1,0.9812551184650034
EleutherAI/pythia-410m,pythia,350m,pretrained,18,token,1024,100003,97.7,17,550,1,0.9740947865222801
EleutherAI/pythia-410m,pythia,350m,pretrained,18,type,1024,2122,2.1,17,1907,1,0.9789005427407028
EleutherAI/pythia-410m,pythia,350m,pretrained,19,token,1024,100003,97.7,17,550,1,0.9698753080518369
EleutherAI/pythia-410m,pythia,350m,pretrained,19,type,1024,2122,2.1,17,1907,1,0.9756876742939598
EleutherAI/pythia-410m,pythia,350m,pretrained,20,token,1024,100003,97.7,17,550,1,0.9626386897757334
EleutherAI/pythia-410m,pythia,350m,pretrained,20,type,1024,2122,2.1,17,1907,1,0.9695195916312251
EleutherAI/pythia-410m,pythia,350m,pretrained,21,token,1024,100003,97.7,17,550,1,0.9558903319489647
EleutherAI/pythia-410m,pythia,350m,pretrained,21,type,1024,2122,2.1,17,1907,1,0.9642747410632336
EleutherAI/pythia-410m,pythia,350m,pretrained,22,token,1024,100003,97.7,17,550,1,0.9439316233428073
EleutherAI/pythia-410m,pythia,350m,pretrained,22,type,1024,2122,2.1,17,1907,1,0.9540866204943265
EleutherAI/pythia-410m,pythia,350m,pretrained,23,token,1024,100003,97.7,17,550,1,0.7874750105476485
EleutherAI/pythia-410m,pythia,350m,pretrained,23,type,1024,2122,2.1,17,1907,1,0.8240562861333491
EleutherAI/pythia-410m,pythia,350m,pretrained,24,token,1024,100003,97.7,17,550,3,0.12730578832498837
EleutherAI/pythia-410m,pythia,350m,pretrained,24,type,1024,2122,2.1,17,1907,5,0.12514998164977198
EleutherAI/pythia-410m,pythia,350m,random,0,token,1024,100003,97.7,17,550,6,0.03422842052145721
EleutherAI/pythia-410m,pythia,350m,random,0,type,1024,2122,2.1,17,1907,14,0.01613740566985354
EleutherAI/pythia-410m,pythia,350m,random,1,token,1024,100003,97.7,17,550,5,0.03617854746632164
EleutherAI/pythia-410m,pythia,350m,random,1,type,1024,2122,2.1,17,1907,14,0.026552272264087774
EleutherAI/pythia-410m,pythia,350m,random,2,token,1024,100003,97.7,17,550,6,0.04299844569063706
EleutherAI/pythia-410m,pythia,350m,random,2,type,1024,2122,2.1,17,1907,14,0.03279039450527553
EleutherAI/pythia-410m,pythia,350m,random,3,token,1024,100003,97.7,17,550,6,0.045796817789194345
EleutherAI/pythia-410m,pythia,350m,random,3,type,1024,2122,2.1,17,1907,14,0.03699600813541604
EleutherAI/pythia-410m,pythia,350m,random,4,token,1024,100003,97.7,17,550,5,0.0417653025248077
EleutherAI/pythia-410m,pythia,350m,random,4,type,1024,2122,2.1,17,1907,14,0.039925250396268944
EleutherAI/pythia-410m,pythia,350m,random,5,token,1024,100003,97.7,17,550,5,0.042636974985935196
EleutherAI/pythia-410m,pythia,350m,random,5,type,1024,2122,2.1,17,1907,14,0.04189758912906678
EleutherAI/pythia-410m,pythia,350m,random,6,token,1024,100003,97.7,17,550,5,0.0431256322361263
EleutherAI/pythia-410m,pythia,350m,random,6,type,1024,2122,2.1,17,1907,14,0.04342256040746265
EleutherAI/pythia-410m,pythia,350m,random,7,token,1024,100003,97.7,17,550,5,0.04393289425960688
EleutherAI/pythia-410m,pythia,350m,random,7,type,1024,2122,2.1,17,1907,13,0.04233751358913697
EleutherAI/pythia-410m,pythia,350m,random,8,token,1024,100003,97.7,17,550,5,0.044910328197680774
EleutherAI/pythia-410m,pythia,350m,random,8,type,1024,2122,2.1,17,1907,13,0.04384669483378306
EleutherAI/pythia-410m,pythia,350m,random,9,token,1024,100003,97.7,17,550,5,0.04523557276762947
EleutherAI/pythia-410m,pythia,350m,random,9,type,1024,2122,2.1,17,1907,13,0.044729442720629474
EleutherAI/pythia-410m,pythia,350m,random,10,token,1024,100003,97.7,17,550,5,0.04521607904377028
EleutherAI/pythia-410m,pythia,350m,random,10,type,1024,2122,2.1,17,1907,13,0.04568391518690641
EleutherAI/pythia-410m,pythia,350m,random,11,token,1024,100003,97.7,17,550,5,0.0450687772866604
EleutherAI/pythia-410m,pythia,350m,random,11,type,1024,2122,2.1,17,1907,13,0.04699361991740033
EleutherAI/pythia-410m,pythia,350m,random,12,token,1024,100003,97.7,17,550,5,0.04508192504770658
EleutherAI/pythia-410m,pythia,350m,random,12,type,1024,2122,2.1,17,1907,13,0.04806782043076229
EleutherAI/pythia-410m,pythia,350m,random,13,token,1024,100003,97.7,17,550,5,0.04542301088547086
EleutherAI/pythia-410m,pythia,350m,random,13,type,1024,2122,2.1,17,1907,13,0.049013880409112046
EleutherAI/pythia-410m,pythia,350m,random,14,token,1024,100003,97.7,17,550,5,0.04561895017598546
EleutherAI/pythia-410m,pythia,350m,random,14,type,1024,2122,2.1,17,1907,13,0.05004070838500965
EleutherAI/pythia-410m,pythia,350m,random,15,token,1024,100003,97.7,17,550,5,0.04558253624760616
EleutherAI/pythia-410m,pythia,350m,random,15,type,1024,2122,2.1,17,1907,13,0.05062948690733948
EleutherAI/pythia-410m,pythia,350m,random,16,token,1024,100003,97.7,17,550,5,0.04670660918263479
EleutherAI/pythia-410m,pythia,350m,random,16,type,1024,2122,2.1,17,1907,13,0.051237771368113284
EleutherAI/pythia-410m,pythia,350m,random,17,token,1024,100003,97.7,17,550,5,0.046765478883207416
EleutherAI/pythia-410m,pythia,350m,random,17,type,1024,2122,2.1,17,1907,12,0.048149193226611875
EleutherAI/pythia-410m,pythia,350m,random,18,token,1024,100003,97.7,17,550,5,0.04695842465121897
EleutherAI/pythia-410m,pythia,350m,random,18,type,1024,2122,2.1,17,1907,12,0.048592612797951795
EleutherAI/pythia-410m,pythia,350m,random,19,token,1024,100003,97.7,17,550,5,0.04725355503525169
EleutherAI/pythia-410m,pythia,350m,random,19,type,1024,2122,2.1,17,1907,12,0.04882856483210338
EleutherAI/pythia-410m,pythia,350m,random,20,token,1024,100003,97.7,17,550,5,0.04745564890446712
EleutherAI/pythia-410m,pythia,350m,random,20,type,1024,2122,2.1,17,1907,12,0.049875480483147536
EleutherAI/pythia-410m,pythia,350m,random,21,token,1024,100003,97.7,17,550,5,0.04758558513782789
EleutherAI/pythia-410m,pythia,350m,random,21,type,1024,2122,2.1,17,1907,12,0.05038608240708955
EleutherAI/pythia-410m,pythia,350m,random,22,token,1024,100003,97.7,17,550,5,0.047380375840340015
EleutherAI/pythia-410m,pythia,350m,random,22,type,1024,2122,2.1,17,1907,12,0.05059070402302105
EleutherAI/pythia-410m,pythia,350m,random,23,token,1024,100003,97.7,17,550,5,0.047467251185608975
EleutherAI/pythia-410m,pythia,350m,random,23,type,1024,2122,2.1,17,1907,12,0.050784020158490616
EleutherAI/pythia-410m,pythia,350m,random,24,token,1024,100003,97.7,17,550,5,0.04751620155267104
EleutherAI/pythia-410m,pythia,350m,random,24,type,1024,2122,2.1,17,1907,12,0.05163052204639449
znhoughton/opt-babylm-1.3B-20eps-seed964,babylm,1.3b,pretrained,0,token,2048,100003,48.8,17,550,6,0.03829009756592464
znhoughton/opt-babylm-1.3B-20eps-seed964,babylm,1.3b,pretrained,0,type,2048,2122,1.0,17,1907,7,0.037439717141292815
znhoughton/opt-babylm-1.3B-20eps-seed964,babylm,1.3b,pretrained,1,token,2048,100003,48.8,17,550,5,0.07316159067980951
znhoughton/opt-babylm-1.3B-20eps-seed964,babylm,1.3b,pretrained,1,type,2048,2122,1.0,17,1907,6,0.10573919120663543
znhoughton/opt-babylm-1.3B-20eps-seed964,babylm,1.3b,pretrained,2,token,2048,100003,48.8,17,550,5,0.06227996037837097
znhoughton/opt-babylm-1.3B-20eps-seed964,babylm,1.3b,pretrained,2,type,2048,2122,1.0,17,1907,6,0.09810287342420998
znhoughton/opt-babylm-1.3B-20eps-seed964,babylm,1.3b,pretrained,3,token,2048,100003,48.8,17,550,6,0.05875820769247417
znhoughton/opt-babylm-1.3B-20eps-seed964,babylm,1.3b,pretrained,3,type,2048,2122,1.0,17,1907,7,0.0982024103887175
znhoughton/opt-babylm-1.3B-20eps-seed964,babylm,1.3b,pretrained,4,token,2048,100003,48.8,17,550,6,0.04908620362715412
znhoughton/opt-babylm-1.3B-20eps-seed964,babylm,1.3b,pretrained,4,type,2048,2122,1.0,17,1907,7,0.07878854444236814
znhoughton/opt-babylm-1.3B-20eps-seed964,babylm,1.3b,pretrained,5,token,2048,100003,48.8,17,550,5,0.038445508425737414
znhoughton/opt-babylm-1.3B-20eps-seed964,babylm,1.3b,pretrained,5,type,2048,2122,1.0,17,1907,7,0.07050228884081766
znhoughton/opt-babylm-1.3B-20eps-seed964,babylm,1.3b,pretrained,6,token,2048,100003,48.8,17,550,5,0.03606226085630148
znhoughton/opt-babylm-1.3B-20eps-seed964,babylm,1.3b,pretrained,6,type,2048,2122,1.0,17,1907,7,0.06541684888513712
znhoughton/opt-babylm-1.3B-20eps-seed964,babylm,1.3b,pretrained,7,token,2048,100003,48.8,17,550,5,0.03382222228072983
znhoughton/opt-babylm-1.3B-20eps-seed964,babylm,1.3b,pretrained,7,type,2048,2122,1.0,17,1907,7,0.06120944477963798
znhoughton/opt-babylm-1.3B-20eps-seed964,babylm,1.3b,pretrained,8,token,2048,100003,48.8,17,550,5,0.03269094148417884
znhoughton/opt-babylm-1.3B-20eps-seed964,babylm,1.3b,pretrained,8,type,2048,2122,1.0,17,1907,7,0.05805914707980512
znhoughton/opt-babylm-1.3B-20eps-seed964,babylm,1.3b,pretrained,9,token,2048,100003,48.8,17,550,5,0.03203224213428195
znhoughton/opt-babylm-1.3B-20eps-seed964,babylm,1.3b,pretrained,9,type,2048,2122,1.0,17,1907,7,0.0553737820849265
znhoughton/opt-babylm-1.3B-20eps-seed964,babylm,1.3b,pretrained,10,token,2048,100003,48.8,17,550,5,0.03140155911280263
znhoughton/opt-babylm-1.3B-20eps-seed964,babylm,1.3b,pretrained,10,type,2048,2122,1.0,17,1907,7,0.05229554584885079
znhoughton/opt-babylm-1.3B-20eps-seed964,babylm,1.3b,pretrained,11,token,2048,100003,48.8,17,550,5,0.030793143023874855
znhoughton/opt-babylm-1.3B-20eps-seed964,babylm,1.3b,pretrained,11,type,2048,2122,1.0,17,1907,7,0.049916958719061204
znhoughton/opt-babylm-1.3B-20eps-seed964,babylm,1.3b,pretrained,12,token,2048,100003,48.8,17,550,5,0.03028365622471504
znhoughton/opt-babylm-1.3B-20eps-seed964,babylm,1.3b,pretrained,12,type,2048,2122,1.0,17,1907,7,0.047972060920385855
znhoughton/opt-babylm-1.3B-20eps-seed964,babylm,1.3b,pretrained,13,token,2048,100003,48.8,17,550,5,0.029922384433393387
znhoughton/opt-babylm-1.3B-20eps-seed964,babylm,1.3b,pretrained,13,type,2048,2122,1.0,17,1907,7,0.04614147809683432
znhoughton/opt-babylm-1.3B-20eps-seed964,babylm,1.3b,pretrained,14,token,2048,100003,48.8,17,550,5,0.029637002122036134
znhoughton/opt-babylm-1.3B-20eps-seed964,babylm,1.3b,pretrained,14,type,2048,2122,1.0,17,1907,7,0.04457917515524254
znhoughton/opt-babylm-1.3B-20eps-seed964,babylm,1.3b,pretrained,15,token,2048,100003,48.8,17,550,5,0.030454597552235854
znhoughton/opt-babylm-1.3B-20eps-seed964,babylm,1.3b,pretrained,15,type,2048,2122,1.0,17,1907,7,0.04336716505259817
znhoughton/opt-babylm-1.3B-20eps-seed964,babylm,1.3b,pretrained,16,token,2048,100003,48.8,17,550,5,0.031197489666415966
znhoughton/opt-babylm-1.3B-20eps-seed964,babylm,1.3b,pretrained,16,type,2048,2122,1.0,17,1907,7,0.042437134600714785
znhoughton/opt-babylm-1.3B-20eps-seed964,babylm,1.3b,pretrained,17,token,2048,100003,48.8,17,550,5,0.0316098598592806
znhoughton/opt-babylm-1.3B-20eps-seed964,babylm,1.3b,pretrained,17,type,2048,2122,1.0,17,1907,7,0.04170043226826092
znhoughton/opt-babylm-1.3B-20eps-seed964,babylm,1.3b,pretrained,18,token,2048,100003,48.8,17,550,6,0.036747723940542217
znhoughton/opt-babylm-1.3B-20eps-seed964,babylm,1.3b,pretrained,18,type,2048,2122,1.0,17,1907,7,0.04081308539110138
znhoughton/opt-babylm-1.3B-20eps-seed964,babylm,1.3b,pretrained,19,token,2048,100003,48.8,17,550,6,0.03819949881461335
znhoughton/opt-babylm-1.3B-20eps-seed964,babylm,1.3b,pretrained,19,type,2048,2122,1.0,17,1907,7,0.04023738166934754
znhoughton/opt-babylm-1.3B-20eps-seed964,babylm,1.3b,pretrained,20,token,2048,100003,48.8,17,550,6,0.03968226983250127
znhoughton/opt-babylm-1.3B-20eps-seed964,babylm,1.3b,pretrained,20,type,2048,2122,1.0,17,1907,7,0.03959810688831097
znhoughton/opt-babylm-1.3B-20eps-seed964,babylm,1.3b,pretrained,21,token,2048,100003,48.8,17,550,6,0.04234227131377006
znhoughton/opt-babylm-1.3B-20eps-seed964,babylm,1.3b,pretrained,21,type,2048,2122,1.0,17,1907,7,0.03952273927496792
znhoughton/opt-babylm-1.3B-20eps-seed964,babylm,1.3b,pretrained,22,token,2048,100003,48.8,17,550,6,0.04650966808478377
znhoughton/opt-babylm-1.3B-20eps-seed964,babylm,1.3b,pretrained,22,type,2048,2122,1.0,17,1907,7,0.03999367490695702
znhoughton/opt-babylm-1.3B-20eps-seed964,babylm,1.3b,pretrained,23,token,2048,100003,48.8,17,550,5,0.045984380941249195
znhoughton/opt-babylm-1.3B-20eps-seed964,babylm,1.3b,pretrained,23,type,2048,2122,1.0,17,1907,7,0.04174413971185791
znhoughton/opt-babylm-1.3B-20eps-seed964,babylm,1.3b,pretrained,24,token,2048,100003,48.8,17,550,5,0.04436290613488323
znhoughton/opt-babylm-1.3B-20eps-seed964,babylm,1.3b,pretrained,24,type,2048,2122,1.0,17,1907,6,0.03669692159823466
znhoughton/opt-babylm-1.3B-20eps-seed964,babylm,1.3b,random,0,token,2048,100003,48.8,17,550,6,0.0306669429319701
znhoughton/opt-babylm-1.3B-20eps-seed964,babylm,1.3b,random,0,type,2048,2122,1.0,17,1907,8,0.020524923441180853
znhoughton/opt-babylm-1.3B-20eps-seed964,babylm,1.3b,random,1,token,2048,100003,48.8,17,550,5,0.09124658471089477
znhoughton/opt-babylm-1.3B-20eps-seed964,babylm,1.3b,random,1,type,2048,2122,1.0,17,1907,3,0.07676525117896396
znhoughton/opt-babylm-1.3B-20eps-seed964,babylm,1.3b,random,2,token,2048,100003,48.8,17,550,5,0.10601184067472416
znhoughton/opt-babylm-1.3B-20eps-seed964,babylm,1.3b,random,2,type,2048,2122,1.0,17,1907,3,0.0889198475772745
znhoughton/opt-babylm-1.3B-20eps-seed964,babylm,1.3b,random,3,token,2048,100003,48.8,17,550,4,0.10898217708026596
znhoughton/opt-babylm-1.3B-20eps-seed964,babylm,1.3b,random,3,type,2048,2122,1.0,17,1907,3,0.09665620618092906
znhoughton/opt-babylm-1.3B-20eps-seed964,babylm,1.3b,random,4,token,2048,100003,48.8,17,550,4,0.11506409571128029
znhoughton/opt-babylm-1.3B-20eps-seed964,babylm,1.3b,random,4,type,2048,2122,1.0,17,1907,3,0.101178631822669
znhoughton/opt-babylm-1.3B-20eps-seed964,babylm,1.3b,random,5,token,2048,100003,48.8,17,550,4,0.11973903121293199
znhoughton/opt-babylm-1.3B-20eps-seed964,babylm,1.3b,random,5,type,2048,2122,1.0,17,1907,3,0.10439492642107824
znhoughton/opt-babylm-1.3B-20eps-seed964,babylm,1.3b,random,6,token,2048,100003,48.8,17,550,4,0.12270850236042935
znhoughton/opt-babylm-1.3B-20eps-seed964,babylm,1.3b,random,6,type,2048,2122,1.0,17,1907,3,0.10728318021092403
znhoughton/opt-babylm-1.3B-20eps-seed964,babylm,1.3b,random,7,token,2048,100003,48.8,17,550,4,0.12513639399924634
znhoughton/opt-babylm-1.3B-20eps-seed964,babylm,1.3b,random,7,type,2048,2122,1.0,17,1907,3,0.1087886465812995
znhoughton/opt-babylm-1.3B-20eps-seed964,babylm,1.3b,random,8,token,2048,100003,48.8,17,550,4,0.1266501809396802
znhoughton/opt-babylm-1.3B-20eps-seed964,babylm,1.3b,random,8,type,2048,2122,1.0,17,1907,3,0.1099028669245995
znhoughton/opt-babylm-1.3B-20eps-seed964,babylm,1.3b,random,9,token,2048,100003,48.8,17,550,4,0.127374208833225
znhoughton/opt-babylm-1.3B-20eps-seed964,babylm,1.3b,random,9,type,2048,2122,1.0,17,1907,3,0.11109790772203416
znhoughton/opt-babylm-1.3B-20eps-seed964,babylm,1.3b,random,10,token,2048,100003,48.8,17,550,4,0.1292346114149585
znhoughton/opt-babylm-1.3B-20eps-seed964,babylm,1.3b,random,10,type,2048,2122,1.0,17,1907,2,0.10367959630715676
znhoughton/opt-babylm-1.3B-20eps-seed964,babylm,1.3b,random,11,token,2048,100003,48.8,17,550,4,0.13286587959433077
znhoughton/opt-babylm-1.3B-20eps-seed964,babylm,1.3b,random,11,type,2048,2122,1.0,17,1907,2,0.10648070609615895
znhoughton/opt-babylm-1.3B-20eps-seed964,babylm,1.3b,random,12,token,2048,100003,48.8,17,550,4,0.13460262131577747
znhoughton/opt-babylm-1.3B-20eps-seed964,babylm,1.3b,random,12,type,2048,2122,1.0,17,1907,2,0.10802235509343272
znhoughton/opt-babylm-1.3B-20eps-seed964,babylm,1.3b,random,13,token,2048,100003,48.8,17,550,4,0.133892034702665
znhoughton/opt-babylm-1.3B-20eps-seed964,babylm,1.3b,random,13,type,2048,2122,1.0,17,1907,2,0.10795229181293052
znhoughton/opt-babylm-1.3B-20eps-seed964,babylm,1.3b,random,14,token,2048,100003,48.8,17,550,4,0.13455992162343924
znhoughton/opt-babylm-1.3B-20eps-seed964,babylm,1.3b,random,14,type,2048,2122,1.0,17,1907,2,0.10860273456078176
znhoughton/opt-babylm-1.3B-20eps-seed964,babylm,1.3b,random,15,token,2048,100003,48.8,17,550,4,0.13514787733130712
znhoughton/opt-babylm-1.3B-20eps-seed964,babylm,1.3b,random,15,type,2048,2122,1.0,17,1907,2,0.1094520802795363
znhoughton/opt-babylm-1.3B-20eps-seed964,babylm,1.3b,random,16,token,2048,100003,48.8,17,550,4,0.13752022499605376
znhoughton/opt-babylm-1.3B-20eps-seed964,babylm,1.3b,random,16,type,2048,2122,1.0,17,1907,2,0.11078406834962233
znhoughton/opt-babylm-1.3B-20eps-seed964,babylm,1.3b,random,17,token,2048,100003,48.8,17,550,3,0.1327456292669941
znhoughton/opt-babylm-1.3B-20eps-seed964,babylm,1.3b,random,17,type,2048,2122,1.0,17,1907,2,0.11180465397622905
znhoughton/opt-babylm-1.3B-20eps-seed964,babylm,1.3b,random,18,token,2048,100003,48.8,17,550,4,0.13806246041998083
znhoughton/opt-babylm-1.3B-20eps-seed964,babylm,1.3b,random,18,type,2048,2122,1.0,17,1907,2,0.11078595812295909
znhoughton/opt-babylm-1.3B-20eps-seed964,babylm,1.3b,random,19,token,2048,100003,48.8,17,550,3,0.13218298790598856
znhoughton/opt-babylm-1.3B-20eps-seed964,babylm,1.3b,random,19,type,2048,2122,1.0,17,1907,2,0.11084070812847643
znhoughton/opt-babylm-1.3B-20eps-seed964,babylm,1.3b,random,20,token,2048,100003,48.8,17,550,3,0.1324600839828724
znhoughton/opt-babylm-1.3B-20eps-seed964,babylm,1.3b,random,20,type,2048,2122,1.0,17,1907,2,0.11111129491324132
znhoughton/opt-babylm-1.3B-20eps-seed964,babylm,1.3b,random,21,token,2048,100003,48.8,17,550,3,0.13305524839367333
znhoughton/opt-babylm-1.3B-20eps-seed964,babylm,1.3b,random,21,type,2048,2122,1.0,17,1907,2,0.11198494050014458
znhoughton/opt-babylm-1.3B-20eps-seed964,babylm,1.3b,random,22,token,2048,100003,48.8,17,550,3,0.13453723808147217
znhoughton/opt-babylm-1.3B-20eps-seed964,babylm,1.3b,random,22,type,2048,2122,1.0,17,1907,2,0.11301801641358968
znhoughton/opt-babylm-1.3B-20eps-seed964,babylm,1.3b,random,23,token,2048,100003,48.8,17,550,3,0.1362262858194811
znhoughton/opt-babylm-1.3B-20eps-seed964,babylm,1.3b,random,23,type,2048,2122,1.0,17,1907,2,0.114394058039233
znhoughton/opt-babylm-1.3B-20eps-seed964,babylm,1.3b,random,24,token,2048,100003,48.8,17,550,3,0.13735880556850677
znhoughton/opt-babylm-1.3B-20eps-seed964,babylm,1.3b,random,24,type,2048,2122,1.0,17,1907,2,0.11512726216254189
EleutherAI/pythia-1.4b,pythia,1.3b,pretrained,0,token,2048,100003,48.8,17,550,5,0.022015535525523617
EleutherAI/pythia-1.4b,pythia,1.3b,pretrained,0,type,2048,2122,1.0,17,1907,9,0.014480279929858909
EleutherAI/pythia-1.4b,pythia,1.3b,pretrained,1,token,2048,100003,48.8,17,550,6,0.0319775365071386
EleutherAI/pythia-1.4b,pythia,1.3b,pretrained,1,type,2048,2122,1.0,17,1907,6,0.0267363182169323
EleutherAI/pythia-1.4b,pythia,1.3b,pretrained,2,token,2048,100003,48.8,17,550,5,0.029571716321534512
EleutherAI/pythia-1.4b,pythia,1.3b,pretrained,2,type,2048,2122,1.0,17,1907,7,0.038291344235778506
EleutherAI/pythia-1.4b,pythia,1.3b,pretrained,3,token,2048,100003,48.8,17,550,5,0.05567924569149433
EleutherAI/pythia-1.4b,pythia,1.3b,pretrained,3,type,2048,2122,1.0,17,1907,7,0.08466723326837429
EleutherAI/pythia-1.4b,pythia,1.3b,pretrained,4,token,2048,100003,48.8,17,550,1,0.9272189199808817
EleutherAI/pythia-1.4b,pythia,1.3b,pretrained,4,type,2048,2122,1.0,17,1907,1,0.937584622270733
EleutherAI/pythia-1.4b,pythia,1.3b,pretrained,5,token,2048,100003,48.8,17,550,1,0.9522564924579038
EleutherAI/pythia-1.4b,pythia,1.3b,pretrained,5,type,2048,2122,1.0,17,1907,1,0.9587695548327587
EleutherAI/pythia-1.4b,pythia,1.3b,pretrained,6,token,2048,100003,48.8,17,550,1,0.9533138248830076
EleutherAI/pythia-1.4b,pythia,1.3b,pretrained,6,type,2048,2122,1.0,17,1907,1,0.9591462511341766
EleutherAI/pythia-1.4b,pythia,1.3b,pretrained,7,token,2048,100003,48.8,17,550,1,0.9556768959299892
EleutherAI/pythia-1.4b,pythia,1.3b,pretrained,7,type,2048,2122,1.0,17,1907,1,0.9609781832443423
EleutherAI/pythia-1.4b,pythia,1.3b,pretrained,8,token,2048,100003,48.8,17,550,1,0.9545405868163355
EleutherAI/pythia-1.4b,pythia,1.3b,pretrained,8,type,2048,2122,1.0,17,1907,1,0.9599800224646291
EleutherAI/pythia-1.4b,pythia,1.3b,pretrained,9,token,2048,100003,48.8,17,550,1,0.9541043318092921
EleutherAI/pythia-1.4b,pythia,1.3b,pretrained,9,type,2048,2122,1.0,17,1907,1,0.9590525779275797
EleutherAI/pythia-1.4b,pythia,1.3b,pretrained,10,token,2048,100003,48.8,17,550,1,0.9547850500428348
EleutherAI/pythia-1.4b,pythia,1.3b,pretrained,10,type,2048,2122,1.0,17,1907,1,0.9602623712591634
EleutherAI/pythia-1.4b,pythia,1.3b,pretrained,11,token,2048,100003,48.8,17,550,1,0.9528994999867494
EleutherAI/pythia-1.4b,pythia,1.3b,pretrained,11,type,2048,2122,1.0,17,1907,1,0.9583742759310441
EleutherAI/pythia-1.4b,pythia,1.3b,pretrained,12,token,2048,100003,48.8,17,550,1,0.9501809650044838
EleutherAI/pythia-1.4b,pythia,1.3b,pretrained,12,type,2048,2122,1.0,17,1907,1,0.9557398797286305
EleutherAI/pythia-1.4b,pythia,1.3b,pretrained,13,token,2048,100003,48.8,17,550,1,0.9449456607131412
EleutherAI/pythia-1.4b,pythia,1.3b,pretrained,13,type,2048,2122,1.0,17,1907,1,0.9513757241460098
EleutherAI/pythia-1.4b,pythia,1.3b,pretrained,14,token,2048,100003,48.8,17,550,1,0.9397806294349627
EleutherAI/pythia-1.4b,pythia,1.3b,pretrained,14,type,2048,2122,1.0,17,1907,1,0.9477398406884479
EleutherAI/pythia-1.4b,pythia,1.3b,pretrained,15,token,2048,100003,48.8,17,550,1,0.9293870261578343
EleutherAI/pythia-1.4b,pythia,1.3b,pretrained,15,type,2048,2122,1.0,17,1907,1,0.939685838811187
EleutherAI/pythia-1.4b,pythia,1.3b,pretrained,16,token,2048,100003,48.8,17,550,1,0.9204099625109635
EleutherAI/pythia-1.4b,pythia,1.3b,pretrained,16,type,2048,2122,1.0,17,1907,1,0.9325608907452004
EleutherAI/pythia-1.4b,pythia,1.3b,pretrained,17,token,2048,100003,48.8,17,550,1,0.9054726448390393
EleutherAI/pythia-1.4b,pythia,1.3b,pretrained,17,type,2048,2122,1.0,17,1907,1,0.9200704279508917
EleutherAI/pythia-1.4b,pythia,1.3b,pretrained,18,token,2048,100003,48.8,17,550,1,0.8927110129555293
EleutherAI/pythia-1.4b,pythia,1.3b,pretrained,18,type,2048,2122,1.0,17,1907,1,0.9096925411997514
EleutherAI/pythia-1.4b,pythia,1.3b,pretrained,19,token,2048,100003,48.8,17,550,1,0.8718884709825293
EleutherAI/pythia-1.4b,pythia,1.3b,pretrained,19,type,2048,2122,1.0,17,1907,1,0.8911966033879841
EleutherAI/pythia-1.4b,pythia,1.3b,pretrained,20,token,2048,100003,48.8,17,550,1,0.8547548057242685
EleutherAI/pythia-1.4b,pythia,1.3b,pretrained,20,type,2048,2122,1.0,17,1907,1,0.8752280917148969
EleutherAI/pythia-1.4b,pythia,1.3b,pretrained,21,token,2048,100003,48.8,17,550,1,0.8365910476000944
EleutherAI/pythia-1.4b,pythia,1.3b,pretrained,21,type,2048,2122,1.0,17,1907,1,0.8586331872070317
EleutherAI/pythia-1.4b,pythia,1.3b,pretrained,22,token,2048,100003,48.8,17,550,1,0.8215179304420798
EleutherAI/pythia-1.4b,pythia,1.3b,pretrained,22,type,2048,2122,1.0,17,1907,1,0.8454129994252654
EleutherAI/pythia-1.4b,pythia,1.3b,pretrained,23,token,2048,100003,48.8,17,550,1,0.7532088219247837
EleutherAI/pythia-1.4b,pythia,1.3b,pretrained,23,type,2048,2122,1.0,17,1907,1,0.7848412058255583
EleutherAI/pythia-1.4b,pythia,1.3b,pretrained,24,token,2048,100003,48.8,17,550,3,0.15934695133480511
EleutherAI/pythia-1.4b,pythia,1.3b,pretrained,24,type,2048,2122,1.0,17,1907,4,0.13712384434976596
EleutherAI/pythia-1.4b,pythia,1.3b,random,0,token,2048,100003,48.8,17,550,5,0.028824755974497854
EleutherAI/pythia-1.4b,pythia,1.3b,random,0,type,2048,2122,1.0,17,1907,14,0.009053110751479382
EleutherAI/pythia-1.4b,pythia,1.3b,random,1,token,2048,100003,48.8,17,550,5,0.029476166830596947
EleutherAI/pythia-1.4b,pythia,1.3b,random,1,type,2048,2122,1.0,17,1907,14,0.013805670954449142
EleutherAI/pythia-1.4b,pythia,1.3b,random,2,token,2048,100003,48.8,17,550,5,0.030905862002873256
EleutherAI/pythia-1.4b,pythia,1.3b,random,2,type,2048,2122,1.0,17,1907,14,0.017051972964509124
EleutherAI/pythia-1.4b,pythia,1.3b,random,3,token,2048,100003,48.8,17,550,5,0.03195207813065058
EleutherAI/pythia-1.4b,pythia,1.3b,random,3,type,2048,2122,1.0,17,1907,14,0.01888579002709978
EleutherAI/pythia-1.4b,pythia,1.3b,random,4,token,2048,100003,48.8,17,550,5,0.03247635732014483
EleutherAI/pythia-1.4b,pythia,1.3b,random,4,type,2048,2122,1.0,17,1907,14,0.02039811417139893
EleutherAI/pythia-1.4b,pythia,1.3b,random,5,token,2048,100003,48.8,17,550,5,0.032781941864176975
EleutherAI/pythia-1.4b,pythia,1.3b,random,5,type,2048,2122,1.0,17,1907,14,0.021571524354666943
EleutherAI/pythia-1.4b,pythia,1.3b,random,6,token,2048,100003,48.8,17,550,5,0.03316780276419982
EleutherAI/pythia-1.4b,pythia,1.3b,random,6,type,2048,2122,1.0,17,1907,14,0.022775299362542658
EleutherAI/pythia-1.4b,pythia,1.3b,random,7,token,2048,100003,48.8,17,550,5,0.033495749939950296
EleutherAI/pythia-1.4b,pythia,1.3b,random,7,type,2048,2122,1.0,17,1907,14,0.02375387011070767
EleutherAI/pythia-1.4b,pythia,1.3b,random,8,token,2048,100003,48.8,17,550,5,0.03383790032785889
EleutherAI/pythia-1.4b,pythia,1.3b,random,8,type,2048,2122,1.0,17,1907,14,0.024290778649553566
EleutherAI/pythia-1.4b,pythia,1.3b,random,9,token,2048,100003,48.8,17,550,6,0.03771907166617844
EleutherAI/pythia-1.4b,pythia,1.3b,random,9,type,2048,2122,1.0,17,1907,14,0.025073091117083588
EleutherAI/pythia-1.4b,pythia,1.3b,random,10,token,2048,100003,48.8,17,550,5,0.03428703768658031
EleutherAI/pythia-1.4b,pythia,1.3b,random,10,type,2048,2122,1.0,17,1907,13,0.02399361092689896
EleutherAI/pythia-1.4b,pythia,1.3b,random,11,token,2048,100003,48.8,17,550,5,0.03449730988099684
EleutherAI/pythia-1.4b,pythia,1.3b,random,11,type,2048,2122,1.0,17,1907,13,0.024460063519375224
EleutherAI/pythia-1.4b,pythia,1.3b,random,12,token,2048,100003,48.8,17,550,5,0.03478068026853043
EleutherAI/pythia-1.4b,pythia,1.3b,random,12,type,2048,2122,1.0,17,1907,13,0.025262902746371142
EleutherAI/pythia-1.4b,pythia,1.3b,random,13,token,2048,100003,48.8,17,550,6,0.03872490521235882
EleutherAI/pythia-1.4b,pythia,1.3b,random,13,type,2048,2122,1.0,17,1907,13,0.025883623667805392
EleutherAI/pythia-1.4b,pythia,1.3b,random,14,token,2048,100003,48.8,17,550,6,0.0385388268397325
EleutherAI/pythia-1.4b,pythia,1.3b,random,14,type,2048,2122,1.0,17,1907,13,0.026157925589276872
EleutherAI/pythia-1.4b,pythia,1.3b,random,15,token,2048,100003,48.8,17,550,6,0.03876844387978824
EleutherAI/pythia-1.4b,pythia,1.3b,random,15,type,2048,2122,1.0,17,1907,13,0.026632215275690346
EleutherAI/pythia-1.4b,pythia,1.3b,random,16,token,2048,100003,48.8,17,550,6,0.038853457110661245
EleutherAI/pythia-1.4b,pythia,1.3b,random,16,type,2048,2122,1.0,17,1907,13,0.026973375955842285
EleutherAI/pythia-1.4b,pythia,1.3b,random,17,token,2048,100003,48.8,17,550,6,0.039251332504785734
EleutherAI/pythia-1.4b,pythia,1.3b,random,17,type,2048,2122,1.0,17,1907,13,0.027518715522145378
EleutherAI/pythia-1.4b,pythia,1.3b,random,18,token,2048,100003,48.8,17,550,6,0.03917483171609821
EleutherAI/pythia-1.4b,pythia,1.3b,random,18,type,2048,2122,1.0,17,1907,13,0.028023789514577353
EleutherAI/pythia-1.4b,pythia,1.3b,random,19,token,2048,100003,48.8,17,550,6,0.03917866764001945
EleutherAI/pythia-1.4b,pythia,1.3b,random,19,type,2048,2122,1.0,17,1907,13,0.028391042254850993
EleutherAI/pythia-1.4b,pythia,1.3b,random,20,token,2048,100003,48.8,17,550,6,0.038949537464818516
EleutherAI/pythia-1.4b,pythia,1.3b,random,20,type,2048,2122,1.0,17,1907,13,0.028660128439733885
EleutherAI/pythia-1.4b,pythia,1.3b,random,21,token,2048,100003,48.8,17,550,6,0.03922547851621778
EleutherAI/pythia-1.4b,pythia,1.3b,random,21,type,2048,2122,1.0,17,1907,13,0.028987692711093676
EleutherAI/pythia-1.4b,pythia,1.3b,random,22,token,2048,100003,48.8,17,550,6,0.039598067012449285
EleutherAI/pythia-1.4b,pythia,1.3b,random,22,type,2048,2122,1.0,17,1907,13,0.029369428948045995
EleutherAI/pythia-1.4b,pythia,1.3b,random,23,token,2048,100003,48.8,17,550,6,0.03965625400197433
EleutherAI/pythia-1.4b,pythia,1.3b,random,23,type,2048,2122,1.0,17,1907,13,0.029617809086267693
EleutherAI/pythia-1.4b,pythia,1.3b,random,24,token,2048,100003,48.8,17,550,5,0.035777426936864504
EleutherAI/pythia-1.4b,pythia,1.3b,random,24,type,2048,2122,1.0,17,1907,12,0.028859254617780643
