model,layer,construction,where,d,n_points,size_item,size_class,size_interaction,leak_item_into_class,leak_int_into_margins
EleutherAI/pythia-1.4b,24,POS (noun/verb),hidden,2048,4722,0.6697696020619154,0.08388040593089989,0.24634999200718474,0.005566278328727313,0.21095174583944537
EleutherAI/pythia-1.4b,24,POS (noun/verb),output,50304,4722,0.6139534614017045,0.13477373319295358,0.251272805405342,0.04546195901581532,0.3924944634053363
EleutherAI/pythia-1.4b,24,role (subject/object),hidden,2048,2169,0.8280309212979413,0.07834137961722074,0.09362769908483794,0.006163922823231758,0.14048779366822906
EleutherAI/pythia-1.4b,24,role (subject/object),output,50304,2169,0.8298783050616649,0.08148806429853103,0.08863363063980398,0.007377742170605994,0.24389273035633802
EleutherAI/pythia-160m,12,POS (noun/verb),hidden,768,4722,0.6884766674052305,0.0768763438792351,0.23464698871553447,0.005899339930834895,0.229453803836948
EleutherAI/pythia-160m,12,POS (noun/verb),output,50304,4722,0.5772791315903156,0.1427465579849128,0.2799743104247716,0.4675014777696398,0.8812860891131116
EleutherAI/pythia-160m,12,role (subject/object),hidden,768,2169,0.8281192357696964,0.07808958476635473,0.09379117946394892,0.0049099525879875506,0.17660807459197403
EleutherAI/pythia-160m,12,role (subject/object),output,50304,2169,0.9044802275004754,0.026004476129004087,0.06951529637052055,0.20104496286991524,0.8000756935350607
EleutherAI/pythia-410m,24,POS (noun/verb),hidden,1024,4722,0.656385295175105,0.09525703096499266,0.24835767385990234,0.00684594464223056,0.23941980356870576
EleutherAI/pythia-410m,24,POS (noun/verb),output,50304,4722,0.619095532574483,0.12107404580190594,0.25983042162361114,0.027974376687530937,0.4194784036653281
EleutherAI/pythia-410m,24,role (subject/object),hidden,1024,2169,0.8379873156836222,0.07389291165156864,0.08811977266480912,0.004673628601454427,0.15958785837339293
EleutherAI/pythia-410m,24,role (subject/object),output,50304,2169,0.8442594972205829,0.07137952267355138,0.08436098010586572,0.01637404514796246,0.26129992375125033
znhoughton/opt-babylm-1.3B-20eps-seed964,24,POS (noun/verb),hidden,2048,4722,0.8431026578425365,0.04887443219462629,0.10802290996283731,0.003438066005218374,0.10461636245834378
znhoughton/opt-babylm-1.3B-20eps-seed964,24,POS (noun/verb),output,8192,4722,0.7568823854722376,0.12275364393741961,0.12036397059034272,0.040316402697547604,0.34712397892056024
znhoughton/opt-babylm-1.3B-20eps-seed964,24,role (subject/object),hidden,2048,2169,0.8940908246971363,0.038979389845463626,0.06692978545740001,0.003288524086079362,0.07016503700017437
znhoughton/opt-babylm-1.3B-20eps-seed964,24,role (subject/object),output,8192,2169,0.8843601557987317,0.05229811313567705,0.0633417310655913,0.013426860903078807,0.227275867103248
znhoughton/opt-babylm-125m-20eps-seed964,12,POS (noun/verb),hidden,768,4722,0.8322002388881314,0.0688418727065587,0.09895788840530992,0.005016712642304765,0.17469888093974473
znhoughton/opt-babylm-125m-20eps-seed964,12,POS (noun/verb),output,8192,4722,0.750742536482703,0.14179002954227402,0.10746743397502304,0.04396301285244281,0.45800508885872804
znhoughton/opt-babylm-125m-20eps-seed964,12,role (subject/object),hidden,768,2169,0.9025899664681615,0.050007500596572566,0.04740253293526596,0.005066896618997306,0.11562285748327773
znhoughton/opt-babylm-125m-20eps-seed964,12,role (subject/object),output,8192,2169,0.9010563331753392,0.056967481721911545,0.04197618510274923,0.017194803570566384,0.30275549551843106
znhoughton/opt-babylm-350m-20eps-seed964,24,POS (noun/verb),hidden,1024,4722,0.8104125554249866,0.0636524530194031,0.1259349915556103,0.0055251064058768565,0.16670487281318958
znhoughton/opt-babylm-350m-20eps-seed964,24,POS (noun/verb),output,8192,4722,0.7207612813007195,0.14564906882073816,0.1335896498785424,0.06233002954852364,0.42014133312969437
znhoughton/opt-babylm-350m-20eps-seed964,24,role (subject/object),hidden,1024,2169,0.8901491636005553,0.04951786611621717,0.06033297028322752,0.005105699645710987,0.10122071958108937
znhoughton/opt-babylm-350m-20eps-seed964,24,role (subject/object),output,8192,2169,0.8866830572872964,0.06211927858994451,0.05119766412275913,0.01590270213583974,0.2513111599811596
