model,init,task,layer,rel_depth,d,n_items,n_fit,explained,explained_lo,explained_hi,residual,residual_lo,residual_hi,explained_identity,explained_identity_lo,explained_identity_hi,null,null_lo,null_hi,mag_ratio,word_reliable_frac,ridge_alpha,ridge_beta,ridge_eff_params
znhoughton/opt-babylm-125m-20eps-seed964,pretrained,role,3,0.25,768,48,100000,0.09884835320150885,0.017907883076612896,0.2287870393592545,0.9011516467984911,0.7712129606407455,0.9820921169233872,0.023277057489545755,0.0022747672716583777,0.06598205113430808,-0.000284082529393789,-0.04191852356986131,0.027423410041057895,0.3449595742608523,1.0,4830.7232693154865,1.1303069335873452,606.3969614348181
znhoughton/opt-babylm-125m-20eps-seed964,pretrained,role,6,0.5,768,48,100000,0.3371501990813438,0.2483383253395355,0.4160911732866424,0.6628498009186562,0.5839088267133576,0.7516616746604645,0.07391987715371524,0.03688521819809589,0.12319859226927353,-0.0006638360036421287,-0.0327134517085979,0.021134801696233354,0.36936726631840794,1.0,4576.492078945858,1.2519207291050698,653.4064319359351
znhoughton/opt-babylm-125m-20eps-seed964,pretrained,role,9,0.75,768,48,100000,0.27129062694295975,0.20008176319149926,0.331162818585862,0.7287093730570402,0.6688371814141381,0.7999182368085007,0.09268523940979126,0.05405347698525094,0.14335432215605817,-0.0005994885846211751,-0.025209984049382347,0.01180044864995804,0.2939090316063672,1.0,4855.431406776693,1.2041619755161965,676.308450926163
znhoughton/opt-babylm-125m-20eps-seed964,pretrained,role,12,1.0,768,48,100000,0.1542690119797011,0.10337956723246124,0.20247989006257763,0.8457309880202989,0.7975201099374224,0.8966204327675388,0.07093857509259985,0.04213961082009915,0.11260451708486077,-0.00030802597876227735,-0.017659987030247345,0.008293317602315439,0.16844409302618274,1.0,4757.499624943472,1.1950184412088694,688.5537470720778
EleutherAI/pythia-160m,pretrained,role,3,0.25,768,48,100000,0.18181823242837378,0.11706636104186809,0.236304377972781,0.8181817675716262,0.763695622027219,0.8829336389581319,0.03218382781422944,0.016001117265831536,0.0650441560575447,-0.0005203596900257722,-0.020912193411417375,0.012176193314635512,0.17336027406178606,1.0,7287.645361556147,1.4125853358610294,677.9791397583324
EleutherAI/pythia-160m,pretrained,role,6,0.5,768,48,100000,0.2718695656059176,0.20199139647224557,0.33044348122482126,0.7281304343940824,0.6695565187751787,0.7980086035277545,0.018397859155897388,0.007823392750874625,0.0548311437794019,-0.0009887097158398283,-0.03654656796092168,0.013618850219174857,0.21108573066827796,1.0,4072.2402813481194,1.5236927262734727,713.6827952764532
EleutherAI/pythia-160m,pretrained,role,9,0.75,768,48,100000,0.14889497451548428,0.09296015406729491,0.20529834449295595,0.8511050254845157,0.7947016555070441,0.9070398459327051,0.02577755271990126,0.01223312782051547,0.06594609275589933,-0.0002502074768302722,-0.011676441686728786,0.005768616130039769,0.2110264496324151,1.0,3580.8107659327675,1.2233799042838351,715.1171215027941
EleutherAI/pythia-160m,pretrained,role,12,1.0,768,48,100000,0.08173067366168879,0.05133460991971009,0.12006294388430307,0.9182693263383113,0.879937056115697,0.9486653900802899,0.0635253212055536,0.041890559050626434,0.09668664156999791,-0.00010096022223397449,-0.007195291970450798,0.004105760966425613,0.15162087522893372,1.0,4120.090502201444,1.1321469021259902,723.3926895258173
EleutherAI/pythia-410m,pretrained,role,6,0.25,1024,48,100000,0.28885756012559277,0.2246567906031079,0.3495305723716972,0.7111424398744073,0.6504694276283027,0.7753432093968922,0.0034290980465126065,0.0011562271441479092,0.007248433615208246,-0.0006827513873555098,-0.02337204041300175,0.01055247545744006,0.2712716000563505,1.0,6836.515604916499,1.5239853301680624,912.8061840947483
EleutherAI/pythia-410m,pretrained,role,12,0.5,1024,48,100000,0.21463870402287563,0.16363583823081018,0.2709758512877215,0.7853612959771243,0.7290241487122785,0.8363641617691898,0.0016220570412009794,0.0005378878782521751,0.005829321447808729,-0.0004024944448708452,-0.012927026104121435,0.005928028492665096,0.17786835136008017,1.0,5956.701312223805,1.4487848834630779,928.8541975218734
EleutherAI/pythia-410m,pretrained,role,18,0.75,1024,48,100000,0.14929012443040257,0.09581665414109482,0.20252586407601142,0.8507098755695974,0.7974741359239885,0.9041833458589051,0.0036429885741493502,0.0015975900972301355,0.011598313237242313,-0.0003073571442503282,-0.01222862801651765,0.0065464914529825185,0.1919055324225224,1.0,4975.276544442918,1.4259721895567472,938.1837513801581
EleutherAI/pythia-410m,pretrained,role,24,1.0,1024,48,100000,0.13291156696630885,0.0857409391349001,0.1839405394707488,0.8670884330336912,0.8160594605292513,0.9142590608650999,0.1073485269665628,0.07385991869707202,0.1541965986471242,-9.814466431502113e-05,-0.007583724114024205,0.005514660906101772,0.15300234132304472,1.0,4551.123910787609,1.4215896680496682,953.6201992009225
znhoughton/opt-babylm-350m-20eps-seed964,pretrained,role,6,0.25,1024,48,100000,0.3780159877788006,0.28207770871527377,0.459273460280613,0.6219840122211995,0.540726539719387,0.7179222912847263,0.12178405867081009,0.05768205451856608,0.197390015556546,-0.0005264924801204784,-0.030993972038446248,0.018231642867039967,0.3535701756712697,1.0,4873.4270441223125,1.4553308494177442,834.897253800355
znhoughton/opt-babylm-350m-20eps-seed964,pretrained,role,12,0.5,1024,48,100000,0.2504819885606824,0.17627453855400985,0.31280170747501557,0.7495180114393176,0.6871982925249844,0.8237254614459901,0.07046140968252682,0.035984238207446353,0.11276708535033186,-0.0004701453290967817,-0.0224907783441101,0.011337917715368483,0.22489280195248323,1.0,6568.402975981647,1.2868619574219429,850.4469028158787
znhoughton/opt-babylm-350m-20eps-seed964,pretrained,role,18,0.75,1024,48,100000,0.18911350153968162,0.12437971762470705,0.24349498376199058,0.8108864984603184,0.7565050162380094,0.875620282375293,0.05852426754989854,0.03367736180744048,0.09204771617594071,-0.00029184495250732896,-0.01601875089161602,0.01046296821408311,0.16439362197547966,1.0,7168.7577135185065,1.1635556390854298,874.8529361549029
znhoughton/opt-babylm-350m-20eps-seed964,pretrained,role,24,1.0,1024,48,100000,0.12236249194384502,0.07364406843613922,0.16727421104463683,0.8776375080561549,0.8327257889553632,0.9263559315638608,0.051902579136565465,0.029142126791615475,0.08655001003718521,-0.00010389607245448888,-0.012615405627280474,0.00861977107641031,0.12054721240473636,1.0,7346.265114929964,1.1711682423902965,883.2508854361447
EleutherAI/pythia-1.4b,pretrained,role,6,0.25,2048,48,100000,0.2038588441641586,0.1623026366875412,0.24681308627552992,0.7961411558358414,0.7531869137244701,0.8376973633124588,0.004160558808633114,0.002041535394992094,0.014787447768173532,-0.0003157054843936283,-0.01390923539421909,0.007721679646693109,0.15691565440045305,1.0,15526.137009439006,1.5018657656248338,1651.463329259941
EleutherAI/pythia-1.4b,pretrained,role,12,0.5,2048,48,100000,0.22886087723001794,0.18365542845541571,0.2682272401286834,0.7711391227699821,0.7317727598713166,0.8163445715445843,0.005835412280044785,0.002514781075959183,0.02199436163977494,-0.00031759735684061725,-0.008346991618786348,0.004882773853581709,0.17698435364412207,1.0,10486.261703125294,1.6449383818877146,1754.672994104969
EleutherAI/pythia-1.4b,pretrained,role,18,0.75,2048,48,100000,0.12084268089136387,0.07645589948511072,0.1645177895232645,0.8791573191086361,0.8354822104767354,0.9235441005148892,0.008540546759137043,0.0037284242119359,0.030217861902039657,-0.00017598090633737427,-0.00604475052043891,0.0031900147640419635,0.14751944195744762,1.0,9656.078909217968,1.4755585293771338,1755.7802977378942
EleutherAI/pythia-1.4b,pretrained,role,24,1.0,2048,48,100000,0.13005334007294064,0.08491166929179851,0.179383938539387,0.8699466599270593,0.820616061460613,0.9150883307082015,0.09818798894717357,0.06566453942142521,0.14242312153278128,-6.300166530937988e-05,-0.006568499867272991,0.004800184219244804,0.1552951164512388,1.0,9178.228070533418,1.46737642772071,1780.6411223309633
znhoughton/opt-babylm-1.3B-20eps-seed964,pretrained,role,6,0.25,2048,48,100000,0.3152723362207933,0.23992298242373278,0.388639648272348,0.6847276637792067,0.611360351727652,0.7600770175762672,0.09489777249813325,0.04832108376178013,0.16403884649751665,-0.0005552951757771303,-0.023411576920225146,0.0115368183172865,0.3024120576538463,1.0,9803.058896628105,1.542689166831008,1450.5567862803505
znhoughton/opt-babylm-1.3B-20eps-seed964,pretrained,role,12,0.5,2048,48,100000,0.229205446645174,0.17217460545610844,0.28534258409075264,0.7707945533548259,0.7146574159092474,0.8278253945438916,0.07613540801387757,0.04365600975336655,0.12236014860348701,-0.0003632668196411433,-0.01567341788593223,0.007454740724534559,0.21876608652009666,1.0,12714.673746370681,1.3622498618016463,1524.3573408063342
znhoughton/opt-babylm-1.3B-20eps-seed964,pretrained,role,18,0.75,2048,48,100000,0.170993627036209,0.12252179057699221,0.21868985466821478,0.829006372963791,0.7813101453317852,0.8774782094230078,0.06328249287134771,0.03711525125567814,0.10058167523936047,-0.00028221080116273606,-0.013418423064663409,0.006035974855138464,0.16370325112999842,1.0,15266.978930670139,1.2371424292656064,1556.2298067478393
znhoughton/opt-babylm-1.3B-20eps-seed964,pretrained,role,24,1.0,2048,48,100000,0.11765659500624866,0.07959385351045087,0.1561101239921592,0.8823434049937513,0.8438898760078408,0.9204061464895491,0.04451505584456103,0.02586502573661936,0.07302440184759248,-0.0001945258622206985,-0.010871054961729085,0.005134060238151975,0.10755345885392532,1.0,17420.908615441258,1.1535290449586109,1571.7840698943933
