model,construction,classes,layer,d,n_points,n_items,min_cell,size_item,size_class,size_interaction,sig_interaction,leak_item_into_class,leak_int_into_margins,k_class,k_int
EleutherAI/pythia-160m,noun_role,nsubj+obj,0,768,16951,49,10,0.9981323598220929,0.00010218344489547176,0.0017654567330115576,False,,,1,12
EleutherAI/pythia-160m,noun_role,nsubj+obj,1,768,16951,49,10,0.9932008669379467,0.0012006732033125204,0.005598459858740768,False,,,1,26
EleutherAI/pythia-160m,noun_role,nsubj+obj,2,768,16951,49,10,0.9900925772024388,0.002059812495224161,0.007847610302337011,False,,,1,29
EleutherAI/pythia-160m,noun_role,nsubj+obj,3,768,16951,49,10,0.987560198316281,0.0028796113722457076,0.009560190311473198,False,,,1,28
EleutherAI/pythia-160m,noun_role,nsubj+obj,4,768,16951,49,10,0.9854858657339505,0.0033667702889373045,0.011147363977112303,False,,,1,28
EleutherAI/pythia-160m,noun_role,nsubj+obj,5,768,16951,49,10,0.9837021069328458,0.003968818375201873,0.012329074691952399,False,,,1,28
EleutherAI/pythia-160m,noun_role,nsubj+obj,6,768,16951,49,10,0.9821237741658505,0.004325482877545797,0.013550742956603754,False,,,1,28
EleutherAI/pythia-160m,noun_role,nsubj+obj,7,768,16951,49,10,0.9808575127741282,0.004824484081303682,0.014318003144568018,False,,,1,27
EleutherAI/pythia-160m,noun_role,nsubj+obj,8,768,16951,49,10,0.9796026670342831,0.005289863787472875,0.01510746917824407,False,,,1,28
EleutherAI/pythia-160m,noun_role,nsubj+obj,9,768,16951,49,10,0.9788255876074509,0.005493054882800856,0.015681357509748303,False,,,1,28
EleutherAI/pythia-160m,noun_role,nsubj+obj,10,768,16951,49,10,0.9778949003664641,0.005867701281211777,0.016237398352324097,False,,,1,28
EleutherAI/pythia-160m,noun_role,nsubj+obj,11,768,16951,49,10,0.9772666562210929,0.006129061227472684,0.01660428255143442,False,,,1,27
EleutherAI/pythia-160m,noun_role,nsubj+obj,12,768,16951,49,10,0.97778969627295,0.006155374444555259,0.016054929282494773,False,,,1,28
EleutherAI/pythia-160m,noun_role,nsubj+obj,0,768,16951,49,10,0.9987544613343153,6.070161118954125e-05,0.0011848370544951753,False,,,1,10
EleutherAI/pythia-160m,noun_role,nsubj+obj,1,768,16951,49,10,0.988701077094858,0.004448404965501058,0.006850517939640828,False,,,1,19
EleutherAI/pythia-160m,noun_role,nsubj+obj,2,768,16951,49,10,0.9793219133279724,0.007812322137037875,0.012865764534989844,False,,,1,28
EleutherAI/pythia-160m,noun_role,nsubj+obj,3,768,16951,49,10,0.9669011459018803,0.0130978377739383,0.020001016324181387,True,,0.09769701135785229,1,26
EleutherAI/pythia-160m,noun_role,nsubj+obj,4,768,16951,49,10,0.937949957162291,0.03041949808495449,0.03163054475275456,True,0.0048261860505395965,0.13810289277470497,1,16
EleutherAI/pythia-160m,noun_role,nsubj+obj,5,768,16951,49,10,0.9260900485839353,0.040584315875927375,0.0333256355401374,True,0.0047882964339200085,0.1314332537572628,1,17
EleutherAI/pythia-160m,noun_role,nsubj+obj,6,768,16951,49,10,0.8977186523181037,0.06269587130871329,0.039585476373183,True,0.010982868150461601,0.19099729176735297,1,16
EleutherAI/pythia-160m,noun_role,nsubj+obj,7,768,16951,49,10,0.9053759605018643,0.05407703052013048,0.040547008978005165,True,0.007079068571214773,0.15361090990302548,1,20
EleutherAI/pythia-160m,noun_role,nsubj+obj,8,768,16951,49,10,0.9101983419187946,0.04457169780831736,0.045229960272888135,True,0.003912295210016065,0.17286153053431433,1,21
EleutherAI/pythia-160m,noun_role,nsubj+obj,9,768,16951,49,10,0.9000375308771467,0.048341747990269045,0.05162072113258434,True,0.0027157547488864883,0.160086384634441,1,25
EleutherAI/pythia-160m,noun_role,nsubj+obj,10,768,16951,49,10,0.8565740657450922,0.07529704072725027,0.06812889352765752,True,0.0042682827909168095,0.19604987427715062,1,24
EleutherAI/pythia-160m,noun_role,nsubj+obj,11,768,16951,49,10,0.8245027524293593,0.08876700839377248,0.08673023917686808,True,0.004148950120367639,0.22228866279735968,1,22
EleutherAI/pythia-160m,noun_role,nsubj+obj,12,768,16951,49,10,0.8278344341138879,0.07874080512965997,0.09342476075645217,True,0.004914131965049155,0.17915304561830378,1,26
EleutherAI/pythia-410m,noun_role,nsubj+obj,0,1024,16927,49,10,0.9982873142212948,8.950765721105533e-05,0.0016231781214941737,False,,,1,13
EleutherAI/pythia-410m,noun_role,nsubj+obj,1,1024,16927,49,10,0.993408867909268,0.0011419269741653497,0.005449205116566694,False,,,1,28
EleutherAI/pythia-410m,noun_role,nsubj+obj,2,1024,16927,49,10,0.9902876455751674,0.0019152840351010184,0.007797070389731506,False,,,1,29
EleutherAI/pythia-410m,noun_role,nsubj+obj,3,1024,16927,49,10,0.9877976047500981,0.0027354689288546586,0.00946692632104715,False,,,1,29
EleutherAI/pythia-410m,noun_role,nsubj+obj,4,1024,16927,49,10,0.9860164907826224,0.003363267814953445,0.010620241402424077,False,,,1,30
EleutherAI/pythia-410m,noun_role,nsubj+obj,5,1024,16927,49,10,0.9842862955195683,0.0038505268400114145,0.011863177640420322,False,,,1,29
EleutherAI/pythia-410m,noun_role,nsubj+obj,6,1024,16927,49,10,0.9829036572180555,0.004241427283279325,0.012854915498665097,False,,,1,30
EleutherAI/pythia-410m,noun_role,nsubj+obj,7,1024,16927,49,10,0.9816324979513804,0.00465371618647562,0.0137137858621439,False,,,1,30
EleutherAI/pythia-410m,noun_role,nsubj+obj,8,1024,16927,49,10,0.9808210606721087,0.004785765807965453,0.014393173519925893,False,,,1,30
EleutherAI/pythia-410m,noun_role,nsubj+obj,9,1024,16927,49,10,0.9796810048017353,0.005206335212732868,0.015112659985531886,False,,,1,29
EleutherAI/pythia-410m,noun_role,nsubj+obj,10,1024,16927,49,10,0.9786646377357004,0.005540475608542907,0.01579488665575662,False,,,1,29
EleutherAI/pythia-410m,noun_role,nsubj+obj,11,1024,16927,49,10,0.9776899986646957,0.005860838119298669,0.016449163216005525,False,,,1,29
EleutherAI/pythia-410m,noun_role,nsubj+obj,12,1024,16927,49,10,0.9767389276405375,0.006206840665503713,0.017054231693958755,False,,,1,29
EleutherAI/pythia-410m,noun_role,nsubj+obj,13,1024,16927,49,10,0.9756620017261585,0.00676221582928179,0.017575782444559762,False,,,1,28
EleutherAI/pythia-410m,noun_role,nsubj+obj,14,1024,16927,49,10,0.9749130547644157,0.006973643847557384,0.018113301388027015,False,,,1,28
EleutherAI/pythia-410m,noun_role,nsubj+obj,15,1024,16927,49,10,0.9740820993314642,0.007253981794671463,0.01866391887386445,False,,,1,28
EleutherAI/pythia-410m,noun_role,nsubj+obj,16,1024,16927,49,10,0.9733797961844033,0.0075809797167008105,0.019039224098895833,False,,,1,28
EleutherAI/pythia-410m,noun_role,nsubj+obj,17,1024,16927,49,10,0.9726802610853879,0.008026068985661352,0.019293669928950888,False,,,1,27
EleutherAI/pythia-410m,noun_role,nsubj+obj,18,1024,16927,49,10,0.9717937053594373,0.008375924093884473,0.01983037054667816,False,,,1,27
EleutherAI/pythia-410m,noun_role,nsubj+obj,19,1024,16927,49,10,0.9710580839693188,0.008750523470533685,0.02019139256014744,True,,0.14172476884418503,1,27
EleutherAI/pythia-410m,noun_role,nsubj+obj,20,1024,16927,49,10,0.9699659882698828,0.009213050805878647,0.020820960924238605,True,,0.1401945365437088,1,27
EleutherAI/pythia-410m,noun_role,nsubj+obj,21,1024,16927,49,10,0.9693931650253617,0.009401030110065753,0.021205804864572637,True,,0.13863933581887522,1,27
EleutherAI/pythia-410m,noun_role,nsubj+obj,22,1024,16927,49,10,0.9691734489524795,0.009463867710554024,0.021362683336966466,True,,0.1402522078446753,1,27
EleutherAI/pythia-410m,noun_role,nsubj+obj,23,1024,16927,49,10,0.9684505808353583,0.009653295218106178,0.02189612394653561,True,,0.14159702740121782,1,27
EleutherAI/pythia-410m,noun_role,nsubj+obj,24,1024,16927,49,10,0.9686821177689541,0.009835959181645289,0.021481923049400595,True,,0.14612772330424392,1,28
EleutherAI/pythia-410m,noun_role,nsubj+obj,0,1024,16927,49,10,0.9987845522802565,5.683642174269469e-05,0.0011586112980008154,False,,,1,10
EleutherAI/pythia-410m,noun_role,nsubj+obj,1,1024,16927,49,10,0.9941602086311,0.0020825671797156386,0.003757224189184416,False,,,1,23
EleutherAI/pythia-410m,noun_role,nsubj+obj,2,1024,16927,49,10,0.9867244146363683,0.0044554766884919664,0.00882010867513985,False,,,1,26
EleutherAI/pythia-410m,noun_role,nsubj+obj,3,1024,16927,49,10,0.9797952495639289,0.006546667321518549,0.01365808311455257,False,,,1,31
EleutherAI/pythia-410m,noun_role,nsubj+obj,4,1024,16927,49,10,0.975565175912423,0.00796257063988325,0.016472253447693767,False,,,1,31
EleutherAI/pythia-410m,noun_role,nsubj+obj,5,1024,16927,49,10,0.968461892662141,0.011782910606984245,0.019755196730874804,False,,,1,29
EleutherAI/pythia-410m,noun_role,nsubj+obj,6,1024,16927,49,10,0.9426127129904812,0.02864649993068498,0.028740787078833766,True,0.004532194367595223,0.15859652993860796,1,11
EleutherAI/pythia-410m,noun_role,nsubj+obj,7,1024,16927,49,10,0.9355594615821086,0.02918150721063097,0.03525903120726035,True,0.006154897816682885,0.1714105705824643,1,11
EleutherAI/pythia-410m,noun_role,nsubj+obj,8,1024,16927,49,10,0.9257143584231463,0.03537797278406956,0.038907668792784074,True,0.004763564718891122,0.15384300470898346,1,13
EleutherAI/pythia-410m,noun_role,nsubj+obj,9,1024,16927,49,10,0.9264748816148723,0.03383771854323305,0.03968739984189447,True,0.005028081088206392,0.15536385574726294,1,13
EleutherAI/pythia-410m,noun_role,nsubj+obj,10,1024,16927,49,10,0.9207158531690945,0.03752430880385775,0.04175983802704773,True,0.004439427817698371,0.15369975993025675,1,14
EleutherAI/pythia-410m,noun_role,nsubj+obj,11,1024,16927,49,10,0.9242310018805803,0.03331112350094996,0.042457874618469685,True,0.0041827953465781425,0.15622920615193303,1,15
EleutherAI/pythia-410m,noun_role,nsubj+obj,12,1024,16927,49,10,0.9256265787262213,0.03269628523982835,0.04167713603395032,True,0.00440432670517192,0.16580878487662673,1,14
EleutherAI/pythia-410m,noun_role,nsubj+obj,13,1024,16927,49,10,0.9212850110086217,0.03674008964319338,0.041974899348184935,True,0.003878583362765326,0.1623801736204145,1,15
EleutherAI/pythia-410m,noun_role,nsubj+obj,14,1024,16927,49,10,0.9190962673086186,0.03769017228105205,0.04321356041032932,True,0.0065120871122405655,0.16950468044727407,1,16
EleutherAI/pythia-410m,noun_role,nsubj+obj,15,1024,16927,49,10,0.9191962212968501,0.036958583029812815,0.04384519567333717,True,0.0028908436246654922,0.15384438942107656,1,18
EleutherAI/pythia-410m,noun_role,nsubj+obj,16,1024,16927,49,10,0.911054447665779,0.04321656528596009,0.04572898704826087,True,0.002494664223768028,0.15088142454765147,1,20
EleutherAI/pythia-410m,noun_role,nsubj+obj,17,1024,16927,49,10,0.907031074102438,0.043695289604377394,0.04927363629318449,True,0.0033300646739041592,0.15597401621479257,1,22
EleutherAI/pythia-410m,noun_role,nsubj+obj,18,1024,16927,49,10,0.8824810210868078,0.059788754597226046,0.05773022431596598,True,0.007226390265166953,0.16794323624342983,1,23
EleutherAI/pythia-410m,noun_role,nsubj+obj,19,1024,16927,49,10,0.8638659363057718,0.07023835762671796,0.0658957060675103,True,0.01282606108873664,0.18170458452058172,1,22
EleutherAI/pythia-410m,noun_role,nsubj+obj,20,1024,16927,49,10,0.8558402281959976,0.06904072070744806,0.07511905109655431,True,0.017764851544589618,0.20814791494786258,1,21
EleutherAI/pythia-410m,noun_role,nsubj+obj,21,1024,16927,49,10,0.8487085739035864,0.06681731747258633,0.08447410862382722,True,0.009853398057670843,0.2333102968681279,1,20
EleutherAI/pythia-410m,noun_role,nsubj+obj,22,1024,16927,49,10,0.8417881784528675,0.0653072073769565,0.09290461417017598,True,0.003520930934841188,0.22391836413162786,1,21
EleutherAI/pythia-410m,noun_role,nsubj+obj,23,1024,16927,49,10,0.8381034185315884,0.07059779375626317,0.09129878771214842,True,0.004094608907755503,0.2102016537628135,1,24
EleutherAI/pythia-410m,noun_role,nsubj+obj,24,1024,16927,49,10,0.8379868973064826,0.07535958614776866,0.08665351654574886,True,0.004690996594541554,0.1603295638763785,1,29
znhoughton/opt-babylm-125m-20eps-seed964,noun_role,nsubj+obj,0,768,16951,49,10,0.9842317631404075,0.01101583504583334,0.00475240181375936,False,,,1,7
znhoughton/opt-babylm-125m-20eps-seed964,noun_role,nsubj+obj,1,768,16951,49,10,0.9907611019330086,0.003580622049745349,0.005658276017246081,False,,,1,30
znhoughton/opt-babylm-125m-20eps-seed964,noun_role,nsubj+obj,2,768,16951,49,10,0.9912059582131392,0.0038231451405110004,0.004970896646349779,False,,,1,30
znhoughton/opt-babylm-125m-20eps-seed964,noun_role,nsubj+obj,3,768,16951,49,10,0.9876490997633054,0.007129254176815594,0.0052216460598789515,False,,,1,28
znhoughton/opt-babylm-125m-20eps-seed964,noun_role,nsubj+obj,4,768,16951,49,10,0.9799651087039818,0.01329626227154767,0.0067386290244706,False,,,1,24
znhoughton/opt-babylm-125m-20eps-seed964,noun_role,nsubj+obj,5,768,16951,49,10,0.9685343855253536,0.02043522298982957,0.011030391484816892,False,0.0019997487036733297,,1,25
znhoughton/opt-babylm-125m-20eps-seed964,noun_role,nsubj+obj,6,768,16951,49,10,0.9622814751981438,0.023201040707312645,0.01451748409454342,False,0.0017670068535070335,,1,24
znhoughton/opt-babylm-125m-20eps-seed964,noun_role,nsubj+obj,7,768,16951,49,10,0.9552193856724762,0.02764074132823106,0.017139872999292687,False,0.00148879401980624,,1,26
znhoughton/opt-babylm-125m-20eps-seed964,noun_role,nsubj+obj,8,768,16951,49,10,0.941710418170377,0.036822272434560925,0.02146730939506194,True,0.0018695113337965643,0.09148611755041296,1,27
znhoughton/opt-babylm-125m-20eps-seed964,noun_role,nsubj+obj,9,768,16951,49,10,0.9279469786849313,0.04641032258722536,0.025642698727843343,True,0.0021666472188653515,0.10026386761165271,1,27
znhoughton/opt-babylm-125m-20eps-seed964,noun_role,nsubj+obj,10,768,16951,49,10,0.9153797394594936,0.052324666967211886,0.0322955935732945,True,0.003011984083248748,0.10552430535430173,1,27
znhoughton/opt-babylm-125m-20eps-seed964,noun_role,nsubj+obj,11,768,16951,49,10,0.9000791089579805,0.05997721643854325,0.03994367460347638,True,0.004010990001438367,0.1197557652942798,1,25
znhoughton/opt-babylm-125m-20eps-seed964,noun_role,nsubj+obj,12,768,16951,49,10,0.8960874077560022,0.05829963599503764,0.04561295624896008,True,0.003828683253988309,0.12133946105959798,1,26
znhoughton/opt-babylm-125m-20eps-seed964,noun_role,nsubj+obj,0,768,16951,49,10,0.9818301724921602,0.012452237313707882,0.005717590194131939,False,,,1,13
znhoughton/opt-babylm-125m-20eps-seed964,noun_role,nsubj+obj,1,768,16951,49,10,0.8452528201998083,0.09139912731455306,0.06334805248563873,True,0.02184793374862933,0.23601951832313686,1,24
znhoughton/opt-babylm-125m-20eps-seed964,noun_role,nsubj+obj,2,768,16951,49,10,0.8252010047201714,0.1039317653832156,0.07086722989661293,True,0.028053542765595903,0.25077964942849174,1,25
znhoughton/opt-babylm-125m-20eps-seed964,noun_role,nsubj+obj,3,768,16951,49,10,0.8064097865850497,0.11792805539904845,0.07566215801590181,True,0.030765757931735735,0.262464982405332,1,24
znhoughton/opt-babylm-125m-20eps-seed964,noun_role,nsubj+obj,4,768,16951,49,10,0.7925706721719804,0.12642597115496215,0.08100335667305762,True,0.034719813873105604,0.27430924019478164,1,23
znhoughton/opt-babylm-125m-20eps-seed964,noun_role,nsubj+obj,5,768,16951,49,10,0.7910440094786167,0.12529911375881495,0.08365687676256825,True,0.0357503468988511,0.27177162257029863,1,24
znhoughton/opt-babylm-125m-20eps-seed964,noun_role,nsubj+obj,6,768,16951,49,10,0.7829528761708017,0.13217316812677435,0.08487395570242383,True,0.03727928773222354,0.2799468522413876,1,23
znhoughton/opt-babylm-125m-20eps-seed964,noun_role,nsubj+obj,7,768,16951,49,10,0.777311177456736,0.13405422882797213,0.08863459371529188,True,0.03796337530119187,0.287459887511449,1,23
znhoughton/opt-babylm-125m-20eps-seed964,noun_role,nsubj+obj,8,768,16951,49,10,0.7758998747440141,0.1334915871391654,0.09060853811682039,True,0.03547529213690977,0.28518181170182166,1,23
znhoughton/opt-babylm-125m-20eps-seed964,noun_role,nsubj+obj,9,768,16951,49,10,0.7700709915132075,0.13869784090227488,0.09123116758451769,True,0.03559697666121735,0.2819538932082255,1,23
znhoughton/opt-babylm-125m-20eps-seed964,noun_role,nsubj+obj,10,768,16951,49,10,0.7704860592948648,0.1385475825444079,0.09096635816072726,True,0.03556539793957084,0.28009412884952545,1,23
znhoughton/opt-babylm-125m-20eps-seed964,noun_role,nsubj+obj,11,768,16951,49,10,0.7640928732784956,0.14550690493363427,0.09040022178787012,True,0.03622390574293871,0.28506140786939105,1,23
znhoughton/opt-babylm-125m-20eps-seed964,noun_role,nsubj+obj,12,768,16951,49,10,0.7651603972469282,0.14249837222443612,0.09234123052863556,True,0.035570188853506705,0.283967111667116,1,23
EleutherAI/pythia-1.4b,noun_role,nsubj+obj,0,2048,16927,49,10,0.9981867705142339,9.280309050112977e-05,0.001720426395265032,False,,,1,12
EleutherAI/pythia-1.4b,noun_role,nsubj+obj,1,2048,16927,49,10,0.9927545883429716,0.0013144057437047135,0.005931005913323745,False,,,1,29
EleutherAI/pythia-1.4b,noun_role,nsubj+obj,2,2048,16927,49,10,0.9894793822342287,0.002218219616691881,0.008302398149079349,False,,,1,31
EleutherAI/pythia-1.4b,noun_role,nsubj+obj,3,2048,16927,49,10,0.9870616405428383,0.0029409988659147616,0.009997360591246937,False,,,1,31
EleutherAI/pythia-1.4b,noun_role,nsubj+obj,4,2048,16927,49,10,0.9854750001870284,0.003282270714679311,0.011242729098292228,False,,,1,32
EleutherAI/pythia-1.4b,noun_role,nsubj+obj,5,2048,16927,49,10,0.9838623034065447,0.003717487064831045,0.012420209528624269,False,,,1,32
EleutherAI/pythia-1.4b,noun_role,nsubj+obj,6,2048,16927,49,10,0.9827148182038447,0.004035649911931741,0.01324953188422361,False,,,1,32
EleutherAI/pythia-1.4b,noun_role,nsubj+obj,7,2048,16927,49,10,0.981656260570213,0.004378183067307149,0.013965556362479838,False,,,1,32
EleutherAI/pythia-1.4b,noun_role,nsubj+obj,8,2048,16927,49,10,0.9807530334700135,0.004670940743872374,0.01457602578611418,False,,,1,32
EleutherAI/pythia-1.4b,noun_role,nsubj+obj,9,2048,16927,49,10,0.9799376315086579,0.005031331873024867,0.015031036618317298,False,,,1,31
EleutherAI/pythia-1.4b,noun_role,nsubj+obj,10,2048,16927,49,10,0.9790539456639002,0.005234193607888775,0.01571186072821103,False,,,1,32
EleutherAI/pythia-1.4b,noun_role,nsubj+obj,11,2048,16927,49,10,0.9783087871454814,0.005438747607644251,0.016252465246874247,False,,,1,31
EleutherAI/pythia-1.4b,noun_role,nsubj+obj,12,2048,16927,49,10,0.9774372149112751,0.00570776071925799,0.01685502436946703,False,,,1,31
EleutherAI/pythia-1.4b,noun_role,nsubj+obj,13,2048,16927,49,10,0.9767985908407099,0.005831118325304578,0.01737029083398556,False,,,1,31
EleutherAI/pythia-1.4b,noun_role,nsubj+obj,14,2048,16927,49,10,0.97630099818515,0.005955955017664547,0.017743046797185434,False,,,1,32
EleutherAI/pythia-1.4b,noun_role,nsubj+obj,15,2048,16927,49,10,0.9755670454892931,0.006179722604463211,0.018253231906243696,False,,,1,31
EleutherAI/pythia-1.4b,noun_role,nsubj+obj,16,2048,16927,49,10,0.9748163328360783,0.006464135776146424,0.018719531387775372,False,,,1,31
EleutherAI/pythia-1.4b,noun_role,nsubj+obj,17,2048,16927,49,10,0.9744058980435092,0.00665111367917316,0.018942988277317684,False,,,1,31
EleutherAI/pythia-1.4b,noun_role,nsubj+obj,18,2048,16927,49,10,0.9738198347728598,0.0069169613728215455,0.01926320385431863,False,,,1,31
EleutherAI/pythia-1.4b,noun_role,nsubj+obj,19,2048,16927,49,10,0.97342215875471,0.007097410969270269,0.019480430276019603,False,,,1,31
EleutherAI/pythia-1.4b,noun_role,nsubj+obj,20,2048,16927,49,10,0.9727749202163237,0.007229736655612154,0.019995343128064096,False,,,1,31
EleutherAI/pythia-1.4b,noun_role,nsubj+obj,21,2048,16927,49,10,0.9721627514593857,0.0075069121925418324,0.020330336348072367,True,,0.09529941318144111,1,31
EleutherAI/pythia-1.4b,noun_role,nsubj+obj,22,2048,16927,49,10,0.9716674939295573,0.007613850058908037,0.02071865601153452,True,,0.09479772887194493,1,31
EleutherAI/pythia-1.4b,noun_role,nsubj+obj,23,2048,16927,49,10,0.9709492852351362,0.007915931977904847,0.02113478278695895,True,,0.09638425086045636,1,31
EleutherAI/pythia-1.4b,noun_role,nsubj+obj,24,2048,16927,49,10,0.9707666501523192,0.008234314894617614,0.020999034953063146,True,,0.0977554818049528,1,31
EleutherAI/pythia-1.4b,noun_role,nsubj+obj,0,2048,16927,49,10,0.9987348587824534,6.251233646049416e-05,0.0012026288810861306,False,,,1,11
EleutherAI/pythia-1.4b,noun_role,nsubj+obj,1,2048,16927,49,10,0.9913059278467315,0.0030516014208636895,0.005642470732404864,False,,,1,27
EleutherAI/pythia-1.4b,noun_role,nsubj+obj,2,2048,16927,49,10,0.9802396700053454,0.006938437955019766,0.012821892039634762,False,,,1,30
EleutherAI/pythia-1.4b,noun_role,nsubj+obj,3,2048,16927,49,10,0.969946110275243,0.009075510822095125,0.020978378902661955,True,,0.04883095952739118,1,32
EleutherAI/pythia-1.4b,noun_role,nsubj+obj,4,2048,16927,49,10,0.9517726819175503,0.019035792044848024,0.029191526037601827,True,,0.11117692423168685,1,16
EleutherAI/pythia-1.4b,noun_role,nsubj+obj,5,2048,16927,49,10,0.9444337197773003,0.02204158076038013,0.03352469946231954,True,0.0026228151482498587,0.09737449196668478,1,20
EleutherAI/pythia-1.4b,noun_role,nsubj+obj,6,2048,16927,49,10,0.9335178085886544,0.02710278037535131,0.03937941103599438,True,0.002627644575022895,0.09426127628716659,1,23
EleutherAI/pythia-1.4b,noun_role,nsubj+obj,7,2048,16927,49,10,0.9281841995700861,0.02847151154428417,0.043344288885629606,True,0.0025613416393327803,0.09398470448940838,1,24
EleutherAI/pythia-1.4b,noun_role,nsubj+obj,8,2048,16927,49,10,0.9226056411292539,0.031156357853240727,0.046238001017505394,True,0.0024641644313995047,0.09150019060949707,1,26
EleutherAI/pythia-1.4b,noun_role,nsubj+obj,9,2048,16927,49,10,0.9226880525209409,0.030944622731548226,0.04636732474751088,True,0.0021379190956709957,0.0865752157273346,1,28
EleutherAI/pythia-1.4b,noun_role,nsubj+obj,10,2048,16927,49,10,0.9174499664270489,0.035459224570572725,0.04709080900237839,True,0.002175060771244302,0.08897538467718485,1,28
EleutherAI/pythia-1.4b,noun_role,nsubj+obj,11,2048,16927,49,10,0.9216162388861224,0.0325746935732041,0.04580906754067347,True,0.0019429057966148374,0.08730423951528711,1,29
EleutherAI/pythia-1.4b,noun_role,nsubj+obj,12,2048,16927,49,10,0.9189973831243811,0.035758379903578726,0.045244236972040115,True,0.0015630173449790701,0.08856019980409975,1,30
EleutherAI/pythia-1.4b,noun_role,nsubj+obj,13,2048,16927,49,10,0.9150867249263135,0.03807657123673825,0.04683670383694837,True,0.0014479540661011,0.0927479784077098,1,30
EleutherAI/pythia-1.4b,noun_role,nsubj+obj,14,2048,16927,49,10,0.9108230225369801,0.03999719767148681,0.0491797797915331,True,0.0018699019013048172,0.10578489764671291,1,30
EleutherAI/pythia-1.4b,noun_role,nsubj+obj,15,2048,16927,49,10,0.9043571167067874,0.042453394086996936,0.05318948920621554,True,0.002333138342983956,0.10896143839098811,1,30
EleutherAI/pythia-1.4b,noun_role,nsubj+obj,16,2048,16927,49,10,0.8953970287545298,0.0474170940123015,0.05718587723316873,True,0.0029713723446539277,0.12464716396692374,1,31
EleutherAI/pythia-1.4b,noun_role,nsubj+obj,17,2048,16927,49,10,0.8835689063452786,0.05315666815713615,0.06327442549758522,True,0.002823517491964172,0.1347957156778167,1,30
EleutherAI/pythia-1.4b,noun_role,nsubj+obj,18,2048,16927,49,10,0.8729760242337877,0.057545700343777095,0.0694782754224353,True,0.0033426226181246647,0.14338019102138364,1,29
EleutherAI/pythia-1.4b,noun_role,nsubj+obj,19,2048,16927,49,10,0.8670486898391366,0.05854141066576337,0.07440989949510013,True,0.003360823137311949,0.14191901620709327,1,29
EleutherAI/pythia-1.4b,noun_role,nsubj+obj,20,2048,16927,49,10,0.8559729802823257,0.06444628358718606,0.07958073613048831,True,0.0037313190025237055,0.14967971350909248,1,29
EleutherAI/pythia-1.4b,noun_role,nsubj+obj,21,2048,16927,49,10,0.8444745068390647,0.06956894165048202,0.08595655151045327,True,0.003743081430097521,0.14732557888898884,1,29
EleutherAI/pythia-1.4b,noun_role,nsubj+obj,22,2048,16927,49,10,0.8346143416865284,0.07495570903730128,0.09042994927617042,True,0.005172689427044896,0.1464441693603568,1,29
EleutherAI/pythia-1.4b,noun_role,nsubj+obj,23,2048,16927,49,10,0.8161690666412709,0.08485329630749186,0.0989776370512373,True,0.006006787296964459,0.15405131647265768,1,29
EleutherAI/pythia-1.4b,noun_role,nsubj+obj,24,2048,16927,49,10,0.8262216121365605,0.07940516973261674,0.09437321813082276,True,0.006183871456644996,0.14104905331873394,1,30
znhoughton/opt-babylm-350m-20eps-seed964,noun_role,nsubj+obj,0,1024,16927,49,10,0.9917851132911119,0.0057496344071879014,0.00246525230170022,False,,,1,12
znhoughton/opt-babylm-350m-20eps-seed964,noun_role,nsubj+obj,1,1024,16927,49,10,0.9933101219878991,0.004447895122183503,0.0022419828899173265,False,,,1,16
znhoughton/opt-babylm-350m-20eps-seed964,noun_role,nsubj+obj,2,1024,16927,49,10,0.993390784265483,0.0038960511525594275,0.002713164581957462,False,,,1,21
znhoughton/opt-babylm-350m-20eps-seed964,noun_role,nsubj+obj,3,1024,16927,49,10,0.9930083876451303,0.003735149675212376,0.0032564626796573676,False,,,1,23
znhoughton/opt-babylm-350m-20eps-seed964,noun_role,nsubj+obj,4,1024,16927,49,10,0.9926720478196865,0.0035006662958426533,0.003827285884470783,False,,,1,23
znhoughton/opt-babylm-350m-20eps-seed964,noun_role,nsubj+obj,5,1024,16927,49,10,0.9923631709861931,0.003488243775862391,0.004148585237944401,False,,,1,24
znhoughton/opt-babylm-350m-20eps-seed964,noun_role,nsubj+obj,6,1024,16927,49,10,0.9921926434492798,0.0033431382898502365,0.004464218260869868,False,,,1,24
znhoughton/opt-babylm-350m-20eps-seed964,noun_role,nsubj+obj,7,1024,16927,49,10,0.9919824519696713,0.003274187830999273,0.004743360199329472,False,,,1,24
znhoughton/opt-babylm-350m-20eps-seed964,noun_role,nsubj+obj,8,1024,16927,49,10,0.9919478868600953,0.0030701195484555623,0.0049819935914490006,False,,,1,24
znhoughton/opt-babylm-350m-20eps-seed964,noun_role,nsubj+obj,9,1024,16927,49,10,0.9919413732066307,0.002968901566505006,0.005089725226864448,False,,,1,24
znhoughton/opt-babylm-350m-20eps-seed964,noun_role,nsubj+obj,10,1024,16927,49,10,0.9922889629759972,0.0027919361886545716,0.004919100835348061,False,,,1,25
znhoughton/opt-babylm-350m-20eps-seed964,noun_role,nsubj+obj,11,1024,16927,49,10,0.9923529321920866,0.0028170597736835415,0.004830008034229844,False,,,1,25
znhoughton/opt-babylm-350m-20eps-seed964,noun_role,nsubj+obj,12,1024,16927,49,10,0.9926512017286805,0.002655316912221123,0.00469348135909858,False,,,1,25
znhoughton/opt-babylm-350m-20eps-seed964,noun_role,nsubj+obj,13,1024,16927,49,10,0.9928836106673561,0.0025666295878478997,0.004549759744795991,False,,,1,26
znhoughton/opt-babylm-350m-20eps-seed964,noun_role,nsubj+obj,14,1024,16927,49,10,0.9929041050898259,0.002578464179218404,0.004517430730955848,False,,,1,26
znhoughton/opt-babylm-350m-20eps-seed964,noun_role,nsubj+obj,15,1024,16927,49,10,0.9930496154759599,0.0024796246932320557,0.004470759830807869,False,,,1,25
znhoughton/opt-babylm-350m-20eps-seed964,noun_role,nsubj+obj,16,1024,16927,49,10,0.993018679540896,0.0025626281121580614,0.004418692346946028,False,,,1,25
znhoughton/opt-babylm-350m-20eps-seed964,noun_role,nsubj+obj,17,1024,16927,49,10,0.9927594911327047,0.002835892881334106,0.004404615985961225,False,,,1,23
znhoughton/opt-babylm-350m-20eps-seed964,noun_role,nsubj+obj,18,1024,16927,49,10,0.9918133957288416,0.003715233148392978,0.004471371122765262,False,,,1,22
znhoughton/opt-babylm-350m-20eps-seed964,noun_role,nsubj+obj,19,1024,16927,49,10,0.9881407311196418,0.0067443851102104106,0.005114883770147813,False,,,1,20
znhoughton/opt-babylm-350m-20eps-seed964,noun_role,nsubj+obj,20,1024,16927,49,10,0.9746211711596579,0.01746393233795562,0.007914896502386765,False,,,1,21
znhoughton/opt-babylm-350m-20eps-seed964,noun_role,nsubj+obj,21,1024,16927,49,10,0.9556525052934898,0.028464159484019036,0.015883335222491222,False,0.0018855341507122017,,1,24
znhoughton/opt-babylm-350m-20eps-seed964,noun_role,nsubj+obj,22,1024,16927,49,10,0.9371595598982546,0.03888728754431475,0.02395315255743064,True,0.0018939571575979192,0.07529403084373804,1,26
znhoughton/opt-babylm-350m-20eps-seed964,noun_role,nsubj+obj,23,1024,16927,49,10,0.9190904695882323,0.04737976111129351,0.033529769300474174,True,0.0027236959812261775,0.09364442218984614,1,27
znhoughton/opt-babylm-350m-20eps-seed964,noun_role,nsubj+obj,24,1024,16927,49,10,0.8989601143122091,0.05671359253022333,0.044326293157567545,True,0.0038341827526930093,0.11094993909426348,1,26
znhoughton/opt-babylm-350m-20eps-seed964,noun_role,nsubj+obj,0,1024,16927,49,10,0.9827167851902966,0.01202048789051413,0.005262726919189315,False,,,1,14
znhoughton/opt-babylm-350m-20eps-seed964,noun_role,nsubj+obj,1,1024,16927,49,10,0.9813492155787671,0.012286666644528784,0.0063641177767040985,False,,,1,16
znhoughton/opt-babylm-350m-20eps-seed964,noun_role,nsubj+obj,2,1024,16927,49,10,0.9798360551216964,0.012218931002247269,0.007945013876056417,False,,,1,18
znhoughton/opt-babylm-350m-20eps-seed964,noun_role,nsubj+obj,3,1024,16927,49,10,0.9777364525878246,0.012747428674348178,0.00951611873782734,False,,,1,19
znhoughton/opt-babylm-350m-20eps-seed964,noun_role,nsubj+obj,4,1024,16927,49,10,0.9764321261216062,0.013140498343955117,0.010427375534438498,False,,,1,21
znhoughton/opt-babylm-350m-20eps-seed964,noun_role,nsubj+obj,5,1024,16927,49,10,0.9737107096898396,0.01444725427408039,0.011842036036080052,False,,,1,22
znhoughton/opt-babylm-350m-20eps-seed964,noun_role,nsubj+obj,6,1024,16927,49,10,0.9720315448264291,0.014904333764239287,0.013064121409331653,False,,,1,23
znhoughton/opt-babylm-350m-20eps-seed964,noun_role,nsubj+obj,7,1024,16927,49,10,0.9698011927276032,0.015872996403826414,0.014325810868570259,False,,,1,23
znhoughton/opt-babylm-350m-20eps-seed964,noun_role,nsubj+obj,8,1024,16927,49,10,0.96872616833424,0.01626243344941454,0.015011398216345418,False,,,1,24
znhoughton/opt-babylm-350m-20eps-seed964,noun_role,nsubj+obj,9,1024,16927,49,10,0.9647451464797707,0.01872222579978013,0.016532627720449184,False,,,1,25
znhoughton/opt-babylm-350m-20eps-seed964,noun_role,nsubj+obj,10,1024,16927,49,10,0.9621828457191475,0.019955050383070893,0.017862103897781683,False,,,1,25
znhoughton/opt-babylm-350m-20eps-seed964,noun_role,nsubj+obj,11,1024,16927,49,10,0.9589935908516417,0.021953294351272305,0.01905311479708596,False,0.008371638971869428,,1,25
znhoughton/opt-babylm-350m-20eps-seed964,noun_role,nsubj+obj,12,1024,16927,49,10,0.957615808436277,0.022255375320910743,0.02012881624281225,True,0.0069004396534665,0.15924786957865134,1,26
znhoughton/opt-babylm-350m-20eps-seed964,noun_role,nsubj+obj,13,1024,16927,49,10,0.9535024096362442,0.024455224988887272,0.022042365374868454,True,0.007039837644325592,0.16933438451056693,1,25
znhoughton/opt-babylm-350m-20eps-seed964,noun_role,nsubj+obj,14,1024,16927,49,10,0.9481837921704919,0.027549808523309138,0.024266399306199032,True,0.008270268401486314,0.18357111416361807,1,24
znhoughton/opt-babylm-350m-20eps-seed964,noun_role,nsubj+obj,15,1024,16927,49,10,0.9424320013973901,0.03108249782039001,0.0264855007822198,True,0.008251787179495583,0.19044834526467394,1,24
znhoughton/opt-babylm-350m-20eps-seed964,noun_role,nsubj+obj,16,1024,16927,49,10,0.9339915207403064,0.036232217564991766,0.02977626169470178,True,0.00950011615775893,0.20106249359189055,1,23
znhoughton/opt-babylm-350m-20eps-seed964,noun_role,nsubj+obj,17,1024,16927,49,10,0.9292833392232621,0.03808774139094186,0.03262891938579605,True,0.011312536460331429,0.21147403839783582,1,23
znhoughton/opt-babylm-350m-20eps-seed964,noun_role,nsubj+obj,18,1024,16927,49,10,0.923014227566808,0.04247833829182527,0.034507434141366776,True,0.011794470475961579,0.22254604972398975,1,22
znhoughton/opt-babylm-350m-20eps-seed964,noun_role,nsubj+obj,19,1024,16927,49,10,0.9140060663626395,0.049422742977732456,0.036571190659628015,True,0.01544201093814113,0.22969349367232814,1,21
znhoughton/opt-babylm-350m-20eps-seed964,noun_role,nsubj+obj,20,1024,16927,49,10,0.9041979638736046,0.05627888808441835,0.039523148041977006,True,0.016909755684106242,0.24472646341455215,1,20
znhoughton/opt-babylm-350m-20eps-seed964,noun_role,nsubj+obj,21,1024,16927,49,10,0.8988726943381014,0.060304644456255094,0.0408226612056436,True,0.018168919372435963,0.24980261931892261,1,20
znhoughton/opt-babylm-350m-20eps-seed964,noun_role,nsubj+obj,22,1024,16927,49,10,0.8916950981353395,0.06585321984004575,0.04245168202461488,True,0.01809803939780594,0.2545698505601756,1,20
znhoughton/opt-babylm-350m-20eps-seed964,noun_role,nsubj+obj,23,1024,16927,49,10,0.8863666312154691,0.06879401705038393,0.04483935173414708,True,0.02083559138696156,0.2615321064681562,1,19
znhoughton/opt-babylm-350m-20eps-seed964,noun_role,nsubj+obj,24,1024,16927,49,10,0.8774996411231102,0.07446603658711154,0.048034322289778345,True,0.022049803927847365,0.2753965328968782,1,19
znhoughton/opt-babylm-1.3B-20eps-seed964,noun_role,nsubj+obj,0,2048,16927,49,10,0.9841475609236664,0.010735259791654782,0.0051171792846788754,False,,,1,8
znhoughton/opt-babylm-1.3B-20eps-seed964,noun_role,nsubj+obj,1,2048,16927,49,10,0.9794637127916235,0.004976563776181965,0.015559723432194479,False,,,1,28
znhoughton/opt-babylm-1.3B-20eps-seed964,noun_role,nsubj+obj,2,2048,16927,49,10,0.9774466425117119,0.007447384088518921,0.015105973399769126,False,,,1,25
znhoughton/opt-babylm-1.3B-20eps-seed964,noun_role,nsubj+obj,3,2048,16927,49,10,0.9685225345422338,0.014944991877547038,0.016532473580219195,False,,,1,26
znhoughton/opt-babylm-1.3B-20eps-seed964,noun_role,nsubj+obj,4,2048,16927,49,10,0.9590262327311654,0.02013808600949436,0.020835681259340374,True,0.0015748618345838503,0.10819434885143919,1,28
znhoughton/opt-babylm-1.3B-20eps-seed964,noun_role,nsubj+obj,5,2048,16927,49,10,0.9511303999368995,0.025083621354359688,0.023785978708740864,True,0.0012531001655809455,0.10516636413233672,1,29
znhoughton/opt-babylm-1.3B-20eps-seed964,noun_role,nsubj+obj,6,2048,16927,49,10,0.9455511463868026,0.028467156165889525,0.02598169744730788,True,0.001279809134736719,0.10374854175059486,1,29
znhoughton/opt-babylm-1.3B-20eps-seed964,noun_role,nsubj+obj,7,2048,16927,49,10,0.9441984601302058,0.028168156696182146,0.027633383173612053,True,0.0011491925413744865,0.10044620399953871,1,30
znhoughton/opt-babylm-1.3B-20eps-seed964,noun_role,nsubj+obj,8,2048,16927,49,10,0.9435141522718616,0.027339827141450168,0.029146020586688203,True,0.001210042524563128,0.09917654219622345,1,30
znhoughton/opt-babylm-1.3B-20eps-seed964,noun_role,nsubj+obj,9,2048,16927,49,10,0.9397775878971735,0.02955255312772395,0.03066985897510261,True,0.0012571633731379072,0.09618261271362859,1,31
znhoughton/opt-babylm-1.3B-20eps-seed964,noun_role,nsubj+obj,10,2048,16927,49,10,0.9362921166819876,0.0312146908874906,0.03249319243052166,True,0.0013504286490255589,0.09512669057410418,1,31
znhoughton/opt-babylm-1.3B-20eps-seed964,noun_role,nsubj+obj,11,2048,16927,49,10,0.9334502153667646,0.032301136502667506,0.03424864813056782,True,0.00143682496703627,0.0937463801229399,1,32
znhoughton/opt-babylm-1.3B-20eps-seed964,noun_role,nsubj+obj,12,2048,16927,49,10,0.9310534008891282,0.032504843765843436,0.036441755345028394,True,0.0014737615284421447,0.0919668821043756,1,32
znhoughton/opt-babylm-1.3B-20eps-seed964,noun_role,nsubj+obj,13,2048,16927,49,10,0.9281812334811405,0.03308567779704011,0.03873308872181932,True,0.0013865476638816245,0.09094917036504328,1,32
znhoughton/opt-babylm-1.3B-20eps-seed964,noun_role,nsubj+obj,14,2048,16927,49,10,0.9239938725333293,0.035110473471976676,0.040895653994693956,True,0.0013699179591830446,0.09032273492586261,1,32
znhoughton/opt-babylm-1.3B-20eps-seed964,noun_role,nsubj+obj,15,2048,16927,49,10,0.9214387324614206,0.03538026136467601,0.04318100617390343,True,0.0013636126696938578,0.08935095170313305,1,33
znhoughton/opt-babylm-1.3B-20eps-seed964,noun_role,nsubj+obj,16,2048,16927,49,10,0.9179393261075117,0.036324895134418354,0.045735778758069966,True,0.0014844653636510677,0.08927652286853467,1,33
znhoughton/opt-babylm-1.3B-20eps-seed964,noun_role,nsubj+obj,17,2048,16927,49,10,0.9146907767992575,0.037146297758083494,0.04816292544265906,True,0.0014944394999235064,0.08842116303058563,1,33
znhoughton/opt-babylm-1.3B-20eps-seed964,noun_role,nsubj+obj,18,2048,16927,49,10,0.9113212739267705,0.0378554780445761,0.05082324802865343,True,0.0014355093929377413,0.09061539442233402,1,33
znhoughton/opt-babylm-1.3B-20eps-seed964,noun_role,nsubj+obj,19,2048,16927,49,10,0.9049279189172248,0.04108945568479189,0.053982625397983305,True,0.0015511188395644908,0.09012483808693336,1,34
znhoughton/opt-babylm-1.3B-20eps-seed964,noun_role,nsubj+obj,20,2048,16927,49,10,0.9008944049539523,0.041582929063552806,0.05752266598249487,True,0.001522813211352666,0.0895881318537624,1,34
znhoughton/opt-babylm-1.3B-20eps-seed964,noun_role,nsubj+obj,21,2048,16927,49,10,0.8960498437234281,0.042682383287297135,0.06126777298927476,True,0.001591423303916647,0.09022309438763315,1,34
znhoughton/opt-babylm-1.3B-20eps-seed964,noun_role,nsubj+obj,22,2048,16927,49,10,0.890322321790392,0.04431431925155259,0.06536335895805549,True,0.001789559248748768,0.09128821628303972,1,34
znhoughton/opt-babylm-1.3B-20eps-seed964,noun_role,nsubj+obj,23,2048,16927,49,10,0.8853018430649875,0.045351326478214306,0.06934683045679833,True,0.0020775041314589114,0.09111478668853364,1,34
znhoughton/opt-babylm-1.3B-20eps-seed964,noun_role,nsubj+obj,24,2048,16927,49,10,0.8801009931448448,0.04777252169050685,0.07212648516464838,True,0.002531425103293715,0.08416627857147829,1,35
znhoughton/opt-babylm-1.3B-20eps-seed964,noun_role,nsubj+obj,0,2048,16927,49,10,0.9825531575720382,0.012024512955334889,0.005422329472626833,False,,,1,14
znhoughton/opt-babylm-1.3B-20eps-seed964,noun_role,nsubj+obj,1,2048,16927,49,10,0.820195380405103,0.08611461041937771,0.09369000917551934,True,0.025537029074029122,0.1922708499366849,1,30
znhoughton/opt-babylm-1.3B-20eps-seed964,noun_role,nsubj+obj,2,2048,16927,49,10,0.8008406319626571,0.10010910029655139,0.09905026774079145,True,0.02816838954325032,0.19769294191507933,1,29
znhoughton/opt-babylm-1.3B-20eps-seed964,noun_role,nsubj+obj,3,2048,16927,49,10,0.7866253124764591,0.11035578096527819,0.10301890655826265,True,0.03319871107614761,0.19907875039937514,1,29
znhoughton/opt-babylm-1.3B-20eps-seed964,noun_role,nsubj+obj,4,2048,16927,49,10,0.7797114565262556,0.11508966359499967,0.10519887987874472,True,0.032653829546741626,0.20052732855348007,1,29
znhoughton/opt-babylm-1.3B-20eps-seed964,noun_role,nsubj+obj,5,2048,16927,49,10,0.7733021154606946,0.11923223629726197,0.10746564824204337,True,0.033946766646557415,0.20418472930545833,1,28
znhoughton/opt-babylm-1.3B-20eps-seed964,noun_role,nsubj+obj,6,2048,16927,49,10,0.7643915459973568,0.12522434581234781,0.11038410819029532,True,0.034493652954104385,0.20511602345880398,1,28
znhoughton/opt-babylm-1.3B-20eps-seed964,noun_role,nsubj+obj,7,2048,16927,49,10,0.7591829792882233,0.12930252421476784,0.11151449649700886,True,0.03570446155907748,0.20970237766622676,1,28
znhoughton/opt-babylm-1.3B-20eps-seed964,noun_role,nsubj+obj,8,2048,16927,49,10,0.7556412998074656,0.1314819584734295,0.11287674171910468,True,0.03633655412963149,0.21111041748036452,1,28
znhoughton/opt-babylm-1.3B-20eps-seed964,noun_role,nsubj+obj,9,2048,16927,49,10,0.7542724111567186,0.13147093088547096,0.11425665795781044,True,0.03707251258458046,0.2101816612601938,1,28
znhoughton/opt-babylm-1.3B-20eps-seed964,noun_role,nsubj+obj,10,2048,16927,49,10,0.7506262097820026,0.13447808753310433,0.114895702684893,True,0.03810624773941237,0.21094203639601725,1,28
znhoughton/opt-babylm-1.3B-20eps-seed964,noun_role,nsubj+obj,11,2048,16927,49,10,0.7471829552982947,0.13763262647830615,0.11518441822339921,True,0.03937227599213763,0.21011334707595164,1,28
znhoughton/opt-babylm-1.3B-20eps-seed964,noun_role,nsubj+obj,12,2048,16927,49,10,0.7445401590821261,0.13978394679243253,0.11567589412544146,True,0.04015897110234997,0.21169255857193425,1,28
znhoughton/opt-babylm-1.3B-20eps-seed964,noun_role,nsubj+obj,13,2048,16927,49,10,0.7428995330711288,0.14094333190172376,0.11615713502714758,True,0.04003906887304123,0.2118227018631213,1,28
znhoughton/opt-babylm-1.3B-20eps-seed964,noun_role,nsubj+obj,14,2048,16927,49,10,0.7429865668397657,0.14042693186549832,0.11658650129473602,True,0.039106797169121896,0.21166780459208787,1,28
znhoughton/opt-babylm-1.3B-20eps-seed964,noun_role,nsubj+obj,15,2048,16927,49,10,0.7408853639102536,0.14248193506229478,0.1166327010274516,True,0.039719913642464924,0.21243441422720383,1,28
znhoughton/opt-babylm-1.3B-20eps-seed964,noun_role,nsubj+obj,16,2048,16927,49,10,0.7384044125282588,0.1447895790384226,0.11680600843331856,True,0.040980862539127035,0.2140243051164326,1,28
znhoughton/opt-babylm-1.3B-20eps-seed964,noun_role,nsubj+obj,17,2048,16927,49,10,0.735509294554171,0.14801661382836512,0.11647409161746386,True,0.04190561841274751,0.21444580368592303,1,27
znhoughton/opt-babylm-1.3B-20eps-seed964,noun_role,nsubj+obj,18,2048,16927,49,10,0.7359477254749746,0.14761289796880075,0.11643937655622473,True,0.0413918634607266,0.21387234760082385,1,28
znhoughton/opt-babylm-1.3B-20eps-seed964,noun_role,nsubj+obj,19,2048,16927,49,10,0.7345574613353343,0.14721726786461287,0.11822527080005278,True,0.04176871054042168,0.214355510407052,1,28
znhoughton/opt-babylm-1.3B-20eps-seed964,noun_role,nsubj+obj,20,2048,16927,49,10,0.7329090951207584,0.14767018566870838,0.11942071921053325,True,0.04215130926973357,0.21425750426371826,1,28
znhoughton/opt-babylm-1.3B-20eps-seed964,noun_role,nsubj+obj,21,2048,16927,49,10,0.7320277704811775,0.14855680960202258,0.11941541991679996,True,0.0418533558812596,0.2152462078095,1,28
znhoughton/opt-babylm-1.3B-20eps-seed964,noun_role,nsubj+obj,22,2048,16927,49,10,0.7307294388040562,0.1485911583102731,0.1206794028856707,True,0.042448444034482634,0.21593210485035716,1,28
znhoughton/opt-babylm-1.3B-20eps-seed964,noun_role,nsubj+obj,23,2048,16927,49,10,0.7285677331682313,0.1508772977834437,0.12055496904832495,True,0.04331058574437489,0.21318245092988733,1,27
znhoughton/opt-babylm-1.3B-20eps-seed964,noun_role,nsubj+obj,24,2048,16927,49,10,0.7294002248737796,0.1517357258888267,0.11886404923739356,True,0.04266253675597994,0.21221538344083862,1,27
