model,init,construction,classes,layer,d,n_points,n_items,min_cell,size_item,size_class,size_interaction,sig_interaction,leak_item_into_class,leak_int_into_margins,k_class,k_int,between_share,leak_item_into_class_null_hi,leak_item_into_class_p,leak_int_into_margins_null_hi,leak_int_into_margins_p
znhoughton/opt-babylm-125m-20eps-seed964,pretrained_noposemb,metaphor,lit+met,0,768,88509,180,10,0.999999999034641,9.653590184307526e-10,3.9991941360605725e-21,False,,,1,1,0.9998435907961967,,,,
znhoughton/opt-babylm-125m-20eps-seed964,pretrained_noposemb,metaphor,lit+met,1,768,88509,180,10,0.9960256957001989,0.00030351253075917134,0.0036707917690418017,False,,,1,69,0.7368883607535285,,,,
znhoughton/opt-babylm-125m-20eps-seed964,pretrained_noposemb,metaphor,lit+met,2,768,88509,180,10,0.9953199203117452,0.0004577892744331336,0.004222290413821633,False,,,1,50,0.7350126882457555,,,,
znhoughton/opt-babylm-125m-20eps-seed964,pretrained_noposemb,metaphor,lit+met,3,768,88509,180,10,0.9951986314140506,0.0004824726341615417,0.004318895951787696,False,,,1,47,0.7311256001256178,,,,
znhoughton/opt-babylm-125m-20eps-seed964,pretrained_noposemb,metaphor,lit+met,4,768,88509,180,10,0.9949629737109718,0.0005034884670859535,0.004533537821942277,False,,,1,38,0.690937472995386,,,,
znhoughton/opt-babylm-125m-20eps-seed964,pretrained_noposemb,metaphor,lit+met,5,768,88509,180,10,0.9944070937222543,0.0005447315593598372,0.005048174718385689,False,,,1,46,0.654626796222981,,,,
znhoughton/opt-babylm-125m-20eps-seed964,pretrained_noposemb,metaphor,lit+met,6,768,88509,180,10,0.9932111874430182,0.0006347111837477522,0.006154101373233969,False,,,1,52,0.5994078080811036,,,,
znhoughton/opt-babylm-125m-20eps-seed964,pretrained_noposemb,metaphor,lit+met,7,768,88509,180,10,0.9925660069514831,0.0006241795090719686,0.006809813539444813,False,,,1,58,0.5740080579792761,,,,
znhoughton/opt-babylm-125m-20eps-seed964,pretrained_noposemb,metaphor,lit+met,8,768,88509,180,10,0.9915167353795085,0.0007164003356344507,0.007766864284857004,False,,,1,65,0.5225187979384548,,,,
znhoughton/opt-babylm-125m-20eps-seed964,pretrained_noposemb,metaphor,lit+met,9,768,88509,180,10,0.9889320815965738,0.0009338288292868536,0.010134089574139372,False,,,1,68,0.45360623260462885,,,,
znhoughton/opt-babylm-125m-20eps-seed964,pretrained_noposemb,metaphor,lit+met,10,768,88509,180,10,0.9861487226477996,0.0011325641256797372,0.012718713226520665,False,,,1,71,0.3935047455694544,,,,
znhoughton/opt-babylm-125m-20eps-seed964,pretrained_noposemb,metaphor,lit+met,11,768,88509,180,10,0.9837417283929131,0.0013688744207308117,0.014889397186356273,False,,,1,70,0.35673801530474086,,,,
znhoughton/opt-babylm-125m-20eps-seed964,pretrained_noposemb,metaphor,lit+met,12,768,88509,180,10,0.9823867428992936,0.0015230067079018512,0.016090250392804567,False,,,1,70,0.33021107779271414,,,,
znhoughton/opt-babylm-125m-20eps-seed964,pretrained,metaphor,lit+met,0,768,88509,180,10,0.9989612126395728,0.00018878643005079183,0.0008500009303764372,False,,,1,16,0.6862190247080306,,,,
znhoughton/opt-babylm-125m-20eps-seed964,pretrained,metaphor,lit+met,1,768,88509,180,10,0.9976403487572827,0.00021295693050323798,0.00214669431221402,False,,,1,61,0.7966813153306068,,,,
znhoughton/opt-babylm-125m-20eps-seed964,pretrained,metaphor,lit+met,2,768,88509,180,10,0.9971423623591542,0.000290364457396026,0.00256727318344982,False,,,1,41,0.8150044431106027,,,,
znhoughton/opt-babylm-125m-20eps-seed964,pretrained,metaphor,lit+met,3,768,88509,180,10,0.9963628119433013,0.00040434142154601756,0.0032328466351527066,False,,,1,35,0.8079083154557526,,,,
znhoughton/opt-babylm-125m-20eps-seed964,pretrained,metaphor,lit+met,4,768,88509,180,10,0.994826779345896,0.0005451049552156062,0.004628115698888331,False,,,1,29,0.7790673206853916,,,,
znhoughton/opt-babylm-125m-20eps-seed964,pretrained,metaphor,lit+met,5,768,88509,180,10,0.9922674895737651,0.0006955978475327335,0.007036912578702249,False,,,1,34,0.7311560106270529,,,,
znhoughton/opt-babylm-125m-20eps-seed964,pretrained,metaphor,lit+met,6,768,88509,180,10,0.9883468233438316,0.0009370091064626618,0.010716167549705797,False,,,1,35,0.6655372897342817,,,,
znhoughton/opt-babylm-125m-20eps-seed964,pretrained,metaphor,lit+met,7,768,88509,180,10,0.986534231230366,0.0010207691634491135,0.012444999606184956,False,,,1,39,0.640473720105973,,,,
znhoughton/opt-babylm-125m-20eps-seed964,pretrained,metaphor,lit+met,8,768,88509,180,10,0.983153271384982,0.0013382434026339325,0.01550848521238405,False,,,1,41,0.594129262016675,,,,
znhoughton/opt-babylm-125m-20eps-seed964,pretrained,metaphor,lit+met,9,768,88509,180,10,0.9809045217584034,0.0015176005654907855,0.017577877676105913,False,,,1,44,0.573962605242997,,,,
znhoughton/opt-babylm-125m-20eps-seed964,pretrained,metaphor,lit+met,10,768,88509,180,10,0.9782868517234505,0.001736694140268098,0.019976454136281394,False,,,1,46,0.5425551380342245,,,,
znhoughton/opt-babylm-125m-20eps-seed964,pretrained,metaphor,lit+met,11,768,88509,180,10,0.9755107495300598,0.0018597350278484052,0.022629515442091633,True,,0.21203097789116485,1,48,0.5130957249305124,,,0.05767668174643552,0.0
znhoughton/opt-babylm-125m-20eps-seed964,pretrained,metaphor,lit+met,12,768,88509,180,10,0.9736028065004328,0.0018274361778170805,0.024569757321749926,True,,0.2228185243507646,1,50,0.48673510779536117,,,0.06015970915791808,0.0
EleutherAI/pythia-160m,pretrained,metaphor,lit+met,0,768,88509,180,10,0.9993628931647575,1.2664857245958592e-05,0.0006244419779965377,False,,,1,20,0.9610594142897706,,,,
EleutherAI/pythia-160m,pretrained,metaphor,lit+met,1,768,88509,180,10,0.9934412497438828,0.00048084325110626887,0.006077907005010883,False,,,1,28,0.8027408298031301,,,,
EleutherAI/pythia-160m,pretrained,metaphor,lit+met,2,768,88509,180,10,0.9842170604373593,0.0007468979361138044,0.015036041626526664,False,,,1,42,0.6866770899936334,,,,
EleutherAI/pythia-160m,pretrained,metaphor,lit+met,3,768,88509,180,10,0.9760883006398702,0.0011904059494281718,0.022721293410701705,True,,0.20594573113252837,1,39,0.5571259754784201,,,0.09283541886590337,0.0
EleutherAI/pythia-160m,pretrained,metaphor,lit+met,4,768,88509,180,10,0.96527674617831,0.002446433121826454,0.032276820699863464,True,,0.28751437414850817,1,24,0.3784573035588463,,,0.08135556508531717,0.0
EleutherAI/pythia-160m,pretrained,metaphor,lit+met,5,768,88509,180,10,0.9637546691977865,0.0025441631967819006,0.03370116760543166,True,,0.2929057121051328,1,25,0.37734309588675186,,,0.08519621697415333,0.0
EleutherAI/pythia-160m,pretrained,metaphor,lit+met,6,768,88509,180,10,0.9584960814111493,0.0026295232344702227,0.038874395354380635,True,,0.34170427296541445,1,22,0.37184023963503376,,,0.06575773446154833,0.0
EleutherAI/pythia-160m,pretrained,metaphor,lit+met,7,768,88509,180,10,0.9567961534417546,0.0030538326468340835,0.04015001391141124,True,,0.33024393633242505,1,27,0.37106420666280826,,,0.07021342293568945,0.0
EleutherAI/pythia-160m,pretrained,metaphor,lit+met,8,768,88509,180,10,0.9535966890124451,0.003715065351178304,0.042688245636376514,True,,0.31624213572208726,1,32,0.3577237028779123,,,0.06796278402840802,0.0
EleutherAI/pythia-160m,pretrained,metaphor,lit+met,9,768,88509,180,10,0.9499791675092528,0.003998020623514799,0.04602281186723232,True,,0.3097083942629445,1,38,0.37503184314546734,,,0.05745462021051489,0.0
EleutherAI/pythia-160m,pretrained,metaphor,lit+met,10,768,88509,180,10,0.9456790038043833,0.003685005081117627,0.050635991114499124,True,,0.31375645601277663,1,42,0.37098348127947856,,,0.05385772819329219,0.0
EleutherAI/pythia-160m,pretrained,metaphor,lit+met,11,768,88509,180,10,0.942740970769789,0.0033942195067152054,0.05386480972349573,True,,0.2841791731649776,1,45,0.3589779010140813,,,0.04603926143878486,0.0
EleutherAI/pythia-160m,pretrained,metaphor,lit+met,12,768,88509,180,10,0.9394591899852585,0.0031636794796635888,0.0573771305350779,True,,0.22958931079634237,1,62,0.3310906031283348,,,0.05741691264186885,0.0
znhoughton/opt-babylm-350m-20eps-seed964,pretrained,metaphor,lit+met,0,1024,88509,180,10,0.9996471199952761,0.00010852078314329937,0.00024435922158054567,False,,,1,26,0.7257743190318338,,,,
znhoughton/opt-babylm-350m-20eps-seed964,pretrained,metaphor,lit+met,1,1024,88509,180,10,0.9993858882822633,0.00011597074740202417,0.000498140970334731,False,,,1,30,0.7899074320544212,,,,
znhoughton/opt-babylm-350m-20eps-seed964,pretrained,metaphor,lit+met,2,1024,88509,180,10,0.9986905624213137,0.0001834420967436466,0.0011259954819426224,False,,,1,33,0.8172961539667506,,,,
znhoughton/opt-babylm-350m-20eps-seed964,pretrained,metaphor,lit+met,3,1024,88509,180,10,0.9977101204487567,0.00031085486308409096,0.001979024688159132,False,,,1,25,0.8219049976828797,,,,
znhoughton/opt-babylm-350m-20eps-seed964,pretrained,metaphor,lit+met,4,1024,88509,180,10,0.9969704978331035,0.00038835155642327724,0.0026411506104730103,False,,,1,22,0.8194416986658795,,,,
znhoughton/opt-babylm-350m-20eps-seed964,pretrained,metaphor,lit+met,5,1024,88509,180,10,0.9964674761318113,0.00043725826906080824,0.003095265599127906,False,,,1,21,0.8187755094574709,,,,
znhoughton/opt-babylm-350m-20eps-seed964,pretrained,metaphor,lit+met,6,1024,88509,180,10,0.9960442311947341,0.00044853507410025747,0.003507233731165597,False,,,1,22,0.8191060342228311,,,,
znhoughton/opt-babylm-350m-20eps-seed964,pretrained,metaphor,lit+met,7,1024,88509,180,10,0.9959708711768945,0.00042608791040539166,0.0036030409127001143,False,,,1,25,0.823079605492834,,,,
znhoughton/opt-babylm-350m-20eps-seed964,pretrained,metaphor,lit+met,8,1024,88509,180,10,0.9959247484778578,0.0004060905910684425,0.00366916093107378,False,,,1,26,0.8286358966338905,,,,
znhoughton/opt-babylm-350m-20eps-seed964,pretrained,metaphor,lit+met,9,1024,88509,180,10,0.9959383372710462,0.00039290787766625506,0.003668754851287672,False,,,1,28,0.8339063854497237,,,,
znhoughton/opt-babylm-350m-20eps-seed964,pretrained,metaphor,lit+met,10,1024,88509,180,10,0.9960501220251887,0.0003562126100057695,0.0035936653648055337,False,,,1,33,0.8421884269674449,,,,
znhoughton/opt-babylm-350m-20eps-seed964,pretrained,metaphor,lit+met,11,1024,88509,180,10,0.9961876274895833,0.0003101903454771781,0.003502182164939491,False,,,1,35,0.8505045562818118,,,,
znhoughton/opt-babylm-350m-20eps-seed964,pretrained,metaphor,lit+met,12,1024,88509,180,10,0.9962886066864161,0.0002879397015700937,0.0034234536120137707,False,,,1,38,0.8572188603450444,,,,
znhoughton/opt-babylm-350m-20eps-seed964,pretrained,metaphor,lit+met,13,1024,88509,180,10,0.996332070582731,0.0002752231809972183,0.003392706236271823,False,,,1,40,0.8620056131614875,,,,
znhoughton/opt-babylm-350m-20eps-seed964,pretrained,metaphor,lit+met,14,1024,88509,180,10,0.9963726315313715,0.0002388157594142426,0.0033885527092142433,False,,,1,42,0.8670036907987622,,,,
znhoughton/opt-babylm-350m-20eps-seed964,pretrained,metaphor,lit+met,15,1024,88509,180,10,0.9964094679571448,0.00023386919505323495,0.0033566628478018624,False,,,1,43,0.8710756422101992,,,,
znhoughton/opt-babylm-350m-20eps-seed964,pretrained,metaphor,lit+met,16,1024,88509,180,10,0.9964782901075697,0.00022119373706356725,0.0033005161553666717,False,,,1,44,0.8767705821780806,,,,
znhoughton/opt-babylm-350m-20eps-seed964,pretrained,metaphor,lit+met,17,1024,88509,180,10,0.9965522304068185,0.0002098622140047446,0.0032379073791766327,False,,,1,42,0.8802858656123074,,,,
znhoughton/opt-babylm-350m-20eps-seed964,pretrained,metaphor,lit+met,18,1024,88509,180,10,0.9964049884787864,0.00023462844519050514,0.0033603830760229264,False,,,1,39,0.877507831255837,,,,
znhoughton/opt-babylm-350m-20eps-seed964,pretrained,metaphor,lit+met,19,1024,88509,180,10,0.9959764663795266,0.00028296995968867455,0.0037405636607846476,False,,,1,32,0.8617356286798593,,,,
znhoughton/opt-babylm-350m-20eps-seed964,pretrained,metaphor,lit+met,20,1024,88509,180,10,0.9937805228776565,0.0004975367663219307,0.005721940356021687,False,,,1,30,0.8013278428950209,,,,
znhoughton/opt-babylm-350m-20eps-seed964,pretrained,metaphor,lit+met,21,1024,88509,180,10,0.9889821383706745,0.0008468982154531961,0.010170963413872318,False,,,1,38,0.6974552451613267,,,,
znhoughton/opt-babylm-350m-20eps-seed964,pretrained,metaphor,lit+met,22,1024,88509,180,10,0.9833198427122618,0.0012241072439625486,0.015456050043775609,False,,,1,40,0.6180129950119826,,,,
znhoughton/opt-babylm-350m-20eps-seed964,pretrained,metaphor,lit+met,23,1024,88509,180,10,0.9792748720060149,0.0014948050654645412,0.019230322928520477,False,,,1,44,0.5635181709045153,,,,
znhoughton/opt-babylm-350m-20eps-seed964,pretrained,metaphor,lit+met,24,1024,88509,180,10,0.9755358451025151,0.0016460742806658922,0.022818080616818944,True,,0.22523208522985053,1,48,0.5082710398920526,,,0.04228118184308074,0.0
znhoughton/opt-babylm-350m-20eps-seed964,pretrained_noposemb,metaphor,lit+met,0,1024,88509,180,10,0.999999998973999,1.0260009553247372e-09,0.0,False,,,1,1,0.9998371103891118,,,,
znhoughton/opt-babylm-350m-20eps-seed964,pretrained_noposemb,metaphor,lit+met,1,1024,88509,180,10,0.9997474219762992,2.6941204161264776e-05,0.00022563681953957678,False,,,1,19,0.9832238094389878,,,,
znhoughton/opt-babylm-350m-20eps-seed964,pretrained_noposemb,metaphor,lit+met,2,1024,88509,180,10,0.9988205070501978,0.00013534153572135644,0.0010441514140809242,False,,,1,19,0.9373493884236123,,,,
znhoughton/opt-babylm-350m-20eps-seed964,pretrained_noposemb,metaphor,lit+met,3,1024,88509,180,10,0.997564803297098,0.00031699009196573685,0.002118206610936231,False,,,1,15,0.895414335451054,,,,
znhoughton/opt-babylm-350m-20eps-seed964,pretrained_noposemb,metaphor,lit+met,4,1024,88509,180,10,0.9967267924682902,0.0004257345009474644,0.0028474730307621672,False,,,1,17,0.8664327414237809,,,,
znhoughton/opt-babylm-350m-20eps-seed964,pretrained_noposemb,metaphor,lit+met,5,1024,88509,180,10,0.9962807585144214,0.0004705157183088323,0.003248725767269846,False,,,1,20,0.851535766892922,,,,
znhoughton/opt-babylm-350m-20eps-seed964,pretrained_noposemb,metaphor,lit+met,6,1024,88509,180,10,0.9958467809381707,0.0004965241235002892,0.003656694938329032,False,,,1,23,0.8411324794972053,,,,
znhoughton/opt-babylm-350m-20eps-seed964,pretrained_noposemb,metaphor,lit+met,7,1024,88509,180,10,0.9958075319233074,0.00047462946995742417,0.0037178386067351185,False,,,1,28,0.8389106897312166,,,,
znhoughton/opt-babylm-350m-20eps-seed964,pretrained_noposemb,metaphor,lit+met,8,1024,88509,180,10,0.995778095012694,0.0004573580962993917,0.003764546891006525,False,,,1,32,0.838542815898763,,,,
znhoughton/opt-babylm-350m-20eps-seed964,pretrained_noposemb,metaphor,lit+met,9,1024,88509,180,10,0.9957880360686301,0.00044198346582841416,0.0037699804655415814,False,,,1,36,0.8397460444226923,,,,
znhoughton/opt-babylm-350m-20eps-seed964,pretrained_noposemb,metaphor,lit+met,10,1024,88509,180,10,0.9959202555792949,0.0003961420070128136,0.0036836024136921944,False,,,1,41,0.8442554731201556,,,,
znhoughton/opt-babylm-350m-20eps-seed964,pretrained_noposemb,metaphor,lit+met,11,1024,88509,180,10,0.9960539053245837,0.00033933703210858987,0.0036067576433077586,False,,,1,45,0.8480564388250375,,,,
znhoughton/opt-babylm-350m-20eps-seed964,pretrained_noposemb,metaphor,lit+met,12,1024,88509,180,10,0.9961154337692137,0.000312034807838866,0.0035725314229474578,False,,,1,47,0.8488549170778852,,,,
znhoughton/opt-babylm-350m-20eps-seed964,pretrained_noposemb,metaphor,lit+met,13,1024,88509,180,10,0.9961174082388898,0.0002839960613823747,0.003598595699727845,False,,,1,48,0.8466307023046695,,,,
znhoughton/opt-babylm-350m-20eps-seed964,pretrained_noposemb,metaphor,lit+met,14,1024,88509,180,10,0.9961845542651575,0.00026041733261089514,0.003555028402231594,False,,,1,49,0.8508552257003785,,,,
znhoughton/opt-babylm-350m-20eps-seed964,pretrained_noposemb,metaphor,lit+met,15,1024,88509,180,10,0.9962418347200391,0.00024529760197833156,0.0035128676779825137,False,,,1,49,0.8516920577107489,,,,
znhoughton/opt-babylm-350m-20eps-seed964,pretrained_noposemb,metaphor,lit+met,16,1024,88509,180,10,0.9962198462855525,0.00024075097792497757,0.0035394027365225097,False,,,1,46,0.8533369853475437,,,,
znhoughton/opt-babylm-350m-20eps-seed964,pretrained_noposemb,metaphor,lit+met,17,1024,88509,180,10,0.99624540820791,0.00024196550151648475,0.003512626290573497,False,,,1,44,0.8545061362532108,,,,
znhoughton/opt-babylm-350m-20eps-seed964,pretrained_noposemb,metaphor,lit+met,18,1024,88509,180,10,0.996049426878668,0.00027808968088632847,0.003672483440445625,False,,,1,41,0.8376757303009285,,,,
znhoughton/opt-babylm-350m-20eps-seed964,pretrained_noposemb,metaphor,lit+met,19,1024,88509,180,10,0.9956590356618515,0.0003105360625698443,0.004030428275578681,False,,,1,37,0.8133883002386613,,,,
znhoughton/opt-babylm-350m-20eps-seed964,pretrained_noposemb,metaphor,lit+met,20,1024,88509,180,10,0.9951727616021795,0.0003029891357255806,0.004524249262094861,False,,,1,27,0.7832077841918592,,,,
znhoughton/opt-babylm-350m-20eps-seed964,pretrained_noposemb,metaphor,lit+met,21,1024,88509,180,10,0.9945754531050753,0.0003403656559584898,0.005084181238966134,False,,,1,29,0.7341269103162712,,,,
znhoughton/opt-babylm-350m-20eps-seed964,pretrained_noposemb,metaphor,lit+met,22,1024,88509,180,10,0.9938958762320144,0.0003817068669103404,0.0057224169010753265,False,,,1,30,0.6844025293930921,,,,
znhoughton/opt-babylm-350m-20eps-seed964,pretrained_noposemb,metaphor,lit+met,23,1024,88509,180,10,0.9902375349100463,0.0006386444946097289,0.009123820595343961,False,,,1,42,0.5605371812776303,,,,
znhoughton/opt-babylm-350m-20eps-seed964,pretrained_noposemb,metaphor,lit+met,24,1024,88509,180,10,0.9860190130028718,0.0009732019521078436,0.013007785045020424,False,,,1,48,0.4554308399211092,,,,
EleutherAI/pythia-410m,pretrained,metaphor,lit+met,0,1024,88509,180,10,0.9993542463079284,1.2571146793985598e-05,0.000633182545277638,False,,,1,20,0.9612051216872562,,,,
EleutherAI/pythia-410m,pretrained,metaphor,lit+met,1,1024,88509,180,10,0.9964249968180741,0.0003105063813304594,0.0032644968005955113,False,,,1,27,0.8798181893104706,,,,
EleutherAI/pythia-410m,pretrained,metaphor,lit+met,2,1024,88509,180,10,0.9895538244777194,0.0005366570522917456,0.00990951846998868,False,,,1,42,0.7513737628994013,,,,
EleutherAI/pythia-410m,pretrained,metaphor,lit+met,3,1024,88509,180,10,0.981982464162112,0.000720263863146938,0.01729727197474098,False,,,1,47,0.6890368941273861,,,,
EleutherAI/pythia-410m,pretrained,metaphor,lit+met,4,1024,88509,180,10,0.9770447091873764,0.0010170991509287244,0.021938191661694865,True,,0.13632352363284087,1,50,0.6193362509281163,,,0.08274528033837522,0.0
EleutherAI/pythia-410m,pretrained,metaphor,lit+met,5,1024,88509,180,10,0.9711270639952668,0.0012450831540587344,0.027627852850674452,True,,0.15969270951661227,1,53,0.5653404745097422,,,0.07640109238195489,0.0
EleutherAI/pythia-410m,pretrained,metaphor,lit+met,6,1024,88509,180,10,0.9626339157768274,0.002206529230414912,0.03515955499275764,True,,0.3019025928648657,1,18,0.3723173400430072,,,0.06937828637419874,0.0
EleutherAI/pythia-410m,pretrained,metaphor,lit+met,7,1024,88509,180,10,0.9566348000849908,0.00255764393685603,0.04080755597815321,True,,0.31035256319788884,1,18,0.33989589890874033,,,0.06949406971819411,0.0
EleutherAI/pythia-410m,pretrained,metaphor,lit+met,8,1024,88509,180,10,0.9530351013395127,0.0027346785164083062,0.044230220144078944,True,,0.2989445346037801,1,21,0.3317274612912086,,,0.06775824602631902,0.0
EleutherAI/pythia-410m,pretrained,metaphor,lit+met,9,1024,88509,180,10,0.9501386575884713,0.003019528034598192,0.046841814376930614,True,,0.30298954418138213,1,21,0.32584717805873575,,,0.06522863881711906,0.0
EleutherAI/pythia-410m,pretrained,metaphor,lit+met,10,1024,88509,180,10,0.9492283253567417,0.003047997861220277,0.04772367678203798,True,,0.29763171737099053,1,22,0.3229032486491262,,,0.06331321822537146,0.0
EleutherAI/pythia-410m,pretrained,metaphor,lit+met,11,1024,88509,180,10,0.9480755020702917,0.0033867237454321187,0.04853777418427618,True,,0.29806560837530743,1,23,0.32697259977977944,,,0.06186776408130675,0.0
EleutherAI/pythia-410m,pretrained,metaphor,lit+met,12,1024,88509,180,10,0.9495942281704932,0.003225663609906334,0.04718010821960046,True,,0.3081671734871472,1,22,0.3340760508035459,,,0.061735406228351185,0.0
EleutherAI/pythia-410m,pretrained,metaphor,lit+met,13,1024,88509,180,10,0.9493481214478167,0.0034014357968897933,0.047250442755293554,True,,0.30417690854149815,1,23,0.33774311347693375,,,0.061806013380936,0.0
EleutherAI/pythia-410m,pretrained,metaphor,lit+met,14,1024,88509,180,10,0.9466949213888077,0.0034073700695645176,0.049897708541627867,True,,0.3098158286345334,1,26,0.3377963787663765,,,0.058001742142225095,0.0
EleutherAI/pythia-410m,pretrained,metaphor,lit+met,15,1024,88509,180,10,0.9480660806517122,0.0034851096051078216,0.048448809743179895,True,,0.2955148058274965,1,29,0.3511271040308394,,,0.06064214154881749,0.0
EleutherAI/pythia-410m,pretrained,metaphor,lit+met,16,1024,88509,180,10,0.9483486375669954,0.0035869354771086706,0.048064426955895835,True,,0.28056723939345096,1,34,0.35840607488763565,,,0.059355708807699525,0.0
EleutherAI/pythia-410m,pretrained,metaphor,lit+met,17,1024,88509,180,10,0.9463385987438371,0.0037278488609898564,0.04993355239517308,True,,0.29374602816854994,1,35,0.3591305692016084,,,0.05207184190537383,0.0
EleutherAI/pythia-410m,pretrained,metaphor,lit+met,18,1024,88509,180,10,0.9436957636493181,0.004236208474119517,0.05206802787656242,True,,0.28687879932474625,1,36,0.35633105318282277,,,0.04286689020682144,0.0
EleutherAI/pythia-410m,pretrained,metaphor,lit+met,19,1024,88509,180,10,0.9388089038530307,0.004463342485193228,0.056727753661776056,True,,0.3024327676967022,1,37,0.34464939386141824,,,0.044890712971813185,0.0
EleutherAI/pythia-410m,pretrained,metaphor,lit+met,20,1024,88509,180,10,0.9321521941251516,0.00450063345482404,0.06334717242002444,True,,0.32954382436687585,1,31,0.33370392682194466,,,0.03724085066721821,0.0
EleutherAI/pythia-410m,pretrained,metaphor,lit+met,21,1024,88509,180,10,0.9303791736425563,0.004313794897960446,0.06530703145948343,True,,0.33475700346712967,1,28,0.325914914893546,,,0.02937262327440129,0.0
EleutherAI/pythia-410m,pretrained,metaphor,lit+met,22,1024,88509,180,10,0.9285073136755403,0.004836792815548662,0.066655893508911,True,,0.30826781263413683,1,35,0.3133065186090182,,,0.030662327489332467,0.0
EleutherAI/pythia-410m,pretrained,metaphor,lit+met,23,1024,88509,180,10,0.9258832665208576,0.0048684458597861024,0.06924828761935621,True,,0.3036860276015599,1,39,0.314126254064055,,,0.03033635408063362,0.0
EleutherAI/pythia-410m,pretrained,metaphor,lit+met,24,1024,88509,180,10,0.9213791100853029,0.006235730350233543,0.07238515956446345,True,,0.26725668406459185,1,49,0.31648751465309566,,,0.03683367988435624,0.0
znhoughton/opt-babylm-1.3B-20eps-seed964,pretrained_noposemb,metaphor,lit+met,0,2048,88509,180,10,0.9999999990524697,9.475303076956095e-10,0.0,False,,,1,1,0.9998467708577842,,,,
znhoughton/opt-babylm-1.3B-20eps-seed964,pretrained_noposemb,metaphor,lit+met,1,2048,88509,180,10,0.9958180400479583,0.00021304736205773013,0.003968912589984012,False,,,1,68,0.7369979987184014,,,,
znhoughton/opt-babylm-1.3B-20eps-seed964,pretrained_noposemb,metaphor,lit+met,2,2048,88509,180,10,0.995504054745302,0.0002943367005347737,0.004201608554163228,False,,,1,60,0.7286745580275414,,,,
znhoughton/opt-babylm-1.3B-20eps-seed964,pretrained_noposemb,metaphor,lit+met,3,2048,88509,180,10,0.9956181881606724,0.00031024760542111335,0.0040715642339065414,False,,,1,59,0.7393985181860477,,,,
znhoughton/opt-babylm-1.3B-20eps-seed964,pretrained_noposemb,metaphor,lit+met,4,2048,88509,180,10,0.9945030996919574,0.00047163255354127704,0.005025267754501371,False,,,1,57,0.6839751752620498,,,,
znhoughton/opt-babylm-1.3B-20eps-seed964,pretrained_noposemb,metaphor,lit+met,5,2048,88509,180,10,0.9932612869154167,0.0006149523766956522,0.0061237607078877135,False,,,1,57,0.6265627375092062,,,,
znhoughton/opt-babylm-1.3B-20eps-seed964,pretrained_noposemb,metaphor,lit+met,6,2048,88509,180,10,0.992103272445864,0.0007347602787888909,0.007161967275347023,False,,,1,60,0.5782065459674312,,,,
znhoughton/opt-babylm-1.3B-20eps-seed964,pretrained_noposemb,metaphor,lit+met,7,2048,88509,180,10,0.9914248774081393,0.0007757889763943396,0.0077993336154662035,False,,,1,63,0.5546049472977554,,,,
znhoughton/opt-babylm-1.3B-20eps-seed964,pretrained_noposemb,metaphor,lit+met,8,2048,88509,180,10,0.9907934325101185,0.0008206282164470418,0.008385939273434298,False,,,1,66,0.5330607935120936,,,,
znhoughton/opt-babylm-1.3B-20eps-seed964,pretrained_noposemb,metaphor,lit+met,9,2048,88509,180,10,0.9901156536353907,0.0008555240004658104,0.009028822364143383,False,,,1,69,0.5108097247579932,,,,
znhoughton/opt-babylm-1.3B-20eps-seed964,pretrained_noposemb,metaphor,lit+met,10,2048,88509,180,10,0.9896365658792814,0.0008817547023765521,0.009481679418342034,False,,,1,72,0.49841440059292036,,,,
znhoughton/opt-babylm-1.3B-20eps-seed964,pretrained_noposemb,metaphor,lit+met,11,2048,88509,180,10,0.9890317237789313,0.000896900399988381,0.010071375821080173,False,,,1,75,0.4823048873950373,,,,
znhoughton/opt-babylm-1.3B-20eps-seed964,pretrained_noposemb,metaphor,lit+met,12,2048,88509,180,10,0.9885422975126357,0.0009249291681357207,0.010532773319228647,False,,,1,78,0.4677306266619131,,,,
znhoughton/opt-babylm-1.3B-20eps-seed964,pretrained_noposemb,metaphor,lit+met,13,2048,88509,180,10,0.9880315178449584,0.0009504660355374833,0.011018016119504048,False,,,1,80,0.4552749899211873,,,,
znhoughton/opt-babylm-1.3B-20eps-seed964,pretrained_noposemb,metaphor,lit+met,14,2048,88509,180,10,0.9873983026297064,0.0009967529376545753,0.011604944432638953,False,,,1,82,0.4402257800590448,,,,
znhoughton/opt-babylm-1.3B-20eps-seed964,pretrained_noposemb,metaphor,lit+met,15,2048,88509,180,10,0.9867510297519488,0.0010478612208536825,0.012201109027197437,False,,,1,84,0.42505700759060566,,,,
znhoughton/opt-babylm-1.3B-20eps-seed964,pretrained_noposemb,metaphor,lit+met,16,2048,88509,180,10,0.9861330730294358,0.0010801308752201165,0.01278679609534418,False,,,1,86,0.4111366539179063,,,,
znhoughton/opt-babylm-1.3B-20eps-seed964,pretrained_noposemb,metaphor,lit+met,17,2048,88509,180,10,0.9854215305888426,0.0011049926139243636,0.013473476797233071,False,,,1,88,0.3959841781290006,,,,
znhoughton/opt-babylm-1.3B-20eps-seed964,pretrained_noposemb,metaphor,lit+met,18,2048,88509,180,10,0.984643929918048,0.001136140367425259,0.014219929714526732,False,,,1,89,0.38102655190027646,,,,
znhoughton/opt-babylm-1.3B-20eps-seed964,pretrained_noposemb,metaphor,lit+met,19,2048,88509,180,10,0.9839569485688597,0.0012121048547699463,0.014830946576370234,False,,,1,91,0.3660976725967717,,,,
znhoughton/opt-babylm-1.3B-20eps-seed964,pretrained_noposemb,metaphor,lit+met,20,2048,88509,180,10,0.9830621189213302,0.0012716577813041883,0.015666223297365577,False,,,1,93,0.3498727426592621,,,,
znhoughton/opt-babylm-1.3B-20eps-seed964,pretrained_noposemb,metaphor,lit+met,21,2048,88509,180,10,0.9822357378791772,0.001326345266638186,0.016437916854184543,False,,,1,95,0.3331253859208648,,,,
znhoughton/opt-babylm-1.3B-20eps-seed964,pretrained_noposemb,metaphor,lit+met,22,2048,88509,180,10,0.9811440390493646,0.0013604168383221178,0.01749554411231329,False,,,1,98,0.31703140238953137,,,,
znhoughton/opt-babylm-1.3B-20eps-seed964,pretrained_noposemb,metaphor,lit+met,23,2048,88509,180,10,0.9801737384184589,0.001414881082097125,0.018411380499443894,False,,,1,99,0.30246506579636606,,,,
znhoughton/opt-babylm-1.3B-20eps-seed964,pretrained_noposemb,metaphor,lit+met,24,2048,88509,180,10,0.9794209215125437,0.0014985639131256656,0.019080514574330628,False,,,1,101,0.28810577811462074,,,,
znhoughton/opt-babylm-1.3B-20eps-seed964,pretrained,metaphor,lit+met,0,2048,88509,180,10,0.998085055128499,0.00019420534268564828,0.0017207395288152854,False,,,1,11,0.6180616013717878,,,,
znhoughton/opt-babylm-1.3B-20eps-seed964,pretrained,metaphor,lit+met,1,2048,88509,180,10,0.9965347039862495,0.0002251861658024545,0.003240109847948019,False,,,1,59,0.7516680133638137,,,,
znhoughton/opt-babylm-1.3B-20eps-seed964,pretrained,metaphor,lit+met,2,2048,88509,180,10,0.9960793727255874,0.00029535191145720546,0.0036252753629553857,False,,,1,39,0.7551626260390228,,,,
znhoughton/opt-babylm-1.3B-20eps-seed964,pretrained,metaphor,lit+met,3,2048,88509,180,10,0.9935570802678639,0.0005298219822634365,0.005913097749872573,False,,,1,44,0.6996022171398586,,,,
znhoughton/opt-babylm-1.3B-20eps-seed964,pretrained,metaphor,lit+met,4,2048,88509,180,10,0.9889412908851861,0.0007920675840333165,0.010266641530780484,False,,,1,51,0.6031371636302777,,,,
znhoughton/opt-babylm-1.3B-20eps-seed964,pretrained,metaphor,lit+met,5,2048,88509,180,10,0.9869089297551474,0.0009694174869492719,0.01212165275790336,False,,,1,54,0.5699931810814678,,,,
znhoughton/opt-babylm-1.3B-20eps-seed964,pretrained,metaphor,lit+met,6,2048,88509,180,10,0.9850329483313967,0.0011384872151788306,0.013828564453424425,False,,,1,53,0.5483180305293395,,,,
znhoughton/opt-babylm-1.3B-20eps-seed964,pretrained,metaphor,lit+met,7,2048,88509,180,10,0.9840259968165943,0.0012081304615540643,0.014765872721851632,False,,,1,55,0.5328343193785415,,,,
znhoughton/opt-babylm-1.3B-20eps-seed964,pretrained,metaphor,lit+met,8,2048,88509,180,10,0.9832218079769384,0.0012293604743132355,0.01554883154874837,False,,,1,57,0.5252846603905157,,,,
znhoughton/opt-babylm-1.3B-20eps-seed964,pretrained,metaphor,lit+met,9,2048,88509,180,10,0.9825304208486223,0.0012648588773897236,0.016204720273987956,False,,,1,60,0.5161474725842109,,,,
znhoughton/opt-babylm-1.3B-20eps-seed964,pretrained,metaphor,lit+met,10,2048,88509,180,10,0.9816309868328652,0.0013053372817080984,0.017063675885426656,False,,,1,61,0.5068783396033132,,,,
znhoughton/opt-babylm-1.3B-20eps-seed964,pretrained,metaphor,lit+met,11,2048,88509,180,10,0.9807059214363794,0.0013364929756142089,0.017957585588006496,False,,,1,63,0.4966331185408874,,,,
znhoughton/opt-babylm-1.3B-20eps-seed964,pretrained,metaphor,lit+met,12,2048,88509,180,10,0.9798047156848178,0.0013554011866011054,0.01883988312858117,False,,,1,65,0.4871285698967174,,,,
znhoughton/opt-babylm-1.3B-20eps-seed964,pretrained,metaphor,lit+met,13,2048,88509,180,10,0.9790920637384767,0.001369743550099947,0.01953819271142331,False,,,1,67,0.47789152172176286,,,,
znhoughton/opt-babylm-1.3B-20eps-seed964,pretrained,metaphor,lit+met,14,2048,88509,180,10,0.9781238032291683,0.0014105316682762206,0.020465665102555465,True,,0.11692698973734122,1,69,0.466898544005093,,,0.024991537469088203,0.0
znhoughton/opt-babylm-1.3B-20eps-seed964,pretrained,metaphor,lit+met,15,2048,88509,180,10,0.9771428949843404,0.001453241459527173,0.02140386355613246,True,,0.11890218374979025,1,71,0.45648480213673404,,,0.025528710627457367,0.0
znhoughton/opt-babylm-1.3B-20eps-seed964,pretrained,metaphor,lit+met,16,2048,88509,180,10,0.9762664584092201,0.001463284405897642,0.022270257184882285,True,,0.12171308129624037,1,73,0.4457505560844405,,,0.02602391317448351,0.0
znhoughton/opt-babylm-1.3B-20eps-seed964,pretrained,metaphor,lit+met,17,2048,88509,180,10,0.975314506323864,0.0015066406015359754,0.023178853074600155,True,,0.12293869540413438,1,75,0.4343189122545576,,,0.026465504919232878,0.0
znhoughton/opt-babylm-1.3B-20eps-seed964,pretrained,metaphor,lit+met,18,2048,88509,180,10,0.9742501836047758,0.001555396548176845,0.024194419847047333,True,,0.12482867635883182,1,76,0.4220224429324837,,,0.027359958885153985,0.0
znhoughton/opt-babylm-1.3B-20eps-seed964,pretrained,metaphor,lit+met,19,2048,88509,180,10,0.9731509136023095,0.0015910864729503458,0.025257999924740027,True,,0.12583195503208652,1,77,0.41021705973186096,,,0.027190862606147784,0.0
znhoughton/opt-babylm-1.3B-20eps-seed964,pretrained,metaphor,lit+met,20,2048,88509,180,10,0.9719152366643421,0.0016180791769676115,0.026466684158690402,True,,0.12641095642760863,1,79,0.39665729890546564,,,0.02741041736157237,0.0
znhoughton/opt-babylm-1.3B-20eps-seed964,pretrained,metaphor,lit+met,21,2048,88509,180,10,0.9705741308528343,0.0016614582193800963,0.02776441092778549,True,,0.12866301844203915,1,81,0.38343448249569423,,,0.02796064230570988,0.0
znhoughton/opt-babylm-1.3B-20eps-seed964,pretrained,metaphor,lit+met,22,2048,88509,180,10,0.9691763701246545,0.0016877249913744773,0.029135904883971046,True,,0.13136446811452143,1,82,0.37049780226321544,,,0.028389343121756908,0.0
znhoughton/opt-babylm-1.3B-20eps-seed964,pretrained,metaphor,lit+met,23,2048,88509,180,10,0.9676503572433299,0.001729604045747393,0.030620038710922694,True,,0.13411715503203195,1,82,0.3583463982759939,,,0.028268424866761194,0.0
znhoughton/opt-babylm-1.3B-20eps-seed964,pretrained,metaphor,lit+met,24,2048,88509,180,10,0.9674711925933568,0.0017318864755112885,0.030796920931131868,True,,0.12815233698383155,1,89,0.3399842787874942,,,0.02943704996230289,0.0
EleutherAI/pythia-1.4b,pretrained,metaphor,lit+met,0,2048,88509,180,10,0.9992324261944453,1.3166073329942564e-05,0.0007544077322248786,False,,,1,19,0.9550194179401739,,,,
EleutherAI/pythia-1.4b,pretrained,metaphor,lit+met,1,2048,88509,180,10,0.994833930104908,0.0003441470622119672,0.004821922832880097,False,,,1,38,0.8234587254474139,,,,
EleutherAI/pythia-1.4b,pretrained,metaphor,lit+met,2,2048,88509,180,10,0.9875530372763189,0.000555804550575012,0.01189115817310597,False,,,1,60,0.6648247921481002,,,,
EleutherAI/pythia-1.4b,pretrained,metaphor,lit+met,3,2048,88509,180,10,0.9770300751975172,0.0009648666869388589,0.022005058115543857,True,,0.10200956397504,1,61,0.5603655499412392,,,0.051122938259054736,0.0
EleutherAI/pythia-1.4b,pretrained,metaphor,lit+met,4,2048,88509,180,10,0.9654289834475126,0.00183497613164679,0.032736040420840676,True,,0.23296966256792317,1,23,0.3884686637758158,,,0.048488410637644065,0.0
EleutherAI/pythia-1.4b,pretrained,metaphor,lit+met,5,2048,88509,180,10,0.9590125670326706,0.002117410019597792,0.03887002294773163,True,,0.21157457915490788,1,31,0.3690242983651879,,,0.04629797608945167,0.0
EleutherAI/pythia-1.4b,pretrained,metaphor,lit+met,6,2048,88509,180,10,0.9518201150821151,0.0025816544812795185,0.04559823043660541,True,,0.2011269233535171,1,38,0.34566067245573356,,,0.045206357751314846,0.0
EleutherAI/pythia-1.4b,pretrained,metaphor,lit+met,7,2048,88509,180,10,0.9463081527847714,0.002791196307052206,0.05090065090817635,True,,0.19714403918289833,1,44,0.33371095707167286,,,0.04262777063789072,0.0
EleutherAI/pythia-1.4b,pretrained,metaphor,lit+met,8,2048,88509,180,10,0.9419609933305301,0.002883756961793768,0.05515524970767629,True,,0.19244497189028137,1,48,0.32447811415444766,,,0.041595540877110836,0.0
EleutherAI/pythia-1.4b,pretrained,metaphor,lit+met,9,2048,88509,180,10,0.9429188070249984,0.002837288530351018,0.054243904444650486,True,,0.18888440383890345,1,51,0.32955895255297535,,,0.04016294893074326,0.0
EleutherAI/pythia-1.4b,pretrained,metaphor,lit+met,10,2048,88509,180,10,0.9441711068042659,0.0029511073456298413,0.05287778585010423,True,,0.18748211795875222,1,53,0.3345494774563299,,,0.03953994659280182,0.0
EleutherAI/pythia-1.4b,pretrained,metaphor,lit+met,11,2048,88509,180,10,0.9435430461495835,0.003100339429591681,0.053356614420824774,True,,0.19012717680126212,1,55,0.3360555031878748,,,0.03957415010231797,0.0
EleutherAI/pythia-1.4b,pretrained,metaphor,lit+met,12,2048,88509,180,10,0.9456993319836525,0.0029364716800957267,0.051364196336251736,True,,0.192288024272194,1,56,0.35081140820635703,,,0.0386298757078915,0.0
EleutherAI/pythia-1.4b,pretrained,metaphor,lit+met,13,2048,88509,180,10,0.9463420429390037,0.0030836584628009347,0.05057429859819523,True,,0.1959816557759774,1,58,0.3590205540117848,,,0.03792619439603706,0.0
EleutherAI/pythia-1.4b,pretrained,metaphor,lit+met,14,2048,88509,180,10,0.9458785249140232,0.003319508948056487,0.05080196613792029,True,,0.1986008183555557,1,58,0.36249104813228883,,,0.0366267649359053,0.0
EleutherAI/pythia-1.4b,pretrained,metaphor,lit+met,15,2048,88509,180,10,0.9453552918963786,0.0033880990611280582,0.051256609042493156,True,,0.20590492555171816,1,59,0.3653684523383848,,,0.03472852579089752,0.0
EleutherAI/pythia-1.4b,pretrained,metaphor,lit+met,16,2048,88509,180,10,0.9434053826158163,0.003441313814468908,0.053153303569715,True,,0.20467444473491062,1,61,0.36637902455960997,,,0.032508161226581386,0.0
EleutherAI/pythia-1.4b,pretrained,metaphor,lit+met,17,2048,88509,180,10,0.9389701542710444,0.0037582365682787416,0.05727160916067693,True,,0.21139198079973703,1,61,0.35858604476130956,,,0.031208287443543425,0.0
EleutherAI/pythia-1.4b,pretrained,metaphor,lit+met,18,2048,88509,180,10,0.9364734805740663,0.003909434310084731,0.05961708511584892,True,,0.2121640041454825,1,62,0.3537501440701712,,,0.029222706588448954,0.0
EleutherAI/pythia-1.4b,pretrained,metaphor,lit+met,19,2048,88509,180,10,0.931940081517,0.004430717939435559,0.06362920054356438,True,,0.22697173722836125,1,59,0.3404915007829446,,,0.02728789958492546,0.0
EleutherAI/pythia-1.4b,pretrained,metaphor,lit+met,20,2048,88509,180,10,0.9267651456732707,0.005073518358637984,0.0681613359680913,True,,0.2413678467429066,1,54,0.3250129795998165,,,0.02488115258094079,0.0
EleutherAI/pythia-1.4b,pretrained,metaphor,lit+met,21,2048,88509,180,10,0.9234825698333442,0.005304550203402372,0.07121287996325337,True,,0.24262098247926725,1,54,0.31505520094324396,,,0.024237608755182712,0.0
EleutherAI/pythia-1.4b,pretrained,metaphor,lit+met,22,2048,88509,180,10,0.9206845429365166,0.005422900998651147,0.07389255606483233,True,,0.24553364228630206,1,54,0.3063184020337089,,,0.02264216759410539,0.0
EleutherAI/pythia-1.4b,pretrained,metaphor,lit+met,23,2048,88509,180,10,0.9181990140599432,0.005608325928211848,0.076192660011845,True,,0.24572048594694013,1,55,0.2974079837222792,,,0.021535203958402915,0.0
EleutherAI/pythia-1.4b,pretrained,metaphor,lit+met,24,2048,88509,180,10,0.9163207664793905,0.006073754345443736,0.07760547917516582,True,,0.24901379423825415,1,52,0.29768485137948014,,,0.02035408639298296,0.0
