model,init,layer,d,n_points,n_items,classes,min_cell,std_size_item,std_size_class,std_size_interaction,std_sig_interaction,std_leak_item_into_class,std_leak_int_into_margins,std_k_class,std_k_int,raw_leak_item_into_class,raw_k_class,raw_size_interaction
EleutherAI/pythia-160m,pretrained,0,768,300431,78,NOUN+VERB,10,0.9990109839055306,2.9738385195010392e-05,0.0009592777092743993,False,,,1,9,,1,0.0009614322099890227
EleutherAI/pythia-160m,pretrained,1,768,300431,78,NOUN+VERB,10,0.9723921797692044,0.01657145349418634,0.011036366736609253,False,,,1,20,,1,0.011000868429160947
EleutherAI/pythia-160m,pretrained,2,768,300431,78,NOUN+VERB,10,0.9303539073495624,0.03533895757767382,0.03430713507276382,True,0.0018375447029552266,0.10295738455916378,1,34,0.005652635311512846,1,0.03423475589553159
EleutherAI/pythia-160m,pretrained,3,768,300431,78,NOUN+VERB,10,0.8832639942339007,0.04375004389753706,0.0729859618685623,True,0.0025798802906088934,0.16687634210772442,1,33,0.003350599053765018,1,0.07846702254135726
EleutherAI/pythia-160m,pretrained,4,768,300431,78,NOUN+VERB,10,0.8382923183115394,0.060063301404021004,0.10164438028443964,True,0.002945111142544367,0.26347633581502716,1,21,0.3981357679446622,1,0.2809537405734442
EleutherAI/pythia-160m,pretrained,5,768,300431,78,NOUN+VERB,10,0.8311969853417633,0.0547533406047679,0.11404967405346873,True,0.002993720696897374,0.2601614310544068,1,24,0.4398869598949734,1,0.28903065733542616
EleutherAI/pythia-160m,pretrained,6,768,300431,78,NOUN+VERB,10,0.810906568098876,0.05810914907034422,0.13098428283077987,True,0.0035878828795192805,0.2879786202387698,1,24,0.3870586399961335,1,0.29653343557357276
EleutherAI/pythia-160m,pretrained,7,768,300431,78,NOUN+VERB,10,0.7931697256762977,0.06359042044998972,0.14323985387371246,True,0.004531823210891165,0.2933246698736394,1,26,0.36740453418665275,1,0.29538045888110004
EleutherAI/pythia-160m,pretrained,8,768,300431,78,NOUN+VERB,10,0.7752294328533592,0.06526716570578127,0.15950340144085945,True,0.0022572360235266677,0.29069910750045835,1,28,0.19443668169816114,1,0.3005401827088559
EleutherAI/pythia-160m,pretrained,9,768,300431,78,NOUN+VERB,10,0.7457529417578946,0.07525516549198363,0.1789918927501217,True,0.003861528534864508,0.28422611374893153,1,34,0.04050247597913132,1,0.29028314888000467
EleutherAI/pythia-160m,pretrained,10,768,300431,78,NOUN+VERB,10,0.6908706852508699,0.09526927263964542,0.21386004210948467,True,0.006270777894230694,0.31477452583921245,1,34,0.06687384457901979,1,0.27858287630737427
EleutherAI/pythia-160m,pretrained,11,768,300431,78,NOUN+VERB,10,0.6558547561872955,0.10364395888784318,0.2405012849248612,True,0.006122568053305011,0.31577073625068597,1,33,0.02389404536182878,1,0.26572928006191726
EleutherAI/pythia-160m,pretrained,12,768,300431,78,NOUN+VERB,10,0.6893219348868049,0.07865329675618661,0.23202476835700836,True,0.005768818994644122,0.23033370209463155,1,42,0.008030572181539963,1,0.22857851357732595
EleutherAI/pythia-160m,random,0,768,300431,78,NOUN+VERB,10,0.9977705206446346,5.9056117540442804e-05,0.0021704232378250412,False,,,1,10,,1,0.002154817953911775
EleutherAI/pythia-160m,random,1,768,300431,78,NOUN+VERB,10,0.9949269786820172,0.0006686504165211797,0.004404370901461691,False,,,1,17,,1,0.004378212132511453
EleutherAI/pythia-160m,random,2,768,300431,78,NOUN+VERB,10,0.9933622231428954,0.001052539480315931,0.005585237376788843,False,,,1,24,,1,0.0055765914817159975
EleutherAI/pythia-160m,random,3,768,300431,78,NOUN+VERB,10,0.9923179804310746,0.0012336456681205318,0.006448373900805054,False,,,1,28,,1,0.006465842922226487
EleutherAI/pythia-160m,random,4,768,300431,78,NOUN+VERB,10,0.9914819123159765,0.0014525556506600884,0.007065532033363475,False,,,1,30,,1,0.007106430509792001
EleutherAI/pythia-160m,random,5,768,300431,78,NOUN+VERB,10,0.9906031539186684,0.0016717634321345438,0.007725082649197176,False,,,1,32,,1,0.007766872963862164
EleutherAI/pythia-160m,random,6,768,300431,78,NOUN+VERB,10,0.9901951808162851,0.0017865608337627368,0.008018258349952222,False,,,1,33,,1,0.008098813554767319
EleutherAI/pythia-160m,random,7,768,300431,78,NOUN+VERB,10,0.9897647309984939,0.001826356189007211,0.008408912812498866,False,,,1,33,,1,0.008455007508767752
EleutherAI/pythia-160m,random,8,768,300431,78,NOUN+VERB,10,0.9890393145111492,0.0019185084788188595,0.009042177010031863,False,,,1,33,,1,0.009082050151546459
EleutherAI/pythia-160m,random,9,768,300431,78,NOUN+VERB,10,0.9883760035045617,0.0020381572400972403,0.009585839255341306,False,,,1,33,,1,0.009636713604006853
EleutherAI/pythia-160m,random,10,768,300431,78,NOUN+VERB,10,0.9879341926100699,0.002172318208336214,0.009893489181593924,False,,,1,33,,1,0.009952764248286892
EleutherAI/pythia-160m,random,11,768,300431,78,NOUN+VERB,10,0.9876432864005911,0.0022488482671751972,0.010107865332233656,False,,,1,34,,1,0.010178072675668325
EleutherAI/pythia-160m,random,12,768,300431,78,NOUN+VERB,10,0.9879643523557706,0.0024089972245031916,0.009626650419726185,False,,,1,36,,1,0.009667839405334416
EleutherAI/pythia-410m,random,0,1024,300000,78,NOUN+VERB,10,0.9972613011294761,6.091889253727658e-05,0.002677779977986485,False,,,1,10,,1,0.0026666032738822875
EleutherAI/pythia-410m,random,1,1024,300000,78,NOUN+VERB,10,0.9946382005228389,0.0007386295590320751,0.0046231699181290276,False,,,1,21,,1,0.004635526796453051
EleutherAI/pythia-410m,random,2,1024,300000,78,NOUN+VERB,10,0.9932070552796978,0.0010484385774361853,0.005744506142866019,False,,,1,26,,1,0.005768923015862141
EleutherAI/pythia-410m,random,3,1024,300000,78,NOUN+VERB,10,0.9919888473770392,0.0013197648728784086,0.006691387750082354,False,,,1,29,,1,0.0067110989992993616
EleutherAI/pythia-410m,random,4,1024,300000,78,NOUN+VERB,10,0.9910247846786154,0.0015291857184302877,0.007446029602954412,False,,,1,30,,1,0.007471025960117525
EleutherAI/pythia-410m,random,5,1024,300000,78,NOUN+VERB,10,0.9900637960070023,0.0017884349816278929,0.008147769011369762,False,,,1,31,,1,0.008146782705375343
EleutherAI/pythia-410m,random,6,1024,300000,78,NOUN+VERB,10,0.9892690314867147,0.0018932064319449424,0.008837762081340284,False,,,1,32,,1,0.008842357351313222
EleutherAI/pythia-410m,random,7,1024,300000,78,NOUN+VERB,10,0.9885429759565053,0.002081191997379879,0.009375832046114882,False,,,1,32,,1,0.00941048519779579
EleutherAI/pythia-410m,random,8,1024,300000,78,NOUN+VERB,10,0.9880981118541609,0.002208055155015519,0.009693832990823738,False,,,1,32,,1,0.009751499771689395
EleutherAI/pythia-410m,random,9,1024,300000,78,NOUN+VERB,10,0.9873614995065073,0.0024238277161876434,0.010214672777305173,False,,,1,33,,1,0.010280194694156933
EleutherAI/pythia-410m,random,10,1024,300000,78,NOUN+VERB,10,0.986842684500386,0.0024686028084793224,0.01068871269113457,False,,,1,33,,1,0.01072950439271806
EleutherAI/pythia-410m,random,11,1024,300000,78,NOUN+VERB,10,0.9862811461575826,0.0026658163301560875,0.011053037512261454,False,,,1,33,,1,0.011069371914483338
EleutherAI/pythia-410m,random,12,1024,300000,78,NOUN+VERB,10,0.985815073608585,0.0027652078663231126,0.01141971852509189,False,,,1,33,,1,0.011472882255274838
EleutherAI/pythia-410m,random,13,1024,300000,78,NOUN+VERB,10,0.9853521698628718,0.0028803711529514944,0.011767458984176775,False,,,1,34,,1,0.011833739590787965
EleutherAI/pythia-410m,random,14,1024,300000,78,NOUN+VERB,10,0.9848824009103264,0.0029144923519516365,0.012203106737721967,False,,,1,33,,1,0.012275649589449912
EleutherAI/pythia-410m,random,15,1024,300000,78,NOUN+VERB,10,0.9845967093928889,0.002907213864739808,0.012496076742371383,False,,,1,33,,1,0.012584865666695678
EleutherAI/pythia-410m,random,16,1024,300000,78,NOUN+VERB,10,0.9842668420302629,0.0030037473732570565,0.01272941059648004,False,,,1,33,,1,0.0128272608013167
EleutherAI/pythia-410m,random,17,1024,300000,78,NOUN+VERB,10,0.9836539069774576,0.003141998110253951,0.013204094912288408,False,,,1,33,,1,0.013311029462496163
EleutherAI/pythia-410m,random,18,1024,300000,78,NOUN+VERB,10,0.9833763985914201,0.0031826093450215446,0.013440992063558298,False,,,1,33,,1,0.013563415896066336
EleutherAI/pythia-410m,random,19,1024,300000,78,NOUN+VERB,10,0.9830813002430269,0.003261568819435227,0.013657130937537907,False,,,1,33,,1,0.013764977803753745
EleutherAI/pythia-410m,random,20,1024,300000,78,NOUN+VERB,10,0.9828150105376006,0.003297846593770242,0.013887142868629217,False,,,1,33,,1,0.013989064925337647
EleutherAI/pythia-410m,random,21,1024,300000,78,NOUN+VERB,10,0.982591216052483,0.00330543402010307,0.01410334992741379,False,,,1,33,,1,0.014222650822229232
EleutherAI/pythia-410m,random,22,1024,300000,78,NOUN+VERB,10,0.982523930706099,0.003288193388180104,0.014187875905720862,False,,,1,33,,1,0.014303322428996033
EleutherAI/pythia-410m,random,23,1024,300000,78,NOUN+VERB,10,0.9821735607588139,0.0033509131002406366,0.014475526140945444,False,,,1,33,,1,0.014616541420848604
EleutherAI/pythia-410m,random,24,1024,300000,78,NOUN+VERB,10,0.9831368924897048,0.0032867231639129328,0.01357638434638224,False,,,1,35,,1,0.013722250403490854
EleutherAI/pythia-410m,pretrained,0,1024,300000,78,NOUN+VERB,10,0.9989598140548912,2.783458514915958e-05,0.0010123513599594688,False,,,1,10,,1,0.0010100052605230346
EleutherAI/pythia-410m,pretrained,1,1024,300000,78,NOUN+VERB,10,0.9901732084007899,0.004341165504546981,0.005485626094663202,False,,,1,21,,1,0.0054195592152000045
EleutherAI/pythia-410m,pretrained,2,1024,300000,78,NOUN+VERB,10,0.960883479333804,0.022043862432912772,0.017072658233283078,False,0.0016243188650986963,,1,28,0.0037815733153856615,1,0.01718600180680156
EleutherAI/pythia-410m,pretrained,3,1024,300000,78,NOUN+VERB,10,0.9242147418316129,0.03070810031205037,0.04507715785633681,True,0.0015413336586492746,0.08522913868620109,1,41,0.00587619368687549,1,0.04542705772529106
EleutherAI/pythia-410m,pretrained,4,1024,300000,78,NOUN+VERB,10,0.9039064210938585,0.0336433805493267,0.06245019835681483,True,0.001463093629139748,0.10185564953593489,1,44,0.0057697794427088375,1,0.0623769570376801
EleutherAI/pythia-410m,pretrained,5,1024,300000,78,NOUN+VERB,10,0.8699486989284743,0.04317105967559435,0.08688024139593149,True,0.0016070608154011405,0.12540301009794072,1,43,0.0029710614242785564,1,0.0871692482157997
EleutherAI/pythia-410m,pretrained,6,1024,300000,78,NOUN+VERB,10,0.8405653924474884,0.04261960114072425,0.11681500641178723,True,0.003758028144894656,0.24905395215636258,1,22,0.6137594922577236,1,0.2960733512638748
EleutherAI/pythia-410m,pretrained,7,1024,300000,78,NOUN+VERB,10,0.8300379370697305,0.03970455276370029,0.13025751016656914,True,0.005055478723143734,0.26171918676836886,1,21,0.8202505674288022,1,0.32310757804094314
EleutherAI/pythia-410m,pretrained,8,1024,300000,78,NOUN+VERB,10,0.8187251903626035,0.044697939914669534,0.13657686972272684,True,0.0048347580071294045,0.25592888912316264,1,23,0.8547750366972997,1,0.3283491755167952
EleutherAI/pythia-410m,pretrained,9,1024,300000,78,NOUN+VERB,10,0.8169421752526639,0.044675705334890785,0.13838211941244538,True,0.004489117118182557,0.2601096442725746,1,23,0.8669583328315562,1,0.33067537833685623
EleutherAI/pythia-410m,pretrained,10,1024,300000,78,NOUN+VERB,10,0.8104198915798954,0.047999482411984956,0.1415806260081196,True,0.004839316123280858,0.2629463871172944,1,24,0.8580237424562454,1,0.33157100969300846
EleutherAI/pythia-410m,pretrained,11,1024,300000,78,NOUN+VERB,10,0.8099401008624934,0.04652852780620089,0.14353137133130575,True,0.005305615256906409,0.26170122758206554,1,24,0.8570796904132294,1,0.33213206579223253
EleutherAI/pythia-410m,pretrained,12,1024,300000,78,NOUN+VERB,10,0.8103897519672104,0.045870097377893534,0.14374015065489604,True,0.005343531947937781,0.26718801968898404,1,24,0.8631273760667499,1,0.33325970792799564
EleutherAI/pythia-410m,pretrained,13,1024,300000,78,NOUN+VERB,10,0.8010967888755658,0.05009153292583877,0.14881167819859548,True,0.0054128609234567835,0.25728835903891845,1,26,0.8515415963615257,1,0.33312881755500845
EleutherAI/pythia-410m,pretrained,14,1024,300000,78,NOUN+VERB,10,0.788495162539743,0.05491640490921344,0.15658843255104357,True,0.008362251484774912,0.2640245185492637,1,27,0.8383205610664769,1,0.33237878321551795
EleutherAI/pythia-410m,pretrained,15,1024,300000,78,NOUN+VERB,10,0.7802671227955292,0.06090702422740411,0.1588258529770667,True,0.004838635932707356,0.24556129794828804,1,31,0.8196308731552506,1,0.3320768622456324
EleutherAI/pythia-410m,pretrained,16,1024,300000,78,NOUN+VERB,10,0.7773664166871251,0.052777671883813417,0.1698559114290614,True,0.003970206565830314,0.2391414687455084,1,34,0.8106724764742709,1,0.3324654772395167
EleutherAI/pythia-410m,pretrained,17,1024,300000,78,NOUN+VERB,10,0.7542611738356483,0.06241715504795333,0.18332167111639827,True,0.00560906083338964,0.2470352226863534,1,34,0.8070308416835004,1,0.3310457965705162
EleutherAI/pythia-410m,pretrained,18,1024,300000,78,NOUN+VERB,10,0.7250977999324945,0.07665303738624689,0.19824916268125875,True,0.009452513867227019,0.25831595695942056,1,34,0.7773298045795505,1,0.3307312354571595
EleutherAI/pythia-410m,pretrained,19,1024,300000,78,NOUN+VERB,10,0.7187525149449304,0.06354864952976211,0.2176988355253075,True,0.003866611081963516,0.2682841951814526,1,34,0.7804760108224035,1,0.3311907236549164
EleutherAI/pythia-410m,pretrained,20,1024,300000,78,NOUN+VERB,10,0.6832048515605902,0.07530973998300458,0.24148540845640526,True,0.01056942471924497,0.3289572936549644,1,23,0.7162372518842314,1,0.33129724651610337
EleutherAI/pythia-410m,pretrained,21,1024,300000,78,NOUN+VERB,10,0.6455841454913216,0.11015485367516291,0.24426100083351557,True,0.03410833201316794,0.3369740636030572,1,22,0.6023963090161417,1,0.33005175657439884
EleutherAI/pythia-410m,pretrained,22,1024,300000,78,NOUN+VERB,10,0.6485408219277586,0.106417529741733,0.2450416483305083,True,0.021359262932515815,0.2997791099231591,1,32,0.5465633921814236,1,0.3276824523953021
EleutherAI/pythia-410m,pretrained,23,1024,300000,78,NOUN+VERB,10,0.6357540847683617,0.10194438325662511,0.2623015319750133,True,0.018294741136032026,0.30964957238216345,1,27,0.18606660622133017,1,0.3071811983646213
EleutherAI/pythia-410m,pretrained,24,1024,300000,78,NOUN+VERB,10,0.6551247703161405,0.09908354040481221,0.2457916892790473,True,0.006739707535137874,0.2389524571264097,1,40,0.019495025188981108,1,0.24282123775382705
EleutherAI/pythia-1.4b,random,0,2048,300000,78,NOUN+VERB,10,0.9971668498067359,6.270172073355668e-05,0.0027704484725305316,False,,,1,10,,1,0.002767395640036147
EleutherAI/pythia-1.4b,random,1,2048,300000,78,NOUN+VERB,10,0.9942342092921447,0.0006016240742586271,0.005164166633596702,False,,,1,22,,1,0.005160945138096101
EleutherAI/pythia-1.4b,random,2,2048,300000,78,NOUN+VERB,10,0.9927990552890131,0.0008617730027470635,0.006339171708239837,False,,,1,28,,1,0.006330642379399838
EleutherAI/pythia-1.4b,random,3,2048,300000,78,NOUN+VERB,10,0.9915816714474446,0.001057626349080313,0.007360702203475195,False,,,1,32,,1,0.0073565657921296195
EleutherAI/pythia-1.4b,random,4,2048,300000,78,NOUN+VERB,10,0.9906371330257716,0.0012506049328219722,0.008112262041406495,False,,,1,34,,1,0.008092216299270486
EleutherAI/pythia-1.4b,random,5,2048,300000,78,NOUN+VERB,10,0.9897711682296747,0.0014158225105458451,0.00881300925977938,False,,,1,35,,1,0.008815202127839606
EleutherAI/pythia-1.4b,random,6,2048,300000,78,NOUN+VERB,10,0.989172787220178,0.0015053910311227806,0.009321821748699359,False,,,1,36,,1,0.009315080129692507
EleutherAI/pythia-1.4b,random,7,2048,300000,78,NOUN+VERB,10,0.9886343359352786,0.0016388279073549774,0.009726836157366423,False,,,1,37,,1,0.00973609961059177
EleutherAI/pythia-1.4b,random,8,2048,300000,78,NOUN+VERB,10,0.988139347966653,0.0017052918246043035,0.010155360208742605,False,,,1,37,,1,0.010171456499332114
EleutherAI/pythia-1.4b,random,9,2048,300000,78,NOUN+VERB,10,0.9877292850160792,0.0017803705659975026,0.010490344417923339,False,,,1,38,,1,0.010507011634625637
EleutherAI/pythia-1.4b,random,10,2048,300000,78,NOUN+VERB,10,0.987373265500199,0.0018238898557973188,0.010802844644003719,False,,,1,38,,1,0.010827553981727413
EleutherAI/pythia-1.4b,random,11,2048,300000,78,NOUN+VERB,10,0.9870472782093199,0.0018968177975656024,0.011055903993114359,False,,,1,38,,1,0.01109421353661812
EleutherAI/pythia-1.4b,random,12,2048,300000,78,NOUN+VERB,10,0.9867620512055566,0.0019470466813330842,0.011290902113110316,False,,,1,39,,1,0.011321352377169006
EleutherAI/pythia-1.4b,random,13,2048,300000,78,NOUN+VERB,10,0.9865864618098724,0.002049242396755969,0.011364295793371554,False,,,1,39,,1,0.011400832510609825
EleutherAI/pythia-1.4b,random,14,2048,300000,78,NOUN+VERB,10,0.9861809640176693,0.0020965533645134382,0.0117224826178173,False,,,1,39,,1,0.011765551520923982
EleutherAI/pythia-1.4b,random,15,2048,300000,78,NOUN+VERB,10,0.9859127390355592,0.0021466423980528834,0.011940618566387952,False,,,1,39,,1,0.012001792662731948
EleutherAI/pythia-1.4b,random,16,2048,300000,78,NOUN+VERB,10,0.9857578636069172,0.0022101525279811683,0.012031983865101554,False,,,1,40,,1,0.012105758621093834
EleutherAI/pythia-1.4b,random,17,2048,300000,78,NOUN+VERB,10,0.985406528612176,0.0022540149956076496,0.012339456392216456,False,,,1,39,,1,0.012419561460489776
EleutherAI/pythia-1.4b,random,18,2048,300000,78,NOUN+VERB,10,0.9849975941247612,0.0023489347147953076,0.012653471160443432,False,,,1,39,,1,0.012725031226555255
EleutherAI/pythia-1.4b,random,19,2048,300000,78,NOUN+VERB,10,0.9848924998749011,0.002389202973809445,0.012718297151289481,False,,,1,40,,1,0.0127852942326197
EleutherAI/pythia-1.4b,random,20,2048,300000,78,NOUN+VERB,10,0.9845577799423861,0.002446858499230116,0.012995361558383756,False,,,1,40,,1,0.013078322105442592
EleutherAI/pythia-1.4b,random,21,2048,300000,78,NOUN+VERB,10,0.9843430479867639,0.002512426207698951,0.013144525805537145,False,,,1,40,,1,0.013241162256198544
EleutherAI/pythia-1.4b,random,22,2048,300000,78,NOUN+VERB,10,0.9841396098440329,0.0025370997875633033,0.01332329036840385,False,,,1,40,,1,0.013421326451314093
EleutherAI/pythia-1.4b,random,23,2048,300000,78,NOUN+VERB,10,0.9838366335815458,0.0025861724329410687,0.013577193985513224,False,,,1,40,,1,0.013675478911563772
EleutherAI/pythia-1.4b,random,24,2048,300000,78,NOUN+VERB,10,0.9841815699280667,0.0026720334625776137,0.01314639660935561,False,,,1,41,,1,0.013245039813697236
EleutherAI/pythia-1.4b,pretrained,0,2048,300000,78,NOUN+VERB,10,0.9987553677831519,3.106898091738793e-05,0.001213563235930757,False,,,1,9,,1,0.001216096524993046
EleutherAI/pythia-1.4b,pretrained,1,2048,300000,78,NOUN+VERB,10,0.9789083792714676,0.011961792996224048,0.009129827732308355,False,,,1,22,,1,0.009176566522996544
EleutherAI/pythia-1.4b,pretrained,2,2048,300000,78,NOUN+VERB,10,0.9512175114832363,0.01982620551260643,0.028956283004157316,True,,0.05651585866029144,1,40,0.0019113309150531033,1,0.029013065658448176
EleutherAI/pythia-1.4b,pretrained,3,2048,300000,78,NOUN+VERB,10,0.9031093022477112,0.035595787257062785,0.06129491049522612,True,0.0018229841111753605,0.07541200238253166,1,44,0.004717791512778431,1,0.06394796383719198
EleutherAI/pythia-1.4b,pretrained,4,2048,300000,78,NOUN+VERB,10,0.8632199785505976,0.03223654503945209,0.10454347640995024,True,0.00276250445694722,0.18499358550204922,1,24,0.6853821223665479,1,0.3043309904795021
EleutherAI/pythia-1.4b,pretrained,5,2048,300000,78,NOUN+VERB,10,0.8450460499644276,0.03314439621422888,0.1218095538213435,True,0.002831293406948117,0.17152242979324384,1,31,0.7691040292336278,1,0.31946756130826304
EleutherAI/pythia-1.4b,pretrained,6,2048,300000,78,NOUN+VERB,10,0.8296402234628124,0.033458286926812644,0.13690148961037488,True,0.0027437603084825898,0.17036167747448874,1,35,0.7706122692636297,1,0.3208985746283499
EleutherAI/pythia-1.4b,pretrained,7,2048,300000,78,NOUN+VERB,10,0.8189582804167587,0.033760920141527095,0.14728079944171424,True,0.0023642921090085327,0.17200055079230325,1,37,0.7704200467550895,1,0.32282946166005855
EleutherAI/pythia-1.4b,pretrained,8,2048,300000,78,NOUN+VERB,10,0.8090937455213999,0.034627425256675004,0.15627882922192518,True,0.002027660514850903,0.17212958322249614,1,39,0.763536939889949,1,0.32417659762959977
EleutherAI/pythia-1.4b,pretrained,9,2048,300000,78,NOUN+VERB,10,0.8106713277716853,0.037746446171188525,0.15158222605712626,True,0.0019622148590801194,0.1704119071140676,1,41,0.747146197913589,1,0.3214741173847113
EleutherAI/pythia-1.4b,pretrained,10,2048,300000,78,NOUN+VERB,10,0.8056041262066126,0.041288967920359555,0.15310690587302794,True,0.001808551183210959,0.1664036973894331,1,41,0.7406596890306161,1,0.3233253044427266
EleutherAI/pythia-1.4b,pretrained,11,2048,300000,78,NOUN+VERB,10,0.808147936053284,0.0400807665644058,0.15177129738231024,True,0.0019306018319522546,0.16415310339302455,1,42,0.7154983890982246,1,0.32271712043986384
EleutherAI/pythia-1.4b,pretrained,12,2048,300000,78,NOUN+VERB,10,0.8079699446646579,0.04070998754873753,0.1513200677866046,True,0.0018600018438803948,0.16393635978451385,1,43,0.6769862136673959,1,0.3204709948794187
EleutherAI/pythia-1.4b,pretrained,13,2048,300000,78,NOUN+VERB,10,0.803409161348017,0.04287224671486546,0.15371859193711754,True,0.0021135382595951786,0.1608095548844558,1,44,0.6342241586642495,1,0.31737286568227435
EleutherAI/pythia-1.4b,pretrained,14,2048,300000,78,NOUN+VERB,10,0.7973412037707024,0.0431103620753631,0.15954843415393463,True,0.0021999185696870726,0.16510070317537118,1,44,0.616463829946148,1,0.31537107123768904
EleutherAI/pythia-1.4b,pretrained,15,2048,300000,78,NOUN+VERB,10,0.7815894648686774,0.04482519253820241,0.1735853425931201,True,0.0026178325979662187,0.17727296511882643,1,44,0.5656921899789127,1,0.3134275511225033
EleutherAI/pythia-1.4b,pretrained,16,2048,300000,78,NOUN+VERB,10,0.7612091222041674,0.05089856482940213,0.18789231296643039,True,0.003026635481678313,0.176675871926868,1,44,0.5051722586558184,1,0.312354999156012
EleutherAI/pythia-1.4b,pretrained,17,2048,300000,78,NOUN+VERB,10,0.7439340441779229,0.055455514996590786,0.20061044082548637,True,0.0033398322717185895,0.1833009000112026,1,44,0.47684640860663613,1,0.30716193825935806
EleutherAI/pythia-1.4b,pretrained,18,2048,300000,78,NOUN+VERB,10,0.727335495659696,0.059723558972026455,0.2129409453682776,True,0.003926258297524839,0.1956754066731265,1,43,0.4636145933041375,1,0.3048605243544582
EleutherAI/pythia-1.4b,pretrained,19,2048,300000,78,NOUN+VERB,10,0.7077136389367266,0.06583119940142428,0.22645516166184915,True,0.003773503381745553,0.21264010253761678,1,40,0.41085861435148985,1,0.3021424168940889
EleutherAI/pythia-1.4b,pretrained,20,2048,300000,78,NOUN+VERB,10,0.6911826370551245,0.06994137985706098,0.2388759830878146,True,0.004115944720217345,0.2339095966299627,1,36,0.3774997663822848,1,0.30210733310060234
EleutherAI/pythia-1.4b,pretrained,21,2048,300000,78,NOUN+VERB,10,0.6789832285272258,0.0740348828199804,0.24698188865279377,True,0.003967574979177158,0.2362755943692782,1,37,0.3404332909092941,1,0.30038393886700476
EleutherAI/pythia-1.4b,pretrained,22,2048,300000,78,NOUN+VERB,10,0.6650716842097467,0.07977300359643587,0.2551553121938175,True,0.004478883786208244,0.24149748834079576,1,36,0.3083991696711619,1,0.2996536235521538
EleutherAI/pythia-1.4b,pretrained,23,2048,300000,78,NOUN+VERB,10,0.655684939970141,0.08313704238094204,0.26117801764891696,True,0.004884564991165885,0.24305911880477926,1,38,0.21190426724235997,1,0.2919114790786373
EleutherAI/pythia-1.4b,pretrained,24,2048,300000,78,NOUN+VERB,10,0.6694375999331874,0.08654817426652213,0.24401422580029042,True,0.005586109810217548,0.20934072058943892,1,43,0.02343136609184885,1,0.23985733765118977
znhoughton/opt-babylm-125m-20eps-seed964,random,0,768,300417,78,NOUN+VERB,10,0.9969716915962838,0.0006398424700006054,0.0023884659337155573,False,,,1,22,,1,0.00248706864336099
znhoughton/opt-babylm-125m-20eps-seed964,random,1,768,300417,78,NOUN+VERB,10,0.924248764577387,0.0252419665715202,0.050509268851092755,True,0.02368084663617298,0.32024946242206204,1,31,0.028135238794103318,1,0.05152730579281769
znhoughton/opt-babylm-125m-20eps-seed964,random,2,768,300417,78,NOUN+VERB,10,0.913390332401474,0.02778232132580671,0.05882734627271921,True,0.027728933271094134,0.33003982341042354,1,31,0.03491239041515809,1,0.059953504758140146
znhoughton/opt-babylm-125m-20eps-seed964,random,3,768,300417,78,NOUN+VERB,10,0.9072376962643641,0.02973160073185947,0.06303070300377633,True,0.031932297366783796,0.33703640774571764,1,31,0.0398733444875577,1,0.06474128278349658
znhoughton/opt-babylm-125m-20eps-seed964,random,4,768,300417,78,NOUN+VERB,10,0.9034877383900427,0.03257990513358047,0.06393235647637692,True,0.03459885885097588,0.338905999973638,1,31,0.04321869439890435,1,0.0652164278766599
znhoughton/opt-babylm-125m-20eps-seed964,random,5,768,300417,78,NOUN+VERB,10,0.8995007191266631,0.033894177432974765,0.06660510344036209,True,0.03543461536059767,0.3397159873974886,1,31,0.04508450437702862,1,0.06749245813460997
znhoughton/opt-babylm-125m-20eps-seed964,random,6,768,300417,78,NOUN+VERB,10,0.895088035892292,0.03516978988924596,0.06974217421846203,True,0.037421345409381704,0.3433708045889772,1,30,0.04816692107752806,1,0.07076287530985592
znhoughton/opt-babylm-125m-20eps-seed964,random,7,768,300417,78,NOUN+VERB,10,0.8904598704153452,0.03633393229979292,0.07320619728486176,True,0.0379993498576416,0.35053900508957647,1,30,0.048880791836102666,1,0.07434529496459702
znhoughton/opt-babylm-125m-20eps-seed964,random,8,768,300417,78,NOUN+VERB,10,0.8881363258960315,0.03665436345090054,0.07520931065306796,True,0.037402430436696,0.35089071887846957,1,31,0.04775805136391278,1,0.07643995326640422
znhoughton/opt-babylm-125m-20eps-seed964,random,9,768,300417,78,NOUN+VERB,10,0.8867402021532033,0.037347054932652085,0.07591274291414463,True,0.03763174151163808,0.3554813991320959,1,31,0.04754286370966186,1,0.0774846995919839
znhoughton/opt-babylm-125m-20eps-seed964,random,10,768,300417,78,NOUN+VERB,10,0.8860372941996663,0.0372549272565138,0.07670777854381991,True,0.03702693621076732,0.3548120923972145,1,31,0.04679082623904602,1,0.07886865112866165
znhoughton/opt-babylm-125m-20eps-seed964,random,11,768,300417,78,NOUN+VERB,10,0.8845237216103979,0.0381017160855405,0.0773745623040615,True,0.0383026076468474,0.35542464612492247,1,31,0.04782770760396335,1,0.07949223519711161
znhoughton/opt-babylm-125m-20eps-seed964,random,12,768,300417,78,NOUN+VERB,10,0.8839307085112192,0.037856444843216104,0.07821284664556455,True,0.03841787401242546,0.3592575455895128,1,31,0.047605639367422604,1,0.07974250673332793
znhoughton/opt-babylm-125m-20eps-seed964,pretrained,0,768,300417,78,NOUN+VERB,10,0.997168243925109,0.0006071408483814637,0.002224615226509322,False,,,1,12,,1,0.0023709535920252516
znhoughton/opt-babylm-125m-20eps-seed964,pretrained,1,768,300417,78,NOUN+VERB,10,0.9947779927613676,0.0012987238572299022,0.003923283381402596,False,,,1,42,,1,0.0039402770627897064
znhoughton/opt-babylm-125m-20eps-seed964,pretrained,2,768,300417,78,NOUN+VERB,10,0.9937259262959743,0.0021055277458021395,0.004168545958223505,False,,,1,36,,1,0.0041604923407883975
znhoughton/opt-babylm-125m-20eps-seed964,pretrained,3,768,300417,78,NOUN+VERB,10,0.9892746359623252,0.005203518608555114,0.005521845429119828,False,,,1,30,,1,0.005520450987756401
znhoughton/opt-babylm-125m-20eps-seed964,pretrained,4,768,300417,78,NOUN+VERB,10,0.9794320984073072,0.012037481955748542,0.008530419636944373,False,,,1,26,,1,0.008587749729748653
znhoughton/opt-babylm-125m-20eps-seed964,pretrained,5,768,300417,78,NOUN+VERB,10,0.9574411124610526,0.025037639371339765,0.017521248167607775,False,0.0013332894683990648,,1,24,0.001416509768228136,1,0.017570938942259955
znhoughton/opt-babylm-125m-20eps-seed964,pretrained,6,768,300417,78,NOUN+VERB,10,0.9261048095175901,0.044186166389497884,0.02970902409291195,True,0.002086818870661239,0.1028379852803946,1,26,0.0021009518938592676,1,0.029726409279919132
znhoughton/opt-babylm-125m-20eps-seed964,pretrained,7,768,300417,78,NOUN+VERB,10,0.9122522602505773,0.047906829613663764,0.03984091013575899,True,0.0021461622193729366,0.1094440454438804,1,28,0.00214932765797905,1,0.03972375941236473
znhoughton/opt-babylm-125m-20eps-seed964,pretrained,8,768,300417,78,NOUN+VERB,10,0.8854201519742747,0.060085245908741286,0.05449460211698402,True,0.002548785534777073,0.12221393375864491,1,29,0.00253125692612042,1,0.05433963815214999
znhoughton/opt-babylm-125m-20eps-seed964,pretrained,9,768,300417,78,NOUN+VERB,10,0.8655362903562044,0.06781371547201778,0.06664999417177789,True,0.0033845795369464005,0.1388984893788814,1,29,0.0034360937813340303,1,0.06648228712717873
znhoughton/opt-babylm-125m-20eps-seed964,pretrained,10,768,300417,78,NOUN+VERB,10,0.8447004189283842,0.0747808931688685,0.08051868790274719,True,0.003868389819043924,0.1545435069618206,1,30,0.004000121246716138,1,0.08035282718610272
znhoughton/opt-babylm-125m-20eps-seed964,pretrained,11,768,300417,78,NOUN+VERB,10,0.823853145082122,0.08087783221859446,0.09526902269928343,True,0.005382553938435294,0.16892246670088168,1,31,0.005585172827404659,1,0.09519495847835273
znhoughton/opt-babylm-125m-20eps-seed964,pretrained,12,768,300417,78,NOUN+VERB,10,0.8131323972237124,0.081950399713507,0.10491720306278055,True,0.00557315827436077,0.17192659021357515,1,33,0.005694193409828559,1,0.10481976403923375
znhoughton/opt-babylm-1.3B-20eps-seed964,pretrained,0,2048,300000,78,NOUN+VERB,10,0.9962591612218541,0.0009251815463521728,0.0028156572317937986,False,,,1,10,,1,0.0030591259209690734
znhoughton/opt-babylm-1.3B-20eps-seed964,pretrained,1,2048,300000,78,NOUN+VERB,10,0.9926147642174727,0.0014502850698943012,0.005934950712632996,False,,,1,42,,1,0.0058618418719661005
znhoughton/opt-babylm-1.3B-20eps-seed964,pretrained,2,2048,300000,78,NOUN+VERB,10,0.9918952379836661,0.00203703325702984,0.006067728759303985,False,,,1,35,,1,0.0060120699025280715
znhoughton/opt-babylm-1.3B-20eps-seed964,pretrained,3,2048,300000,78,NOUN+VERB,10,0.9782369067627446,0.01037222181492388,0.011390871422331547,False,,,1,32,,1,0.01134423182420981
znhoughton/opt-babylm-1.3B-20eps-seed964,pretrained,4,2048,300000,78,NOUN+VERB,10,0.9532468424898158,0.024056532859354968,0.022696624650829177,True,0.0016844910349974112,0.09267274417004391,1,31,0.001684688757283645,1,0.022602468412937615
znhoughton/opt-babylm-1.3B-20eps-seed964,pretrained,5,2048,300000,78,NOUN+VERB,10,0.9442531687508459,0.027147960107609347,0.028598871141544958,True,0.0018239470868707678,0.08598778232484382,1,33,0.001823662663322509,1,0.02851847009805265
znhoughton/opt-babylm-1.3B-20eps-seed964,pretrained,6,2048,300000,78,NOUN+VERB,10,0.9315096528198679,0.03443833704870198,0.03405201013143007,True,0.002442641216269211,0.08209972064785281,1,31,0.0024354559991859,1,0.033962251422731425
znhoughton/opt-babylm-1.3B-20eps-seed964,pretrained,7,2048,300000,78,NOUN+VERB,10,0.9275632018386579,0.0348224490985559,0.037614349062786115,True,0.0023579841221579795,0.0821956894394822,1,33,0.002377270985596194,1,0.03753341658712433
znhoughton/opt-babylm-1.3B-20eps-seed964,pretrained,8,2048,300000,78,NOUN+VERB,10,0.9247159040256201,0.034931509573119815,0.04035258640126011,True,0.002154918591732776,0.07913124271692,1,35,0.0021835437595407515,1,0.04025732260590449
znhoughton/opt-babylm-1.3B-20eps-seed964,pretrained,9,2048,300000,78,NOUN+VERB,10,0.9221687603368633,0.034567590800009595,0.04326364886312709,True,0.00205606668120359,0.0794149077154582,1,36,0.002075429881715098,1,0.043137697549641335
znhoughton/opt-babylm-1.3B-20eps-seed964,pretrained,10,2048,300000,78,NOUN+VERB,10,0.9135114379969417,0.03922274397402534,0.047265818029033034,True,0.0022383197780027216,0.07787977200550487,1,36,0.0022820977652594702,1,0.04711624118181733
znhoughton/opt-babylm-1.3B-20eps-seed964,pretrained,11,2048,300000,78,NOUN+VERB,10,0.9086355709853218,0.04056305659029659,0.05080137242438168,True,0.0021990019162203443,0.07956967177328547,1,37,0.0022378268524962048,1,0.05067094194807244
znhoughton/opt-babylm-1.3B-20eps-seed964,pretrained,12,2048,300000,78,NOUN+VERB,10,0.9036806148530379,0.041844908785042746,0.054474476361919565,True,0.0021087318643630035,0.07823637093075471,1,38,0.002142909546931523,1,0.05436994534209892
znhoughton/opt-babylm-1.3B-20eps-seed964,pretrained,13,2048,300000,78,NOUN+VERB,10,0.8972898371663048,0.044194387763493576,0.05851577507020157,True,0.002189373237429438,0.08104806764573073,1,39,0.0022123291432505593,1,0.05841271113203223
znhoughton/opt-babylm-1.3B-20eps-seed964,pretrained,14,2048,300000,78,NOUN+VERB,10,0.8924868589062098,0.04508816994621764,0.062424971147572415,True,0.0020654901587957007,0.07923760079874827,1,40,0.0020747002554507305,1,0.062337576184497694
znhoughton/opt-babylm-1.3B-20eps-seed964,pretrained,15,2048,300000,78,NOUN+VERB,10,0.8878201937350086,0.045662040913255764,0.06651776535173547,True,0.0019365345510505808,0.07989000487321568,1,40,0.0019446223602681278,1,0.06647846353589215
znhoughton/opt-babylm-1.3B-20eps-seed964,pretrained,16,2048,300000,78,NOUN+VERB,10,0.8819096064416387,0.04700300090026858,0.07108739265809257,True,0.0019730704997658966,0.08260128231848962,1,41,0.0019844122555139334,1,0.07106742818602144
znhoughton/opt-babylm-1.3B-20eps-seed964,pretrained,17,2048,300000,78,NOUN+VERB,10,0.8770064335326144,0.047522882126038855,0.07547068434134657,True,0.001958649740387688,0.08233309888488122,1,42,0.001969071175596687,1,0.07546047581283863
znhoughton/opt-babylm-1.3B-20eps-seed964,pretrained,18,2048,300000,78,NOUN+VERB,10,0.8715045683137801,0.048315433118320095,0.08017999856789987,True,0.0020815734696263966,0.08465828983229104,1,42,0.0021069903515182026,1,0.08017522227192257
znhoughton/opt-babylm-1.3B-20eps-seed964,pretrained,19,2048,300000,78,NOUN+VERB,10,0.8633024316548721,0.05116715392076689,0.08553041442436105,True,0.002266512024108271,0.08831320004986408,1,43,0.0023007023577937377,1,0.0855143306394099
znhoughton/opt-babylm-1.3B-20eps-seed964,pretrained,20,2048,300000,78,NOUN+VERB,10,0.8564794987013882,0.052040027111249824,0.091480474187362,True,0.002294068741146864,0.08972799020778548,1,43,0.0023436375774002435,1,0.09147219349867179
znhoughton/opt-babylm-1.3B-20eps-seed964,pretrained,21,2048,300000,78,NOUN+VERB,10,0.8494508428157863,0.0530568714169574,0.09749228576725616,True,0.002391552150902801,0.0926826581711142,1,44,0.002467546214255993,1,0.09750800992567567
znhoughton/opt-babylm-1.3B-20eps-seed964,pretrained,22,2048,300000,78,NOUN+VERB,10,0.8418624893800185,0.054226079359585955,0.1039114312603955,True,0.0026225381017095078,0.09538130828160749,1,44,0.002718320844318467,1,0.10393573960333424
znhoughton/opt-babylm-1.3B-20eps-seed964,pretrained,23,2048,300000,78,NOUN+VERB,10,0.833641445198567,0.055860544688089375,0.11049801011334362,True,0.002964014285088685,0.09990929422337919,1,45,0.0030811481613389003,1,0.11052284763298778
znhoughton/opt-babylm-1.3B-20eps-seed964,pretrained,24,2048,300000,78,NOUN+VERB,10,0.8278360038217629,0.05741293786985421,0.11475105830838288,True,0.0032026635615406153,0.09594883352139943,1,46,0.0033108426465187045,1,0.11479179171136743
znhoughton/opt-babylm-1.3B-20eps-seed964,random,0,2048,300000,78,NOUN+VERB,10,0.9970150096998044,0.0006269457092449396,0.0023580445909506436,False,,,1,22,,1,0.0024893977863193004
znhoughton/opt-babylm-1.3B-20eps-seed964,random,1,2048,300000,78,NOUN+VERB,10,0.9146244150818712,0.026679810969310172,0.058695773948818544,True,0.01893239202177341,0.2035797977145762,1,43,0.02207659147363189,1,0.05929369808301123
znhoughton/opt-babylm-1.3B-20eps-seed964,random,2,2048,300000,78,NOUN+VERB,10,0.9027893834830273,0.030843347860640403,0.06636726865633222,True,0.023302135673731107,0.21353741861416758,1,42,0.02786506946538709,1,0.06688864523440873
znhoughton/opt-babylm-1.3B-20eps-seed964,random,3,2048,300000,78,NOUN+VERB,10,0.8953772747046972,0.033627424212921454,0.07099530108238122,True,0.02647938411275143,0.22112247904609528,1,41,0.03171845792231502,1,0.07149527648098536
znhoughton/opt-babylm-1.3B-20eps-seed964,random,4,2048,300000,78,NOUN+VERB,10,0.8904721285394629,0.036197791664864996,0.07333007979567212,True,0.028817089476434153,0.22453280775699833,1,41,0.03474011941322651,1,0.07419458322677339
znhoughton/opt-babylm-1.3B-20eps-seed964,random,5,2048,300000,78,NOUN+VERB,10,0.8858834595820888,0.03863282218264975,0.07548371823526141,True,0.03070424231950435,0.22757688476660123,1,40,0.03706392697170616,1,0.07643535263023385
znhoughton/opt-babylm-1.3B-20eps-seed964,random,6,2048,300000,78,NOUN+VERB,10,0.8839110484642224,0.03933773493711413,0.07675121659866342,True,0.032752339205910606,0.22977731689950087,1,40,0.039389753151191455,1,0.07782506150044097
znhoughton/opt-babylm-1.3B-20eps-seed964,random,7,2048,300000,78,NOUN+VERB,10,0.8811927717829133,0.040980129662651826,0.07782709855443488,True,0.03432796716165377,0.2347574668693861,1,40,0.04099390940163114,1,0.07928487254464227
znhoughton/opt-babylm-1.3B-20eps-seed964,random,8,2048,300000,78,NOUN+VERB,10,0.8793813371182012,0.041850843343328704,0.07876781953847022,True,0.035165195692585194,0.23464461434276604,1,40,0.04181702245521967,1,0.08011560608278646
znhoughton/opt-babylm-1.3B-20eps-seed964,random,9,2048,300000,78,NOUN+VERB,10,0.8770383712696381,0.0425521362751547,0.08040949245520713,True,0.035926853703168574,0.23684587694834625,1,40,0.04285554620388164,1,0.08195143247700776
znhoughton/opt-babylm-1.3B-20eps-seed964,random,10,2048,300000,78,NOUN+VERB,10,0.8748277447829202,0.04318774660593491,0.0819845086111448,True,0.03607989268935685,0.23819601747489197,1,40,0.043307402449220954,1,0.08345414703531343
znhoughton/opt-babylm-1.3B-20eps-seed964,random,11,2048,300000,78,NOUN+VERB,10,0.872155186878759,0.04423011610907505,0.0836146970121658,True,0.037527115035017176,0.2412592405134168,1,39,0.04515771217522173,1,0.08502879550229682
znhoughton/opt-babylm-1.3B-20eps-seed964,random,12,2048,300000,78,NOUN+VERB,10,0.8711003617988655,0.04472806445837484,0.08417157374275964,True,0.03821077229670269,0.24280115596371088,1,39,0.04639135330013591,1,0.08574099159746906
znhoughton/opt-babylm-1.3B-20eps-seed964,random,13,2048,300000,78,NOUN+VERB,10,0.8709076245950139,0.04478157767311972,0.08431079773186628,True,0.03780123911725326,0.24384729551216933,1,39,0.04574913652850507,1,0.08590505744184612
znhoughton/opt-babylm-1.3B-20eps-seed964,random,14,2048,300000,78,NOUN+VERB,10,0.8702795626312737,0.04515051354502737,0.08456992382369873,True,0.03815121779035345,0.24445510441956683,1,39,0.04625528222784336,1,0.08598855949549748
znhoughton/opt-babylm-1.3B-20eps-seed964,random,15,2048,300000,78,NOUN+VERB,10,0.8705714100434238,0.044447245172839045,0.0849813447837373,True,0.038750224204781254,0.24389245704820667,1,39,0.047151972216502275,1,0.08625984295897987
znhoughton/opt-babylm-1.3B-20eps-seed964,random,16,2048,300000,78,NOUN+VERB,10,0.8689066586650556,0.04556630226494764,0.08552703906999677,True,0.039327955326630325,0.2450714909677452,1,39,0.04805863576428664,1,0.08681291885205768
znhoughton/opt-babylm-1.3B-20eps-seed964,random,17,2048,300000,78,NOUN+VERB,10,0.8686392271139576,0.045829871234773674,0.08553090165126861,True,0.03947750125882228,0.2457034590946192,1,39,0.04816061986572185,1,0.08681002263755476
znhoughton/opt-babylm-1.3B-20eps-seed964,random,18,2048,300000,78,NOUN+VERB,10,0.8684244973560725,0.04572726382078487,0.08584823882314253,True,0.03860010920093036,0.24571494936439844,1,39,0.04731690852249619,1,0.08708484180889638
znhoughton/opt-babylm-1.3B-20eps-seed964,random,19,2048,300000,78,NOUN+VERB,10,0.8676264857864521,0.045798130326391094,0.0865753838871568,True,0.039021929444908954,0.24729606974786442,1,39,0.047567724413864525,1,0.08774862723316476
znhoughton/opt-babylm-1.3B-20eps-seed964,random,20,2048,300000,78,NOUN+VERB,10,0.8661903614933558,0.045817608632717485,0.08799202987392676,True,0.03920817337406471,0.2466328270027638,1,38,0.047800811434079445,1,0.08900849311857482
znhoughton/opt-babylm-1.3B-20eps-seed964,random,21,2048,300000,78,NOUN+VERB,10,0.8657511486421957,0.04602679530761909,0.08822205605018509,True,0.03944737164575613,0.24695615215639607,1,38,0.04856454101990778,1,0.08912797681725489
znhoughton/opt-babylm-1.3B-20eps-seed964,random,22,2048,300000,78,NOUN+VERB,10,0.8656505873472459,0.045991784880397145,0.08835762777235695,True,0.03969811438008185,0.24655947279134072,1,38,0.04902467090544787,1,0.08922843680162976
znhoughton/opt-babylm-1.3B-20eps-seed964,random,23,2048,300000,78,NOUN+VERB,10,0.8650025894441858,0.04627233113958601,0.08872507941622809,True,0.04024486760480668,0.2480450076677963,1,38,0.04963730606244297,1,0.08960321607559597
znhoughton/opt-babylm-1.3B-20eps-seed964,random,24,2048,300000,78,NOUN+VERB,10,0.8645149635059349,0.04730576591282217,0.08817927058124307,True,0.04063907641940782,0.24912532988720187,1,38,0.05022369967489301,1,0.0892363223780281
znhoughton/opt-babylm-350m-20eps-seed964,pretrained,0,1024,300000,78,NOUN+VERB,10,0.9986748540129622,0.00033369122656966933,0.0009914547604680888,False,,,1,20,,1,0.0010253997361794008
znhoughton/opt-babylm-350m-20eps-seed964,pretrained,1,1024,300000,78,NOUN+VERB,10,0.9985032259974579,0.0005108685792328631,0.0009859054233093086,False,,,1,25,,1,0.0009905587946661227
znhoughton/opt-babylm-350m-20eps-seed964,pretrained,2,1024,300000,78,NOUN+VERB,10,0.997533255410098,0.0007961522378258128,0.001670592352076309,False,,,1,29,,1,0.0016631806243538058
znhoughton/opt-babylm-350m-20eps-seed964,pretrained,3,1024,300000,78,NOUN+VERB,10,0.9963859651262199,0.0011655364433860978,0.0024484984303938745,False,,,1,27,,1,0.0024490879526214934
znhoughton/opt-babylm-350m-20eps-seed964,pretrained,4,1024,300000,78,NOUN+VERB,10,0.9952812508843178,0.0014272436590537115,0.003291505456628506,False,,,1,25,,1,0.0032811122209213776
znhoughton/opt-babylm-350m-20eps-seed964,pretrained,5,1024,300000,78,NOUN+VERB,10,0.9944887303504348,0.0016003268555861837,0.003910942793978956,False,,,1,23,,1,0.0038900954988523506
znhoughton/opt-babylm-350m-20eps-seed964,pretrained,6,1024,300000,78,NOUN+VERB,10,0.9940376824984081,0.00160929021517613,0.004353027286415704,False,,,1,25,,1,0.004319059129873214
znhoughton/opt-babylm-350m-20eps-seed964,pretrained,7,1024,300000,78,NOUN+VERB,10,0.9937730704042771,0.0016342550872535636,0.004592674508469331,False,,,1,27,,1,0.004533053373088959
znhoughton/opt-babylm-350m-20eps-seed964,pretrained,8,1024,300000,78,NOUN+VERB,10,0.9934953814748761,0.0017351574248316759,0.004769461100292239,False,,,1,28,,1,0.0047135783816572635
znhoughton/opt-babylm-350m-20eps-seed964,pretrained,9,1024,300000,78,NOUN+VERB,10,0.9933312769727067,0.001742198323879197,0.004926524703414117,False,,,1,30,,1,0.004876113351674228
znhoughton/opt-babylm-350m-20eps-seed964,pretrained,10,1024,300000,78,NOUN+VERB,10,0.9932382141400948,0.0016980181475686142,0.005063767712336546,False,,,1,33,,1,0.005020270121709043
znhoughton/opt-babylm-350m-20eps-seed964,pretrained,11,1024,300000,78,NOUN+VERB,10,0.993244977566697,0.0016587930245408656,0.005096229408762028,False,,,1,34,,1,0.005058230833096924
znhoughton/opt-babylm-350m-20eps-seed964,pretrained,12,1024,300000,78,NOUN+VERB,10,0.993223431797233,0.0017160485808018658,0.005060519621965134,False,,,1,36,,1,0.005022047078245744
znhoughton/opt-babylm-350m-20eps-seed964,pretrained,13,1024,300000,78,NOUN+VERB,10,0.9930434883008751,0.0018358145326586937,0.005120697166466118,False,,,1,36,,1,0.0050733431592790475
znhoughton/opt-babylm-350m-20eps-seed964,pretrained,14,1024,300000,78,NOUN+VERB,10,0.9927708797317701,0.0019724971295633333,0.0052566231386665194,False,,,1,37,,1,0.005208018820934317
znhoughton/opt-babylm-350m-20eps-seed964,pretrained,15,1024,300000,78,NOUN+VERB,10,0.9925174969505476,0.002045698694025822,0.005436804355426702,False,,,1,37,,1,0.005392202674007817
znhoughton/opt-babylm-350m-20eps-seed964,pretrained,16,1024,300000,78,NOUN+VERB,10,0.9924157135057439,0.002144609222601748,0.0054396772716543825,False,,,1,36,,1,0.005392252681657127
znhoughton/opt-babylm-350m-20eps-seed964,pretrained,17,1024,300000,78,NOUN+VERB,10,0.9920027841431761,0.0023816063868137448,0.005615609470010093,False,,,1,34,,1,0.00556525490307681
znhoughton/opt-babylm-350m-20eps-seed964,pretrained,18,1024,300000,78,NOUN+VERB,10,0.9909664231144228,0.0031144639940175922,0.0059191128915596575,False,,,1,33,,1,0.005873244511064294
znhoughton/opt-babylm-350m-20eps-seed964,pretrained,19,1024,300000,78,NOUN+VERB,10,0.9885433667568341,0.004699569858382718,0.006757063384783215,False,,,1,30,,1,0.006700311742760228
znhoughton/opt-babylm-350m-20eps-seed964,pretrained,20,1024,300000,78,NOUN+VERB,10,0.9715232678931384,0.01621326333238172,0.012263468774479922,False,,,1,25,,1,0.012299518423501726
znhoughton/opt-babylm-350m-20eps-seed964,pretrained,21,1024,300000,78,NOUN+VERB,10,0.9436318556381288,0.030466294605861133,0.02590184975601014,True,0.0016469008586397292,0.1044988216640883,1,28,0.0017201645423937798,1,0.025754086510043028
znhoughton/opt-babylm-350m-20eps-seed964,pretrained,22,1024,300000,78,NOUN+VERB,10,0.8896998522919868,0.06174242743206323,0.04855772027594997,True,0.002596133044058268,0.11298578889873821,1,27,0.0026461719133635915,1,0.04802906730276643
znhoughton/opt-babylm-350m-20eps-seed964,pretrained,23,1024,300000,78,NOUN+VERB,10,0.8532041304514618,0.07570800308646303,0.07108786646207511,True,0.0039902693298233165,0.1392667164238112,1,29,0.004221671799499409,1,0.07059381836720774
znhoughton/opt-babylm-350m-20eps-seed964,pretrained,24,1024,300000,78,NOUN+VERB,10,0.8280193656907809,0.08046916793028101,0.09151146637893802,True,0.0051998403009448505,0.1693959132551782,1,30,0.005648968087105569,1,0.0909118621236805
znhoughton/opt-babylm-350m-20eps-seed964,random,0,1024,300000,78,NOUN+VERB,10,0.9971251913887774,0.0006650398297415487,0.002209768781480855,False,,,1,22,,1,0.0023034156252621295
znhoughton/opt-babylm-350m-20eps-seed964,random,1,1024,300000,78,NOUN+VERB,10,0.9966182250791948,0.0008098156467057489,0.0025719592740994,False,,,1,24,,1,0.0026483586940459986
znhoughton/opt-babylm-350m-20eps-seed964,random,2,1024,300000,78,NOUN+VERB,10,0.9961621090361994,0.001022192243165342,0.0028156987206353432,False,,,1,27,,1,0.0029217536415958845
znhoughton/opt-babylm-350m-20eps-seed964,random,3,1024,300000,78,NOUN+VERB,10,0.9953760614772911,0.0012198922301014982,0.0034040462926074274,False,,,1,28,,1,0.0034944012456009743
znhoughton/opt-babylm-350m-20eps-seed964,random,4,1024,300000,78,NOUN+VERB,10,0.9951862713170598,0.0013482348502599079,0.003465493832680297,False,,,1,30,,1,0.003587824081624546
znhoughton/opt-babylm-350m-20eps-seed964,random,5,1024,300000,78,NOUN+VERB,10,0.9944741624901179,0.0015664421898907888,0.003959395319991306,False,,,1,31,,1,0.0040879216014378114
znhoughton/opt-babylm-350m-20eps-seed964,random,6,1024,300000,78,NOUN+VERB,10,0.993834505248982,0.0018996325019207012,0.004265862249097275,False,,,1,33,,1,0.0044110416069478705
znhoughton/opt-babylm-350m-20eps-seed964,random,7,1024,300000,78,NOUN+VERB,10,0.9929595407087517,0.0022084214209659894,0.0048320378702823436,False,,,1,34,,1,0.004895661194788453
znhoughton/opt-babylm-350m-20eps-seed964,random,8,1024,300000,78,NOUN+VERB,10,0.9920159087098044,0.002460868513534041,0.005523222776661704,False,,,1,35,,1,0.005568648059879513
znhoughton/opt-babylm-350m-20eps-seed964,random,9,1024,300000,78,NOUN+VERB,10,0.9909198537984588,0.0027962030945863584,0.006283943106954782,False,,,1,35,,1,0.0063439909438661
znhoughton/opt-babylm-350m-20eps-seed964,random,10,1024,300000,78,NOUN+VERB,10,0.9898263426327352,0.003266154250131442,0.00690750311713335,False,,,1,36,,1,0.006952098252566646
znhoughton/opt-babylm-350m-20eps-seed964,random,11,1024,300000,78,NOUN+VERB,10,0.9888934210023548,0.0037553168688170178,0.007351262128828296,False,,,1,36,,1,0.00745150540685527
znhoughton/opt-babylm-350m-20eps-seed964,random,12,1024,300000,78,NOUN+VERB,10,0.9876149902167668,0.004373747707604022,0.008011262075629171,False,,,1,36,,1,0.008075694254745192
znhoughton/opt-babylm-350m-20eps-seed964,random,13,1024,300000,78,NOUN+VERB,10,0.9855157708341177,0.005113589164977141,0.009370640000905027,False,,,1,36,,1,0.009533471021879234
znhoughton/opt-babylm-350m-20eps-seed964,random,14,1024,300000,78,NOUN+VERB,10,0.9830637100393134,0.005943976014779668,0.01099231394590703,False,,,1,34,,1,0.01114772705456132
znhoughton/opt-babylm-350m-20eps-seed964,random,15,1024,300000,78,NOUN+VERB,10,0.981283321988556,0.006536258903283593,0.012180419108160426,False,,,1,33,,1,0.01246460073919515
znhoughton/opt-babylm-350m-20eps-seed964,random,16,1024,300000,78,NOUN+VERB,10,0.9793149531124566,0.0076534219310063845,0.013031624956536883,False,,,1,32,,1,0.013544457881445624
znhoughton/opt-babylm-350m-20eps-seed964,random,17,1024,300000,78,NOUN+VERB,10,0.9775938811881494,0.008379695515154313,0.014026423296696289,False,,,1,31,,1,0.014471105818386797
znhoughton/opt-babylm-350m-20eps-seed964,random,18,1024,300000,78,NOUN+VERB,10,0.9768265522068866,0.009074413190050432,0.014099034603062995,False,,,1,30,,1,0.014730052054205368
znhoughton/opt-babylm-350m-20eps-seed964,random,19,1024,300000,78,NOUN+VERB,10,0.9744085725482019,0.010452073408468316,0.015139354043329922,False,,,1,28,,1,0.0159110546449247
znhoughton/opt-babylm-350m-20eps-seed964,random,20,1024,300000,78,NOUN+VERB,10,0.9710753208814258,0.011622930798024116,0.01730174832055017,False,,,1,27,,1,0.01828374738259882
znhoughton/opt-babylm-350m-20eps-seed964,random,21,1024,300000,78,NOUN+VERB,10,0.9685818406196489,0.01265871068923496,0.018759448691116214,False,,,1,26,,1,0.01964350139574477
znhoughton/opt-babylm-350m-20eps-seed964,random,22,1024,300000,78,NOUN+VERB,10,0.9670797859978832,0.013264751889710305,0.0196554621124064,False,,,1,26,,1,0.020573997684399763
znhoughton/opt-babylm-350m-20eps-seed964,random,23,1024,300000,78,NOUN+VERB,10,0.963335603447383,0.014655626396690602,0.022008770155926425,True,,0.34660942380099696,1,25,,1,0.022823841302877363
znhoughton/opt-babylm-350m-20eps-seed964,random,24,1024,300000,78,NOUN+VERB,10,0.96027716751558,0.016058242723005708,0.023664589761414306,True,,0.3514937336870677,1,24,,1,0.0249703368092276
znhoughton/opt-babylm-125m-20eps-seed964,random_noposemb,0,768,300000,79,NOUN+VERB,10,1.0,6.128332171495143e-33,4.147758921205628e-32,False,,,0,0,,0,9.249882051298605e-49
znhoughton/opt-babylm-125m-20eps-seed964,random_noposemb,1,768,300000,79,NOUN+VERB,10,0.9156718321181936,0.022172486578536352,0.06215568130327008,True,0.012188887458024081,0.28401782674597387,1,40,0.012782072129493,1,0.06314454065224188
znhoughton/opt-babylm-125m-20eps-seed964,random_noposemb,2,768,300000,79,NOUN+VERB,10,0.9026979390885581,0.024503759587633362,0.07279830132380855,True,0.013038593343916598,0.3034374057256194,1,40,0.013657982797666135,1,0.07370191191691595
znhoughton/opt-babylm-125m-20eps-seed964,random_noposemb,3,768,300000,79,NOUN+VERB,10,0.894207482151354,0.025891966239296342,0.07990055160934956,True,0.01697981936255726,0.31615750837018836,1,39,0.01802505202152006,1,0.08092108164265698
znhoughton/opt-babylm-125m-20eps-seed964,random_noposemb,4,768,300000,79,NOUN+VERB,10,0.8907878484396903,0.027000106083634564,0.08221204547667516,True,0.018239701653081242,0.31604953640736566,1,39,0.019552285417523116,1,0.0835012998872506
znhoughton/opt-babylm-125m-20eps-seed964,random_noposemb,5,768,300000,79,NOUN+VERB,10,0.8880192590479629,0.02774943656521309,0.08423130438682398,True,0.01854775375065859,0.3204687007271441,1,39,0.019896795969722117,1,0.08565479479912964
znhoughton/opt-babylm-125m-20eps-seed964,random_noposemb,6,768,300000,79,NOUN+VERB,10,0.8835066880968652,0.028801829813680613,0.08769148208945438,True,0.01907930827162707,0.3278564250158354,1,38,0.020422374884929644,1,0.08893651739007995
znhoughton/opt-babylm-125m-20eps-seed964,random_noposemb,7,768,300000,79,NOUN+VERB,10,0.8788184985961134,0.02874431902229813,0.09243718238158856,True,0.01856036015347912,0.332162086099799,1,38,0.019749871726402378,1,0.09366540718383816
znhoughton/opt-babylm-125m-20eps-seed964,random_noposemb,8,768,300000,79,NOUN+VERB,10,0.8749011385818984,0.03052667322394185,0.09457218819415963,True,0.020343324876839715,0.3316900529296557,1,38,0.021684541121603788,1,0.09551785063194441
znhoughton/opt-babylm-125m-20eps-seed964,random_noposemb,9,768,300000,79,NOUN+VERB,10,0.8726682708829738,0.03233563831083113,0.09499609080619506,True,0.021212662045534004,0.33334887158070425,1,38,0.022723466437177875,1,0.09589429344811645
znhoughton/opt-babylm-125m-20eps-seed964,random_noposemb,10,768,300000,79,NOUN+VERB,10,0.8717405535464599,0.031869765021634924,0.09638968143190528,True,0.020678133202281748,0.33188546914744227,1,38,0.02216929175899462,1,0.09762364742429042
znhoughton/opt-babylm-125m-20eps-seed964,random_noposemb,11,768,300000,79,NOUN+VERB,10,0.8706137867600459,0.03190803422998317,0.0974781790099709,True,0.021116165280811363,0.3372210601715112,1,37,0.02250455381813845,1,0.09861784439710622
znhoughton/opt-babylm-125m-20eps-seed964,random_noposemb,12,768,300000,79,NOUN+VERB,10,0.8699187252409124,0.031647900940900815,0.09843337381818675,True,0.021508259048134897,0.3413888161756923,1,37,0.02309485736490357,1,0.09950659998320874
znhoughton/opt-babylm-125m-20eps-seed964,pretrained_noposemb,0,768,300000,79,NOUN+VERB,10,1.0,2.6068746169163414e-32,4.5459532048659323e-32,False,,,0,0,,0,0.0
znhoughton/opt-babylm-125m-20eps-seed964,pretrained_noposemb,1,768,300000,79,NOUN+VERB,10,0.9930334773322439,0.0013004384553919857,0.0056660842123641055,False,,,1,46,,1,0.005653349321783415
znhoughton/opt-babylm-125m-20eps-seed964,pretrained_noposemb,2,768,300000,79,NOUN+VERB,10,0.9915762347736093,0.0021869573103876247,0.006236807916002962,False,,,1,38,,1,0.006222315250003732
znhoughton/opt-babylm-125m-20eps-seed964,pretrained_noposemb,3,768,300000,79,NOUN+VERB,10,0.9907230705439745,0.0026967922761399477,0.00658013717988561,False,,,1,36,,1,0.0065791607523395645
znhoughton/opt-babylm-125m-20eps-seed964,pretrained_noposemb,4,768,300000,79,NOUN+VERB,10,0.9885856213090911,0.003669955206822591,0.0077444234840863165,False,,,1,25,,1,0.007836961047422418
znhoughton/opt-babylm-125m-20eps-seed964,pretrained_noposemb,5,768,300000,79,NOUN+VERB,10,0.9864625958360539,0.004881127918881186,0.008656276245064914,False,,,1,30,,1,0.00868853479305739
znhoughton/opt-babylm-125m-20eps-seed964,pretrained_noposemb,6,768,300000,79,NOUN+VERB,10,0.9808602642925702,0.007750537006368525,0.011389198701061112,False,,,1,35,,1,0.011478644516398974
znhoughton/opt-babylm-125m-20eps-seed964,pretrained_noposemb,7,768,300000,79,NOUN+VERB,10,0.9784562762170985,0.008333365212004642,0.013210358570896917,False,,,1,36,,1,0.013303258273824062
znhoughton/opt-babylm-125m-20eps-seed964,pretrained_noposemb,8,768,300000,79,NOUN+VERB,10,0.9741526024990786,0.009512282428367831,0.016335115072553443,False,,,1,39,,1,0.016376031207024366
znhoughton/opt-babylm-125m-20eps-seed964,pretrained_noposemb,9,768,300000,79,NOUN+VERB,10,0.9677943064133211,0.01072876436575111,0.021476929220927896,True,,0.1321335721221,1,42,,1,0.021529402536197555
znhoughton/opt-babylm-125m-20eps-seed964,pretrained_noposemb,10,768,300000,79,NOUN+VERB,10,0.9616485862768925,0.011146974960364878,0.02720443876274267,True,,0.1472451208354315,1,43,,1,0.02729706680374623
znhoughton/opt-babylm-125m-20eps-seed964,pretrained_noposemb,11,768,300000,79,NOUN+VERB,10,0.9579392198634132,0.011288212156312323,0.03077256798027455,True,,0.1710447438697334,1,43,,1,0.030962575641089604
znhoughton/opt-babylm-125m-20eps-seed964,pretrained_noposemb,12,768,300000,79,NOUN+VERB,10,0.9542689227566579,0.012055953521755787,0.033675123721586195,True,,0.18121409795735327,1,42,,1,0.03406981332707588
znhoughton/opt-babylm-350m-20eps-seed964,random_noposemb,0,1024,300000,78,NOUN+VERB,10,1.0,5.9030698450950705e-33,4.160729424092483e-32,False,,,0,0,,0,6.96330062155453e-49
znhoughton/opt-babylm-350m-20eps-seed964,random_noposemb,1,1024,300000,78,NOUN+VERB,10,0.9995740924043687,0.0001309208809580814,0.00029498671467334287,False,,,1,26,,1,0.00029518820708928403
znhoughton/opt-babylm-350m-20eps-seed964,random_noposemb,2,1024,300000,78,NOUN+VERB,10,0.999083401594513,0.00027099432725347013,0.0006456040782334791,False,,,1,30,,1,0.0006457832781349509
znhoughton/opt-babylm-350m-20eps-seed964,random_noposemb,3,1024,300000,78,NOUN+VERB,10,0.9986110423542565,0.00037793345585816843,0.0010110241898852396,False,,,1,33,,1,0.0010090673411807213
znhoughton/opt-babylm-350m-20eps-seed964,random_noposemb,4,1024,300000,78,NOUN+VERB,10,0.9981145505661021,0.00048513420578505086,0.001400315228112945,False,,,1,35,,1,0.0013979319898444235
znhoughton/opt-babylm-350m-20eps-seed964,random_noposemb,5,1024,300000,78,NOUN+VERB,10,0.9975566660293486,0.0006266465104400789,0.00181668746021133,False,,,1,36,,1,0.001815661902104901
znhoughton/opt-babylm-350m-20eps-seed964,random_noposemb,6,1024,300000,78,NOUN+VERB,10,0.9969542641473216,0.0007971861216574006,0.0022485497310209992,False,,,1,36,,1,0.00226305019701031
znhoughton/opt-babylm-350m-20eps-seed964,random_noposemb,7,1024,300000,78,NOUN+VERB,10,0.996426525908222,0.0008806362448647646,0.002692837846913025,False,,,1,36,,1,0.0027059268350703583
znhoughton/opt-babylm-350m-20eps-seed964,random_noposemb,8,1024,300000,78,NOUN+VERB,10,0.9957869245938425,0.001018845639364136,0.0031942297667932793,False,,,1,36,,1,0.0032012043797071186
znhoughton/opt-babylm-350m-20eps-seed964,random_noposemb,9,1024,300000,78,NOUN+VERB,10,0.9950711153588003,0.00124824607341874,0.0036806385677808804,False,,,1,36,,1,0.0036866510812412585
znhoughton/opt-babylm-350m-20eps-seed964,random_noposemb,10,1024,300000,78,NOUN+VERB,10,0.9942994278012822,0.001483295016596175,0.00421727718212169,False,,,1,35,,1,0.004223631073541704
znhoughton/opt-babylm-350m-20eps-seed964,random_noposemb,11,1024,300000,78,NOUN+VERB,10,0.9933550832836225,0.0017960118948611241,0.004848904821516313,False,,,1,34,,1,0.004880216941309262
znhoughton/opt-babylm-350m-20eps-seed964,random_noposemb,12,1024,300000,78,NOUN+VERB,10,0.9923453179184698,0.0020467102800264324,0.005607971801503834,False,,,1,33,,1,0.00566696915824459
znhoughton/opt-babylm-350m-20eps-seed964,random_noposemb,13,1024,300000,78,NOUN+VERB,10,0.9911051581201284,0.0024431503218893982,0.006451691557982088,False,,,1,32,,1,0.0065347338988455995
znhoughton/opt-babylm-350m-20eps-seed964,random_noposemb,14,1024,300000,78,NOUN+VERB,10,0.9898985590228968,0.0028190221391087354,0.007282418837994504,False,,,1,32,,1,0.007357973725207442
znhoughton/opt-babylm-350m-20eps-seed964,random_noposemb,15,1024,300000,78,NOUN+VERB,10,0.9886441043289512,0.003208088283975671,0.008147807387073023,False,,,1,29,,1,0.008253233021358252
znhoughton/opt-babylm-350m-20eps-seed964,random_noposemb,16,1024,300000,78,NOUN+VERB,10,0.9876200899299246,0.003627946312365868,0.00875196375770956,False,,,1,29,,1,0.008927503077716746
znhoughton/opt-babylm-350m-20eps-seed964,random_noposemb,17,1024,300000,78,NOUN+VERB,10,0.9866486715409606,0.00397178725196346,0.009379541207075803,False,,,1,27,,1,0.009568511595810068
znhoughton/opt-babylm-350m-20eps-seed964,random_noposemb,18,1024,300000,78,NOUN+VERB,10,0.9853129895811492,0.004433594300738199,0.01025341611811264,False,,,1,27,,1,0.010485967555938851
znhoughton/opt-babylm-350m-20eps-seed964,random_noposemb,19,1024,300000,78,NOUN+VERB,10,0.9836271448858458,0.004963182792096125,0.011409672322058143,False,,,1,26,,1,0.011659488942890097
znhoughton/opt-babylm-350m-20eps-seed964,random_noposemb,20,1024,300000,78,NOUN+VERB,10,0.9822380061583101,0.005452004273623051,0.012309989568066823,False,,,1,26,,1,0.012574615859733379
znhoughton/opt-babylm-350m-20eps-seed964,random_noposemb,21,1024,300000,78,NOUN+VERB,10,0.9812438054264857,0.005765179679865699,0.012991014893648747,False,,,1,26,,1,0.01328301557831996
znhoughton/opt-babylm-350m-20eps-seed964,random_noposemb,22,1024,300000,78,NOUN+VERB,10,0.9799357525003763,0.005987182594965166,0.014077064904658461,False,,,1,26,,1,0.01444618700009086
znhoughton/opt-babylm-350m-20eps-seed964,random_noposemb,23,1024,300000,78,NOUN+VERB,10,0.9777137272398376,0.006804316742996814,0.015481956017165585,False,,,1,24,,1,0.01587105343526485
znhoughton/opt-babylm-350m-20eps-seed964,random_noposemb,24,1024,300000,78,NOUN+VERB,10,0.9759869144217538,0.0073787344119477915,0.01663435116629829,False,,,1,24,,1,0.017153747132841332
znhoughton/opt-babylm-350m-20eps-seed964,pretrained_noposemb,0,1024,300000,78,NOUN+VERB,10,1.0,2.2442620244575685e-32,4.8568172869204105e-32,False,,,0,0,,0,1.425673289875993e-48
znhoughton/opt-babylm-350m-20eps-seed964,pretrained_noposemb,1,1024,300000,78,NOUN+VERB,10,0.9995153868541308,0.00017605196966922768,0.00030856117619991783,False,,,1,20,,1,0.00030731593346759983
znhoughton/opt-babylm-350m-20eps-seed964,pretrained_noposemb,2,1024,300000,78,NOUN+VERB,10,0.998474328024899,0.00039186334991879235,0.001133808625182275,False,,,1,20,,1,0.0011281516991695005
znhoughton/opt-babylm-350m-20eps-seed964,pretrained_noposemb,3,1024,300000,78,NOUN+VERB,10,0.9971181515743794,0.0006954236143478905,0.0021864248112724964,False,,,1,17,,1,0.0021806127586933093
znhoughton/opt-babylm-350m-20eps-seed964,pretrained_noposemb,4,1024,300000,78,NOUN+VERB,10,0.995987282579544,0.0008715460271315931,0.00314117139332439,False,,,1,18,,1,0.003130434893302746
znhoughton/opt-babylm-350m-20eps-seed964,pretrained_noposemb,5,1024,300000,78,NOUN+VERB,10,0.9950844203994023,0.0010553979659700759,0.0038601816346276654,False,,,1,20,,1,0.003833457639729773
znhoughton/opt-babylm-350m-20eps-seed964,pretrained_noposemb,6,1024,300000,78,NOUN+VERB,10,0.9945502615914559,0.0011248114316834497,0.004324926976860599,False,,,1,23,,1,0.004294824787570435
znhoughton/opt-babylm-350m-20eps-seed964,pretrained_noposemb,7,1024,300000,78,NOUN+VERB,10,0.9941986387793514,0.0011639897165628967,0.004637371504085551,False,,,1,27,,1,0.004593046891181129
znhoughton/opt-babylm-350m-20eps-seed964,pretrained_noposemb,8,1024,300000,78,NOUN+VERB,10,0.9938985682764035,0.0012322064015250754,0.004869225322071398,False,,,1,29,,1,0.004813172806987731
znhoughton/opt-babylm-350m-20eps-seed964,pretrained_noposemb,9,1024,300000,78,NOUN+VERB,10,0.9936910987149798,0.0013141958439931542,0.0049947054410271275,False,,,1,33,,1,0.004943493385488421
znhoughton/opt-babylm-350m-20eps-seed964,pretrained_noposemb,10,1024,300000,78,NOUN+VERB,10,0.9937027892907069,0.0012805423709649725,0.00501666833832815,False,,,1,36,,1,0.004973146731512267
znhoughton/opt-babylm-350m-20eps-seed964,pretrained_noposemb,11,1024,300000,78,NOUN+VERB,10,0.9936832086118551,0.0012952007681248305,0.005021590620020072,False,,,1,37,,1,0.004985543124799783
znhoughton/opt-babylm-350m-20eps-seed964,pretrained_noposemb,12,1024,300000,78,NOUN+VERB,10,0.9937549749418583,0.0012740954529912565,0.004970929605150328,False,,,1,38,,1,0.00494919931886336
znhoughton/opt-babylm-350m-20eps-seed964,pretrained_noposemb,13,1024,300000,78,NOUN+VERB,10,0.9936793210526941,0.0012867926499266046,0.005033886297379285,False,,,1,39,,1,0.004998808212261499
znhoughton/opt-babylm-350m-20eps-seed964,pretrained_noposemb,14,1024,300000,78,NOUN+VERB,10,0.9936945240603345,0.0012780693666646888,0.005027406573000728,False,,,1,40,,1,0.004996336104208835
znhoughton/opt-babylm-350m-20eps-seed964,pretrained_noposemb,15,1024,300000,78,NOUN+VERB,10,0.9933985596038142,0.0014384443119660514,0.00516299608421973,False,,,1,38,,1,0.00511695762723585
znhoughton/opt-babylm-350m-20eps-seed964,pretrained_noposemb,16,1024,300000,78,NOUN+VERB,10,0.9931473665332942,0.0017066845624227188,0.005145948904283132,False,,,1,37,,1,0.005088644812766048
znhoughton/opt-babylm-350m-20eps-seed964,pretrained_noposemb,17,1024,300000,78,NOUN+VERB,10,0.9926823562635684,0.001990319033057094,0.005327324703374545,False,,,1,36,,1,0.005253503710807941
znhoughton/opt-babylm-350m-20eps-seed964,pretrained_noposemb,18,1024,300000,78,NOUN+VERB,10,0.9921022517311194,0.0023573113544777193,0.0055404369144029355,False,,,1,35,,1,0.005467324295225347
znhoughton/opt-babylm-350m-20eps-seed964,pretrained_noposemb,19,1024,300000,78,NOUN+VERB,10,0.991017007812465,0.002735437478332664,0.0062475547092023485,False,,,1,32,,1,0.006150613233940196
znhoughton/opt-babylm-350m-20eps-seed964,pretrained_noposemb,20,1024,300000,78,NOUN+VERB,10,0.9899921142186094,0.0030459546404327164,0.006961931140957817,False,,,1,27,,1,0.006901628557575118
znhoughton/opt-babylm-350m-20eps-seed964,pretrained_noposemb,21,1024,300000,78,NOUN+VERB,10,0.9889663194684204,0.0031316860514859855,0.007901994480093655,False,,,1,28,,1,0.007825008317798773
znhoughton/opt-babylm-350m-20eps-seed964,pretrained_noposemb,22,1024,300000,78,NOUN+VERB,10,0.9873928639425447,0.0032509069783691127,0.00935622907908631,False,,,1,28,,1,0.009256719628937224
znhoughton/opt-babylm-350m-20eps-seed964,pretrained_noposemb,23,1024,300000,78,NOUN+VERB,10,0.9792855297765043,0.00518829954102518,0.015526170682470442,False,,,1,34,,1,0.015407132364220347
znhoughton/opt-babylm-350m-20eps-seed964,pretrained_noposemb,24,1024,300000,78,NOUN+VERB,10,0.9694081954414754,0.0077532680047993,0.022838536553725447,True,,0.13364073064870025,1,37,,1,0.022864308527340466
znhoughton/opt-babylm-1.3B-20eps-seed964,pretrained_noposemb,0,2048,300000,78,NOUN+VERB,10,1.0,1.4886265246198368e-32,4.251329107986167e-32,False,,,0,0,,0,1.541583516681796e-48
znhoughton/opt-babylm-1.3B-20eps-seed964,pretrained_noposemb,1,2048,300000,78,NOUN+VERB,10,0.9871529541158547,0.0021956054204121675,0.010651440463733172,False,,,1,42,,1,0.01048425058529348
znhoughton/opt-babylm-1.3B-20eps-seed964,pretrained_noposemb,2,2048,300000,78,NOUN+VERB,10,0.9870213083144266,0.00252769616570695,0.010450995519866453,False,,,1,42,,1,0.010301065117547453
znhoughton/opt-babylm-1.3B-20eps-seed964,pretrained_noposemb,3,2048,300000,78,NOUN+VERB,10,0.9877643320741256,0.0025053590119525748,0.009730308913921794,False,,,1,42,,1,0.009593796472477342
znhoughton/opt-babylm-1.3B-20eps-seed964,pretrained_noposemb,4,2048,300000,78,NOUN+VERB,10,0.9851541313414063,0.0038242405841786282,0.011021628074415112,False,,,1,41,,1,0.010881575272380357
znhoughton/opt-babylm-1.3B-20eps-seed964,pretrained_noposemb,5,2048,300000,78,NOUN+VERB,10,0.983040865076693,0.004594322263470932,0.012364812659836173,False,,,1,41,,1,0.012273775766150139
znhoughton/opt-babylm-1.3B-20eps-seed964,pretrained_noposemb,6,2048,300000,78,NOUN+VERB,10,0.980937148969467,0.005338305953542367,0.01372454507699063,False,,,1,43,,1,0.013656155592518487
znhoughton/opt-babylm-1.3B-20eps-seed964,pretrained_noposemb,7,2048,300000,78,NOUN+VERB,10,0.9797194809896572,0.005658284525292258,0.014622234485050591,False,,,1,44,,1,0.014554069240332028
znhoughton/opt-babylm-1.3B-20eps-seed964,pretrained_noposemb,8,2048,300000,78,NOUN+VERB,10,0.9787980860080838,0.005688672863266614,0.015513241128649472,False,,,1,46,,1,0.015437727139643113
znhoughton/opt-babylm-1.3B-20eps-seed964,pretrained_noposemb,9,2048,300000,78,NOUN+VERB,10,0.9776164725238873,0.0059547852001843515,0.01642874227592851,False,,,1,47,,1,0.0163723034498202
znhoughton/opt-babylm-1.3B-20eps-seed964,pretrained_noposemb,10,2048,300000,78,NOUN+VERB,10,0.9764248498522262,0.006309843414549307,0.01726530673322444,False,,,1,47,,1,0.017201124580032385
znhoughton/opt-babylm-1.3B-20eps-seed964,pretrained_noposemb,11,2048,300000,78,NOUN+VERB,10,0.9755847167781385,0.006352430419346301,0.018062852802515177,False,,,1,48,,1,0.018003589666173964
znhoughton/opt-babylm-1.3B-20eps-seed964,pretrained_noposemb,12,2048,300000,78,NOUN+VERB,10,0.9746248928622971,0.006458586461681914,0.01891652067602103,False,,,1,49,,1,0.018859751643675593
znhoughton/opt-babylm-1.3B-20eps-seed964,pretrained_noposemb,13,2048,300000,78,NOUN+VERB,10,0.9735164205637723,0.00659473573897079,0.019888843697256946,False,,,1,50,,1,0.019852647668415557
znhoughton/opt-babylm-1.3B-20eps-seed964,pretrained_noposemb,14,2048,300000,78,NOUN+VERB,10,0.9722202670892856,0.006860928339619453,0.020918804571095035,True,,0.09007328244502358,1,51,,1,0.020895159777472395
znhoughton/opt-babylm-1.3B-20eps-seed964,pretrained_noposemb,15,2048,300000,78,NOUN+VERB,10,0.9710091327004766,0.006901940083197169,0.022088927216326264,True,,0.08786479974066386,1,52,,1,0.02208193058588275
znhoughton/opt-babylm-1.3B-20eps-seed964,pretrained_noposemb,16,2048,300000,78,NOUN+VERB,10,0.9698276368057686,0.006966341210872885,0.023206021983358565,True,,0.08509208217876633,1,52,,1,0.0232020030331311
znhoughton/opt-babylm-1.3B-20eps-seed964,pretrained_noposemb,17,2048,300000,78,NOUN+VERB,10,0.96858554158976,0.007097858245682352,0.024316600164557604,True,,0.08333061216486909,1,53,,1,0.024315229117069664
znhoughton/opt-babylm-1.3B-20eps-seed964,pretrained_noposemb,18,2048,300000,78,NOUN+VERB,10,0.9672857136070072,0.0072374293025823525,0.025476857090410424,True,,0.08239724033379912,1,54,,1,0.02546352158383802
znhoughton/opt-babylm-1.3B-20eps-seed964,pretrained_noposemb,19,2048,300000,78,NOUN+VERB,10,0.9656514167463597,0.007451873726984478,0.026896709526655772,True,,0.08119263711601896,1,54,,1,0.02690533749586692
znhoughton/opt-babylm-1.3B-20eps-seed964,pretrained_noposemb,20,2048,300000,78,NOUN+VERB,10,0.9638972455193501,0.007702866746680264,0.028399887733969686,True,,0.07993546822905295,1,55,,1,0.02841655561227768
znhoughton/opt-babylm-1.3B-20eps-seed964,pretrained_noposemb,21,2048,300000,78,NOUN+VERB,10,0.9619405365769597,0.007933462807163836,0.030126000615876534,True,,0.08184195919373038,1,55,,1,0.03013688864097764
znhoughton/opt-babylm-1.3B-20eps-seed964,pretrained_noposemb,22,2048,300000,78,NOUN+VERB,10,0.9597785980838447,0.008155428351466553,0.03206597356468876,True,,0.08241638927175893,1,56,,1,0.03208097778281327
znhoughton/opt-babylm-1.3B-20eps-seed964,pretrained_noposemb,23,2048,300000,78,NOUN+VERB,10,0.958071520352824,0.008329157531204183,0.03359932211597183,True,,0.08330999946498105,1,56,,1,0.03360854234374787
znhoughton/opt-babylm-1.3B-20eps-seed964,pretrained_noposemb,24,2048,300000,78,NOUN+VERB,10,0.9558416457464016,0.008730721536608085,0.03542763271699029,True,,0.08773774355458633,1,57,,1,0.0354358131285704
znhoughton/opt-babylm-1.3B-20eps-seed964,random_noposemb,0,2048,300000,78,NOUN+VERB,10,1.0,6.702411244767597e-33,4.227567352539806e-32,False,,,0,0,,0,0.0
znhoughton/opt-babylm-1.3B-20eps-seed964,random_noposemb,1,2048,300000,78,NOUN+VERB,10,0.9094595606419481,0.020730412713007223,0.06981002664504463,True,0.009171741542025642,0.1739973879730571,1,50,0.009730412783745025,1,0.07017533729524782
znhoughton/opt-babylm-1.3B-20eps-seed964,random_noposemb,2,2048,300000,78,NOUN+VERB,10,0.8987803624040056,0.02419338438610789,0.07702625320988651,True,0.011623227893599911,0.18620661727407045,1,49,0.012499774027007707,1,0.07759805217997175
znhoughton/opt-babylm-1.3B-20eps-seed964,random_noposemb,3,2048,300000,78,NOUN+VERB,10,0.8934173537808866,0.025781527007157155,0.08080111921195625,True,0.013345201164595578,0.19302044320575043,1,49,0.014290957677802335,1,0.08151584633281991
znhoughton/opt-babylm-1.3B-20eps-seed964,random_noposemb,4,2048,300000,78,NOUN+VERB,10,0.8895378138143007,0.027019429662151196,0.08344275652354805,True,0.014852790477585214,0.198342794741104,1,49,0.016226208530460477,1,0.08426014871276534
znhoughton/opt-babylm-1.3B-20eps-seed964,random_noposemb,5,2048,300000,78,NOUN+VERB,10,0.8850945670876564,0.028210033885502035,0.08669539902684162,True,0.015520610109985363,0.20043828552604565,1,49,0.0167802148273198,1,0.0872688332945802
znhoughton/opt-babylm-1.3B-20eps-seed964,random_noposemb,6,2048,300000,78,NOUN+VERB,10,0.8831227076345766,0.028290291773467605,0.08858700059195583,True,0.01620609752004045,0.20387310274876902,1,48,0.017315445176087414,1,0.08922560665215433
znhoughton/opt-babylm-1.3B-20eps-seed964,random_noposemb,7,2048,300000,78,NOUN+VERB,10,0.8813938634823539,0.028505616397701508,0.09010052011994452,True,0.015969386660023045,0.20681545923133549,1,48,0.017292345200591305,1,0.09075287575701986
znhoughton/opt-babylm-1.3B-20eps-seed964,random_noposemb,8,2048,300000,78,NOUN+VERB,10,0.8806433483163123,0.029155217228277925,0.09020143445540968,True,0.01724037563335409,0.20762619152470713,1,48,0.018618485339830182,1,0.09088264565334253
znhoughton/opt-babylm-1.3B-20eps-seed964,random_noposemb,9,2048,300000,78,NOUN+VERB,10,0.879621078030167,0.029620326824003715,0.09075859514582928,True,0.017847170041281127,0.21021060229827487,1,48,0.01924877763806633,1,0.0915504243020357
znhoughton/opt-babylm-1.3B-20eps-seed964,random_noposemb,10,2048,300000,78,NOUN+VERB,10,0.8777794923213342,0.029924941960997944,0.09229556571766785,True,0.01817325859288059,0.2127861535646194,1,48,0.01974915126462983,1,0.09322687274916355
znhoughton/opt-babylm-1.3B-20eps-seed964,random_noposemb,11,2048,300000,78,NOUN+VERB,10,0.8767281914892152,0.03049228508913227,0.09277952342165245,True,0.01860489045131105,0.21385202727178648,1,47,0.020330907152040684,1,0.09373077943984953
znhoughton/opt-babylm-1.3B-20eps-seed964,random_noposemb,12,2048,300000,78,NOUN+VERB,10,0.8748929471074856,0.03072159191358496,0.09438546097892957,True,0.01900632967894251,0.21486545731599319,1,47,0.020898159333243304,1,0.09527117508094674
znhoughton/opt-babylm-1.3B-20eps-seed964,random_noposemb,13,2048,300000,78,NOUN+VERB,10,0.8743811308426392,0.03063099994471177,0.094987869212649,True,0.01908864155885768,0.21487311524461086,1,47,0.020890692999202713,1,0.09586498010910707
znhoughton/opt-babylm-1.3B-20eps-seed964,random_noposemb,14,2048,300000,78,NOUN+VERB,10,0.874049234538849,0.030688835903753067,0.095261929557398,True,0.01940618339374892,0.21699950347589714,1,47,0.02124757909704126,1,0.09619318816561417
znhoughton/opt-babylm-1.3B-20eps-seed964,random_noposemb,15,2048,300000,78,NOUN+VERB,10,0.8736550310495157,0.030752802443162443,0.09559216650732187,True,0.01990954884410814,0.21885828826684037,1,47,0.02193778559941193,1,0.09654140536219939
znhoughton/opt-babylm-1.3B-20eps-seed964,random_noposemb,16,2048,300000,78,NOUN+VERB,10,0.873746234516202,0.03075031838225383,0.09550344710154414,True,0.020076554960786152,0.2203340232713367,1,47,0.021956302282446483,1,0.09658101540967312
znhoughton/opt-babylm-1.3B-20eps-seed964,random_noposemb,17,2048,300000,78,NOUN+VERB,10,0.872509293753068,0.030992736403580898,0.09649796984335114,True,0.020705166408447925,0.22017598288506718,1,46,0.022742462842684566,1,0.09752574890674577
znhoughton/opt-babylm-1.3B-20eps-seed964,random_noposemb,18,2048,300000,78,NOUN+VERB,10,0.8720270897759552,0.03127069919937014,0.09670221102467473,True,0.020880591920216955,0.2217219152259576,1,46,0.022904831070584455,1,0.0978033714151675
znhoughton/opt-babylm-1.3B-20eps-seed964,random_noposemb,19,2048,300000,78,NOUN+VERB,10,0.8708044623807774,0.03174053198810835,0.0974550056311143,True,0.021464841430963406,0.22223710688131476,1,46,0.023465594116036465,1,0.09848801700098091
znhoughton/opt-babylm-1.3B-20eps-seed964,random_noposemb,20,2048,300000,78,NOUN+VERB,10,0.870384188655216,0.03177661779433861,0.09783919355044528,True,0.022228917007724096,0.2231508206222795,1,46,0.024179662726007748,1,0.09888697030809741
znhoughton/opt-babylm-1.3B-20eps-seed964,random_noposemb,21,2048,300000,78,NOUN+VERB,10,0.8697647938149365,0.032383256615223684,0.0978519495698398,True,0.022564446043482875,0.22464936309536027,1,46,0.024620913707252945,1,0.09894503151549924
znhoughton/opt-babylm-1.3B-20eps-seed964,random_noposemb,22,2048,300000,78,NOUN+VERB,10,0.8686889745133305,0.03241277546345552,0.0988982500232141,True,0.022479304811456467,0.22292826864252804,1,46,0.02451877186294131,1,0.09997796060249024
znhoughton/opt-babylm-1.3B-20eps-seed964,random_noposemb,23,2048,300000,78,NOUN+VERB,10,0.8682953457249063,0.03245525356360137,0.0992494007114923,True,0.02258882091083123,0.22298490036159815,1,46,0.02475300480795712,1,0.10024138061866172
znhoughton/opt-babylm-1.3B-20eps-seed964,random_noposemb,24,2048,300000,78,NOUN+VERB,10,0.868570334179038,0.03258364073220506,0.09884602508875685,True,0.02175047542107298,0.2236874936876888,1,46,0.02384939914407669,1,0.09981229970186813
