construction,model,layer,reldepth,word_int_of_whole,prev_int_of_whole,word_size_interaction,prev_size_interaction,word_between_share,prev_between_share,word_size_item,prev_size_item,word_size_class,prev_size_class,word_leak_int_into_margins,prev_leak_int_into_margins,word_obs_size_interaction,prev_obs_size_interaction,word_size_interaction_excludes_zero,prev_size_interaction_excludes_zero
pos,EleutherAI/pythia-1.4b,0,0.0,0.00026232400546275674,0.03346652943527986,0.0002712055044649,0.3517399339309713,0.9672517745549936,0.0951456636193252,0.9997231281529408,0.3729289088151768,5.66634259423072e-06,0.2753311572538518,0.2538862370835085,0.4487639848028194,102.871019881961,5787.083593345008,False,True
pos,EleutherAI/pythia-1.4b,1,0.041666666666666664,0.006995143677528599,0.03377764359953379,0.0084172569326415,0.3370893654883658,0.8310478976116256,0.1002038244386549,0.9788174719687426,0.3786722573552719,0.0127652710986159,0.2842383771563623,0.049960245552572,0.4447187222175082,2451.4452631083545,6248.253808216911,True,True
pos,EleutherAI/pythia-1.4b,2,0.08333333333333333,0.01977281859577353,0.03138413762101036,0.028180341478292,0.3503301975671942,0.7016529097422404,0.0895844487256649,0.9506898372155304,0.3929440494545812,0.0211298213061774,0.2567257529782246,0.0492505156541683,0.3771445316098556,7159.843248354034,5738.004943865017,True,True
pos,EleutherAI/pythia-1.4b,3,0.125,0.038201234901756746,0.0301750936443479,0.0614989792703494,0.3430994002608686,0.6211686007636678,0.0879485467517719,0.9007609341899332,0.4017457430878499,0.0377400865397172,0.2551548566512813,0.0655254735562868,0.3597267747353566,13935.408663897915,5606.590074525735,True,True
pos,EleutherAI/pythia-1.4b,4,0.16666666666666666,0.05332278500755355,0.029363799173799342,0.0977270623415451,0.3449679592365945,0.5456296723746429,0.0851203666531254,0.8694309381705022,0.4614651257743329,0.0328419994879526,0.1935669149890724,0.0797885602535488,0.4018489269703187,19268.18579765384,5484.968202641706,True,True
pos,EleutherAI/pythia-1.4b,5,0.20833333333333334,0.05838045841241351,0.028686078063012967,0.116508084539334,0.3455405852526017,0.5010850418084406,0.0830179703551827,0.8498612058536694,0.4631988613568785,0.0336307096069964,0.1912605533905198,0.0871808184618834,0.3734793299479795,20897.79246407834,5283.2149114335625,True,True
pos,EleutherAI/pythia-1.4b,6,0.25,0.06118368511421324,0.028330397774861103,0.132955496943889,0.3464387048962719,0.4601816887648842,0.0817760757515347,0.8331868445361662,0.4666581613782567,0.0338576585199448,0.1869031337254714,0.0996573586516146,0.3546525498856922,22129.08008589023,5204.832447930103,True,True
pos,EleutherAI/pythia-1.4b,7,0.2916666666666667,0.0633138542139412,0.027913169457118924,0.1440174421855796,0.3421832495011654,0.4396262928510807,0.0815737459323644,0.8219520685798571,0.4628327524063476,0.0340304892345632,0.1949839980924868,0.1075090749121326,0.3524168988138885,22858.917826891007,5074.816119673667,True,True
pos,EleutherAI/pythia-1.4b,8,0.3333333333333333,0.0643108065574471,0.027562632709410177,0.1538568210302642,0.3343940333573442,0.417991260490147,0.0824256115836728,0.8111125208152257,0.4515066934819526,0.0350306581545101,0.2140992731607031,0.115898406252781,0.3435681856107347,22689.537972944152,5099.702315823596,True,True
pos,EleutherAI/pythia-1.4b,9,0.375,0.062280254953792046,0.027695294894735874,0.1497991673988238,0.3351582402697364,0.415758351900433,0.0826334894002505,0.81198576273672,0.4543963018301108,0.0382150698644562,0.2104454579001527,0.1212999703524274,0.3366801260490433,22427.77374445332,5068.486674750386,True,True
pos,EleutherAI/pythia-1.4b,10,0.4166666666666667,0.06255675598715829,0.028417227481581417,0.1514948252676106,0.3349124621534738,0.4129299854081078,0.0848497165464067,0.8065336775587745,0.4498520511647773,0.0419714971736149,0.2152354866817488,0.1179713048206298,0.3333868278774205,22085.93864653476,5324.762101801119,True,True
pos,EleutherAI/pythia-1.4b,11,0.4583333333333333,0.06251710262040619,0.02861906557216345,0.1502960800417153,0.3372223413187148,0.4159596351618373,0.0848670508016996,0.808550759837911,0.4560857327032707,0.0411531601203735,0.2066919259780145,0.1231406818898882,0.3280501128570527,22485.80230288708,5404.893660738972,True,True
pos,EleutherAI/pythia-1.4b,12,0.5,0.06474980420173881,0.029445517433168592,0.1499960855775374,0.3331613001452626,0.4316766264428129,0.0883821662970158,0.8080517697051883,0.4509100473700001,0.0419521447172741,0.2159286524847372,0.1278794619593206,0.3220241583683614,23567.232377046625,5615.2998678863205,True,True
pos,EleutherAI/pythia-1.4b,13,0.5416666666666666,0.06630998481697137,0.030148740856619664,0.1531169007164927,0.3313697286757284,0.4330677051761205,0.0909821816769588,0.8028325719474505,0.4496151153624689,0.0440505273360567,0.2190151559618028,0.1292534297185461,0.3255602374417036,24244.82743161364,5919.799041934711,True,True
pos,EleutherAI/pythia-1.4b,14,0.5833333333333334,0.06910184613001702,0.03102605679337886,0.1590771002202657,0.3271618650122954,0.4343921660272618,0.0948339648088656,0.7968128111288943,0.444862457366582,0.0441100886508398,0.2279756776211225,0.1374387193256189,0.3316120741531327,25225.052995843955,6318.976355449658,True,True
pos,EleutherAI/pythia-1.4b,15,0.625,0.0748304566747822,0.032008513260279564,0.1734173167334975,0.3141970242862575,0.4315051004380341,0.1018740178491231,0.781049877018098,0.4351988759832806,0.0455328062484044,0.2506040997304619,0.1543235456140633,0.3333642323163123,26683.002997427888,6875.776251682197,True,True
pos,EleutherAI/pythia-1.4b,16,0.6666666666666666,0.08001452091580022,0.03378296334086947,0.1882727612374881,0.315759625567899,0.4249925501165277,0.1069894964567121,0.7602472538868483,0.4324284437664207,0.0514799848756635,0.2518119306656802,0.1613058966367618,0.340354289151213,27954.672053658905,7490.316883050395,True,True
pos,EleutherAI/pythia-1.4b,17,0.7083333333333334,0.08281017028464754,0.03517902012928876,0.201054226715983,0.3126466722074836,0.4118797780940383,0.1125200530071297,0.7431990514314597,0.4422316020082831,0.0557467218525573,0.2451217257842332,0.1733469969412113,0.3479363542409335,28204.80294469374,8186.777092338,True,True
pos,EleutherAI/pythia-1.4b,18,0.75,0.08548876496516863,0.03627286779718989,0.2133038681607874,0.3058393239374721,0.4007839412491462,0.1186010593085334,0.7268070573093871,0.4305334656292042,0.0598890745298254,0.2636272104333237,0.1892085119106585,0.3523907509612712,28358.30134270718,8702.25953584762,True,True
pos,EleutherAI/pythia-1.4b,19,0.7916666666666666,0.08713052302524125,0.036597791414205334,0.226550506314644,0.3044749561810076,0.3845964612598583,0.1201996770875575,0.7074975837824304,0.4453021146570659,0.0659519099029255,0.2502229291619264,0.2093198333487688,0.3503988003926664,28402.89740899699,9019.272783916593,True,True
pos,EleutherAI/pythia-1.4b,20,0.8333333333333334,0.08705532970459103,0.03741562749775706,0.2388120162008573,0.3067370226806141,0.3645349638996872,0.1219794962172388,0.6912247908787831,0.4425849109563067,0.0699631929203595,0.250678066363079,0.2280056199056495,0.356810140694652,27871.417820606,9406.120965024224,True,True
pos,EleutherAI/pythia-1.4b,21,0.875,0.08678931982073111,0.03808758641893619,0.2469691110425698,0.3022597483181711,0.3514177115281892,0.1260094558764855,0.6788369134038856,0.4326867636855642,0.0741939755535444,0.2650534879962646,0.2299700108782845,0.3589021395825841,27313.41700932762,9789.85480485453,True,True
pos,EleutherAI/pythia-1.4b,22,0.9166666666666666,0.08653659385616708,0.03847685217528388,0.2549874743962729,0.3018122273132097,0.3393758617401011,0.1274860615085485,0.6646267167289882,0.4287919568302692,0.0803858088747389,0.2693958158565208,0.2383567788729051,0.3617431566557703,26751.938915624385,9945.730375298634,True,True
pos,EleutherAI/pythia-1.4b,23,0.9583333333333334,0.08546811275237741,0.03938692380415915,0.2610457077348365,0.2925418486101143,0.3274066962985414,0.1346368869660496,0.6555795694819551,0.4082251179710716,0.0833747227832085,0.2992330334188141,0.2390202828536771,0.3711472606119634,25876.043640006643,10517.092674696623,True,True
pos,EleutherAI/pythia-1.4b,24,1.0,0.07655990211895122,0.040712303177188006,0.2476940228755046,0.2710217747953951,0.3090906321846595,0.1502178310503771,0.6650736429375249,0.3929001376757625,0.0872323341869703,0.3360780875288424,0.2105330403843862,0.3749285924226095,23451.77721029889,10783.216404956083,True,True
pos,znhoughton/opt-babylm-1.3B-20eps-seed964,0,0.0,0.0011100952331447632,0.025704424719625734,0.0017982883398199,0.3094056686657594,0.6173065845802793,0.0830767737077027,0.997416499129289,0.3708059601853306,0.000785212530891,0.31978837114891,0.1465335617237619,0.4948595523157453,357.81260419351094,4583.865229122637,True,True
pos,znhoughton/opt-babylm-1.3B-20eps-seed964,1,0.041666666666666664,0.003639696869517606,0.031668513403429695,0.0051056052878475,0.2944855385664974,0.7128825407206685,0.1075384331522231,0.9938989129440936,0.3353119018397215,0.0009954817680587,0.370202559593781,0.2437628259226646,0.5577049825699445,1344.3918473924357,6452.505962338728,True,True
pos,znhoughton/opt-babylm-1.3B-20eps-seed964,2,0.08333333333333333,0.0037726273248861034,0.03210270125271555,0.0052915442767859,0.2892711698335509,0.7129539369889972,0.1109778802747184,0.9931406662676708,0.3382968503349799,0.0015677894555432,0.372431979831469,0.2317823283499739,0.5599397537330697,1363.525368177221,6635.457178875409,True,True
pos,znhoughton/opt-babylm-1.3B-20eps-seed964,3,0.125,0.0071501425808876175,0.031586563508878285,0.0109031015435141,0.2913107891321281,0.6557897816829015,0.1084290890940938,0.9797907303831376,0.3438040075490913,0.0093061680733482,0.3648852033187805,0.1610897961831564,0.5220945127561091,2505.496826797316,6563.202112195383,True,True
pos,znhoughton/opt-babylm-1.3B-20eps-seed964,4,0.16666666666666666,0.012397380637276417,0.029710442979355416,0.0215561748295319,0.3068104855157025,0.575119692399787,0.096836465446794,0.9564205088324008,0.3603760972189713,0.0220233163380673,0.3328134172653261,0.1116690879156954,0.4494989084907188,4183.46429577968,5988.001284676948,True,True
pos,znhoughton/opt-babylm-1.3B-20eps-seed964,5,0.20833333333333334,0.01471390046325353,0.029001563795810113,0.026594888130695,0.3127794829432302,0.5532604758833785,0.0927220785804353,0.948669796011251,0.3702665159233792,0.0247353158580539,0.3169540011333905,0.1019141250249928,0.4235924395578343,4941.367334267109,5799.806022131209,True,True
pos,znhoughton/opt-babylm-1.3B-20eps-seed964,6,0.25,0.01696710398496507,0.028631089889213944,0.0315793582703751,0.3162141801846782,0.5372846350991899,0.0905433458818721,0.937192926979604,0.3776392279069897,0.0312277147500208,0.3061465919083321,0.0966295655533788,0.4083820709001723,5660.464574518608,5698.730202719068,True,True
pos,znhoughton/opt-babylm-1.3B-20eps-seed964,7,0.2916666666666667,0.01821270796305201,0.028483481131121827,0.0346443210186619,0.3193178934590208,0.5257054382229442,0.0892010179027979,0.9341051170762484,0.3823574791615249,0.0312505619050895,0.2983246273794543,0.0954795496744597,0.3921870123790442,6031.940984038666,5669.616784805675,True,True
pos,znhoughton/opt-babylm-1.3B-20eps-seed964,8,0.3333333333333333,0.019200447171849537,0.02865873872657735,0.0368675198788954,0.3184104012020607,0.520795736597425,0.0900056613049859,0.9318689096719056,0.3779177344109746,0.0312635704491987,0.3036718643869646,0.0907799521935385,0.3878302388366913,6302.515903608632,5764.681450005223,True,True
pos,znhoughton/opt-babylm-1.3B-20eps-seed964,9,0.375,0.0201925631932115,0.028421328571060122,0.0393301207905037,0.3124887210584149,0.513412183521364,0.0909515341059212,0.9295657154973552,0.3724805118580283,0.0311041637121412,0.3150307670835569,0.0878118461738931,0.3864603627544248,6548.422203466974,5801.857775280304,True,True
pos,znhoughton/opt-babylm-1.3B-20eps-seed964,10,0.4166666666666667,0.02171275836268188,0.028653677860185828,0.0429213644495849,0.3121137718243121,0.5058729758739501,0.091805234010356,0.9218054052364024,0.3676316682350511,0.0352732303140127,0.3202545599406367,0.0896515264492195,0.3795321336834377,6995.868522535568,5913.394897972904,True,True
pos,znhoughton/opt-babylm-1.3B-20eps-seed964,11,0.4583333333333333,0.022867197914872957,0.02862107864540701,0.0459839171050595,0.3117728332115378,0.4972868636360023,0.0918010666631355,0.9179283137184404,0.3675926429985444,0.0360877691765002,0.3206345237899178,0.0911987164498069,0.3745470472754056,7309.536590062491,5943.684458532645,True,True
pos,znhoughton/opt-babylm-1.3B-20eps-seed964,12,0.5,0.02402554087831291,0.028658106936921106,0.0491357187130312,0.3106837967741438,0.4889628463283501,0.0922420391229947,0.913767225676424,0.3690390994542839,0.0370970556105447,0.3202771037715722,0.0893719605460028,0.3701307932157515,7624.0071855019805,6002.50343466904,True,True
pos,znhoughton/opt-babylm-1.3B-20eps-seed964,13,0.5416666666666666,0.025302324829350915,0.028724426140837114,0.0526615976385216,0.3118221716186239,0.4804701331514947,0.0921179722138832,0.9082943718145609,0.3689130180986497,0.0390440305469174,0.3192648102827263,0.0919605945799664,0.3665131196303531,7971.615656153002,6052.094321311498,True,True
pos,znhoughton/opt-babylm-1.3B-20eps-seed964,14,0.5833333333333334,0.026343635489004015,0.02889523241531083,0.0560703723742098,0.3141584635767493,0.4698316485788325,0.0919766161520321,0.9042241793087392,0.3700004760023409,0.039705448317051,0.3158410604209098,0.089264377235871,0.3651261791247208,8226.30025953294,6118.118713682349,True,True
pos,znhoughton/opt-babylm-1.3B-20eps-seed964,15,0.625,0.027334662692305018,0.028872210561505997,0.0595142327006064,0.3112629776783879,0.4592962296903897,0.0927582546978593,0.9001465171201212,0.3658033617576849,0.0403392501792724,0.322933660563927,0.0901661047023336,0.3641248849856719,8441.334594069487,6184.849344901088,True,True
pos,znhoughton/opt-babylm-1.3B-20eps-seed964,16,0.6666666666666666,0.02850603267577301,0.02869243967585891,0.0635842637362951,0.3092963672116642,0.4483189865026499,0.092766817581868,0.8950648295171134,0.3644764661475781,0.0413509067465915,0.3262271666407577,0.0893900059312084,0.3634490844507536,8714.971802553788,6164.689438614942,True,True
pos,znhoughton/opt-babylm-1.3B-20eps-seed964,17,0.7083333333333334,0.029411640125494867,0.028654371856723482,0.067372003777017,0.3091629489627852,0.4365558166095132,0.0926837189024636,0.8909789212355537,0.3663474893643575,0.0416490749874293,0.3244895616728571,0.0904908600691184,0.3616289922205778,8904.993610661399,6174.413837175581,True,True
pos,znhoughton/opt-babylm-1.3B-20eps-seed964,18,0.75,0.030312011451145066,0.028477242474353088,0.0715376976649977,0.3056568943641392,0.4237208135085996,0.0931673487476687,0.8861240324123044,0.3660493587195461,0.0423382699226977,0.3282937469163146,0.0930552311340404,0.3604501302058358,9085.642419964508,6173.809540266562,True,True
pos,znhoughton/opt-babylm-1.3B-20eps-seed964,19,0.7916666666666666,0.03137985719447464,0.028373414814345146,0.0763274971789593,0.3046960459212386,0.4111212649996982,0.0931203906127467,0.8784326069493673,0.3647721687047527,0.0452398958716732,0.3305317853740087,0.0970317392393923,0.3548851643986551,9305.72065540656,6157.689829473741,True,True
pos,znhoughton/opt-babylm-1.3B-20eps-seed964,20,0.8333333333333334,0.03240501567528605,0.028172268297228145,0.0816434421814373,0.3020425501490726,0.3969089838626837,0.093272515025859,0.8723552928610679,0.3629274986893447,0.0460012649574946,0.3350299511615824,0.0987160422318329,0.3532523327438913,9496.559566717344,6142.217628126635,True,True
pos,znhoughton/opt-babylm-1.3B-20eps-seed964,21,0.875,0.03336736774446535,0.02798664694000396,0.0870778981309917,0.299716479809183,0.383189861728985,0.0933770707497362,0.8660788696106748,0.3595110434925102,0.0468432322583334,0.3407724766983068,0.101123531911737,0.3513337576626604,9669.473429917907,6120.714574059828,True,True
pos,znhoughton/opt-babylm-1.3B-20eps-seed964,22,0.9166666666666666,0.034252388279163014,0.02756570808026602,0.0928023211238719,0.2938895475225765,0.3690897799144825,0.0937961499911746,0.8595264640366143,0.3542230312129518,0.0476712148395138,0.3518874212644717,0.1042157147514522,0.3463473561451256,9827.791361668951,6028.597148685454,True,True
pos,znhoughton/opt-babylm-1.3B-20eps-seed964,23,0.9583333333333334,0.03509941289788437,0.02728122517630756,0.098666729908422,0.2899138092279675,0.3557370648694049,0.0941011580267829,0.851916450226391,0.3479647785795622,0.049416819865187,0.3621214121924702,0.1074267238729358,0.3432140828246338,9973.7065186151,5975.703620039041,True,True
pos,znhoughton/opt-babylm-1.3B-20eps-seed964,24,1.0,0.035093923333160755,0.0258850142572314,0.1031006205200204,0.2863709331932622,0.3403851805755728,0.0903898100571627,0.8459563893027153,0.3441663945425915,0.0509429901772642,0.3694626722641463,0.1027278083871835,0.3177808710435469,10232.216607202436,5296.619222043888,True,True
pos,EleutherAI/pythia-410m,0,0.0,0.00024416302331546,0.03560407331598379,0.0002516221376678,0.3556390213466971,0.9703558899011192,0.1001129549315538,0.9997409091757292,0.3737997147484563,7.4686866029666175e-06,0.2705612639048466,0.2568681810479806,0.4748280835348564,45.87150928514484,3126.38373021073,False,True
pos,EleutherAI/pythia-410m,1,0.041666666666666664,0.00404505770343291,0.03684830896916108,0.0046017725682329,0.3377929980288014,0.8790216473010594,0.1090854730091808,0.9908964308549404,0.3720079052439994,0.0045017965768265,0.2901990967271992,0.0564161875257292,0.4909651617438519,666.1893781201264,3505.1415967787634,True,True
pos,EleutherAI/pythia-410m,2,0.08333333333333333,0.012701409739551113,0.03487599461767631,0.0163498448901385,0.3323285062291398,0.7768520022604031,0.1049443365945544,0.9605374831496116,0.3705517305987315,0.0231126719602496,0.2971197631721287,0.0612073936941302,0.456519107336534,2246.505640846827,3378.899267635778,True,True
pos,EleutherAI/pythia-410m,3,0.125,0.032585934913720395,0.03375689361991204,0.0453061991043308,0.31687224752186,0.7192378870423831,0.1065315561205254,0.9226439175081804,0.3588382431077804,0.0320498833874886,0.3242895093703595,0.0830562989442935,0.4397366668239139,5885.606401669098,3326.209993256086,True,True
pos,EleutherAI/pythia-410m,4,0.16666666666666666,0.041970814375730574,0.03310578550267559,0.0627289543169275,0.3286149839560818,0.6690820026056881,0.1007433839568924,0.9022276733208984,0.3767456336626612,0.0350433723621741,0.294639382381257,0.0937864632125954,0.4202824220493615,7524.944699603913,3227.225660771316,True,True
pos,EleutherAI/pythia-410m,5,0.20833333333333334,0.05480111694466775,0.03175374935331662,0.0878655113406506,0.3257157446185106,0.6236931431743031,0.0974891446850618,0.8669819183807909,0.3827155029690589,0.0451525702785584,0.2915687524124304,0.1169819931956835,0.4089232056867559,9909.426902399391,3070.981886396816,True,True
pos,EleutherAI/pythia-410m,6,0.25,0.05965150875448078,0.030442648435701443,0.1085847149370604,0.3347553171943697,0.5493545642133604,0.0909399996715376,0.8461275075089296,0.4562748381255156,0.04528777755401,0.2089698446801145,0.1336543631761398,0.4413888881069095,10251.804715983371,3004.8515784815554,True,True
pos,EleutherAI/pythia-410m,7,0.2916666666666667,0.06236482209507111,0.029911719099656058,0.1205521914370982,0.3297988095942996,0.5173263244045785,0.0906968679979525,0.8370320808882559,0.4537345129991936,0.0424157276746458,0.2164666774065068,0.139064893917124,0.4444309158653096,10431.101205358043,2986.17655396338,True,True
pos,EleutherAI/pythia-410m,8,0.3333333333333333,0.06254075651238128,0.029538144697147602,0.127550071309405,0.3301232520094139,0.4903231795196166,0.089476110868753,0.8243355697787103,0.4570640090969184,0.0481143589118846,0.2128127388936677,0.1461806499711331,0.4289127938921455,10534.569317108684,2910.8998908599942,True,True
pos,EleutherAI/pythia-410m,9,0.375,0.06269997399370301,0.029585987026044046,0.1298757155688366,0.3315580397092328,0.4827690359131907,0.0892332065058357,0.8222307152417624,0.4594626798801328,0.047893569189401,0.2089792804106344,0.151126546625007,0.4312469743615368,10573.533630957836,2892.438997236212,True,True
pos,EleutherAI/pythia-410m,10,0.4166666666666667,0.06301691773741805,0.029620701862219555,0.1334415837214762,0.3289488936628546,0.4722434789814029,0.0900465161393074,0.8138790278980739,0.4593168197643725,0.0526793883804499,0.2117342865727729,0.1547893615132558,0.424258712347177,10570.925181886463,2904.464362270048,True,True
pos,EleutherAI/pythia-410m,11,0.4583333333333333,0.06489157382950607,0.029957175549403445,0.136074145736961,0.3286430733377612,0.4768839332267067,0.0911541364470357,0.813035165641282,0.4630265494838597,0.0508906886217569,0.2083303771783789,0.1608994675659085,0.4155166341230211,10934.035798595423,2973.337252401756,True,True
pos,EleutherAI/pythia-410m,12,0.5,0.06768486175547707,0.03047676296017568,0.1367193881609038,0.3265324094380671,0.4950641066051245,0.0933345728610016,0.8142199709227025,0.4589082002680799,0.0490606409163936,0.2145593902938531,0.1656672392541743,0.4232659842771903,11445.656559086205,3081.637506063459,True,True
pos,EleutherAI/pythia-410m,13,0.5416666666666666,0.07039116442471306,0.03100089954231508,0.1427579070376277,0.3246550274367486,0.4930806698234906,0.095488740116168,0.8039642965587175,0.4593722420579447,0.0532777964036547,0.2159727305053067,0.1624380808263795,0.417089678705834,11798.281282936145,3171.804893214701,True,True
pos,EleutherAI/pythia-410m,14,0.5833333333333334,0.07359741375651369,0.031274047636355856,0.1519412209740257,0.3207464213322106,0.4843808236153054,0.0975039643668043,0.7917010746643418,0.456154517534957,0.0563577043616325,0.2230990611328323,0.1858303521196943,0.393892603837663,12288.532179432505,3223.909620097133,True,True
pos,EleutherAI/pythia-410m,15,0.625,0.07676219121051915,0.03190739037532503,0.1541696877442487,0.314280441700375,0.497907158882358,0.1015252180590497,0.782186593732408,0.444186924368025,0.0636437185233432,0.2415326339315999,0.1701936622414641,0.3968670618792533,13086.785774217507,3413.2609122824383,True,True
pos,EleutherAI/pythia-410m,16,0.6666666666666666,0.08078030406426756,0.0330527876175879,0.1659070532463655,0.3090998948904445,0.4869009634226458,0.106932380644461,0.7784487304518347,0.4415610327229332,0.0556442163017997,0.2493390723866221,0.1769229841334725,0.3965905231952922,13785.6523110437,3709.989427659556,True,True
pos,EleutherAI/pythia-410m,17,0.7083333333333334,0.08485320434963732,0.0340597432831772,0.1793451147066433,0.2883649958442443,0.4731280497293311,0.1181133070033716,0.7562087749063023,0.422643696228657,0.0644461103870542,0.2889913079270986,0.1954222411474095,0.4051658931809409,13928.218580910796,4062.263557537433,True,True
pos,EleutherAI/pythia-410m,18,0.75,0.08710767244243338,0.03629375032335578,0.1951448230513078,0.2943255693949039,0.4463744980799767,0.1233115777129766,0.7265908381923482,0.4351664701550159,0.0782643387563438,0.2705079604500801,0.2152404628619104,0.4076894111648327,13764.073899283714,4497.59272701819,True,True
pos,EleutherAI/pythia-410m,19,0.7916666666666666,0.0913778715375263,0.03842557342562721,0.2149988493217123,0.2960121879171784,0.4250156306687649,0.1298107814276159,0.7203317390490396,0.431939506983809,0.0646694116292481,0.2720483050990127,0.2326891899322735,0.4322160961686584,13906.003863863858,4975.8518830025605,True,True
pos,EleutherAI/pythia-410m,20,0.8333333333333334,0.09574628498553645,0.039132521595385175,0.2385815206373176,0.2892354637996797,0.4013147570263258,0.1352964158727361,0.68649317276394,0.4275582484207797,0.0749253065987423,0.2832062877795405,0.3100055223074964,0.439103041056436,14740.621926386422,5210.977177982653,True,True
pos,EleutherAI/pythia-410m,21,0.875,0.09547517028806961,0.03967668823436368,0.2432470804878628,0.2939629418283487,0.3925028415411279,0.1349717348302078,0.6497809177239108,0.4289932973985263,0.1069720017882263,0.277043760773125,0.3222928487435058,0.4473888303841485,14291.0081671245,5228.037543673126,True,True
pos,EleutherAI/pythia-410m,22,0.9166666666666666,0.0924984468204563,0.03980654549285766,0.2456662181181878,0.2878122043508206,0.3765208237786936,0.1383073576836116,0.6518286577328231,0.4180398990223573,0.102505124148989,0.2941478966268221,0.2846577679417719,0.4385607508318386,13177.623680305289,5404.909067509131,True,True
pos,EleutherAI/pythia-410m,23,0.9583333333333334,0.09399009917020835,0.04145389624714848,0.263300197057353,0.2753672294797508,0.3569693460948496,0.1505404122540907,0.6376568644459946,0.3935217170596335,0.0990429384966524,0.3311110534606156,0.3030432006610029,0.4287330187611087,13478.179183774915,5743.630760269459,True,True
pos,EleutherAI/pythia-410m,24,1.0,0.08418217380081022,0.04256775109027452,0.2484573330054964,0.2622576570969315,0.3388194374562812,0.1623127101853934,0.6518690640436066,0.3839488242941076,0.099673602950897,0.3537935186089609,0.2405329056292116,0.3938180541981439,12599.28398804512,5886.928081030424,True,True
pos,znhoughton/opt-babylm-350m-20eps-seed964,0,0.0,0.0009991139724858317,0.025066522882290877,0.0017764201458899,0.3049238657383752,0.5624311201364609,0.0822058411911843,0.9974767611289832,0.3737825417655578,0.000746818725127,0.3212935924960668,0.1638552781605761,0.5245971912613655,152.06977236002285,2228.503850270761,True,True
pos,znhoughton/opt-babylm-350m-20eps-seed964,1,0.041666666666666664,0.0022977068640215774,0.03291585573639915,0.0032116288189807,0.2807091112918593,0.7154335054045314,0.1172596628050873,0.9960145091883348,0.302144045678379,0.0007738619926843,0.4171468430297617,0.196003936662236,0.540735904871978,417.02061863335183,3396.917188162748,True,True
pos,znhoughton/opt-babylm-350m-20eps-seed964,2,0.08333333333333333,0.0026883691789218417,0.03438466632918988,0.0037375763080287,0.2754408948688477,0.7192814159130202,0.1248350080534057,0.99441729913939,0.3063770611882878,0.0018451245525813,0.4181820439428643,0.1864517831089104,0.5614077322592324,451.4838649980096,3739.780406856032,True,True
pos,znhoughton/opt-babylm-350m-20eps-seed964,3,0.125,0.005456474173309624,0.03407868090682717,0.008051267224119,0.2730293977306783,0.6777161931681744,0.1248168922104244,0.983349466661777,0.312942845988153,0.008599266114104,0.4140277562811685,0.1401866113712523,0.5475686520567853,879.6609539327253,3781.156229537673,True,True
pos,znhoughton/opt-babylm-350m-20eps-seed964,4,0.16666666666666666,0.010726574168468282,0.033128315591408025,0.0168406735714345,0.2782131672097069,0.6369444857991262,0.1190752972753339,0.9598103343753264,0.3203564047521516,0.0233489920532393,0.4014304280381413,0.1128199375516554,0.5164376488322087,1730.6796339948112,3665.26659639168,True,True
pos,znhoughton/opt-babylm-350m-20eps-seed964,5,0.20833333333333334,0.015928369461249023,0.031342388049045045,0.0273700422518971,0.2867674953824585,0.5819636416580606,0.1092954695135307,0.9345048903812274,0.3330663535104173,0.0381250673668755,0.3801661511071241,0.0935684565026061,0.4871212561089893,2531.001061341947,3392.2754505150915,True,True
pos,znhoughton/opt-babylm-350m-20eps-seed964,6,0.25,0.018916775404048566,0.030794747925330015,0.033576095133867,0.292941853688086,0.5634001014301361,0.1051223904595045,0.9236284525101616,0.3383108111506141,0.0427954523559714,0.3687473351612997,0.0907545304139386,0.4703552353565545,2996.563215655569,3311.1409510246262,True,True
pos,znhoughton/opt-babylm-350m-20eps-seed964,7,0.2916666666666667,0.020846251854429298,0.03053104784219499,0.0370323946368724,0.2941071317784625,0.5629193590865742,0.1038092740477733,0.9184598080106956,0.3416920121020707,0.0445077973524317,0.3642008561194667,0.0925205041486877,0.4589082286440455,3285.9110962887903,3271.3930835363744,True,True
pos,znhoughton/opt-babylm-350m-20eps-seed964,8,0.3333333333333333,0.022507635692323436,0.030330786084902632,0.0405396301576441,0.2967719787765372,0.5552008147286817,0.1022023245251906,0.9143076379582874,0.3499176315996499,0.0451527318840684,0.3533103896238128,0.0918758285905548,0.4541417913490542,3539.1317732556413,3251.439416836259,True,True
pos,znhoughton/opt-babylm-350m-20eps-seed964,9,0.375,0.02401928403920025,0.03049345411336286,0.0424693167978826,0.2976831897557734,0.5655679405795806,0.102435929077421,0.9128455021101312,0.3500484482610014,0.0446851810919861,0.3522683619832252,0.0900664048902626,0.4444768497076281,3777.3286504079033,3272.5755125480305,True,True
pos,znhoughton/opt-babylm-350m-20eps-seed964,10,0.4166666666666667,0.02554941460128393,0.030854790933681882,0.0455382731814309,0.3011135318965457,0.5610536547903663,0.1024689615884906,0.9098319132572716,0.3533062555831286,0.0446298135612973,0.3455802125203256,0.0952573946157595,0.4342608943427203,4032.6777478361855,3330.721554685355,True,True
pos,znhoughton/opt-babylm-350m-20eps-seed964,11,0.4583333333333333,0.027494947227235614,0.031143362352727043,0.0489402330394186,0.303174128497812,0.5618066265661217,0.1027243403223036,0.9060357403866354,0.3568499266107194,0.045024026573946,0.3399759448914686,0.0969714071858944,0.429219276919834,4321.112838779579,3383.149906870354,True,True
pos,znhoughton/opt-babylm-350m-20eps-seed964,12,0.5,0.029270240642064408,0.03154825611415066,0.0523480889394562,0.3017013105742884,0.5591463076315403,0.1045678457746788,0.9023989614373324,0.3541938325933671,0.0452529496232114,0.3441048568323445,0.1020508943644664,0.4296955667679917,4554.621195903926,3500.906934387909,True,True
pos,znhoughton/opt-babylm-350m-20eps-seed964,13,0.5416666666666666,0.031129244947644064,0.03170377160816422,0.0561108529465025,0.2998273542337596,0.5547811753516467,0.1057400906237743,0.8985414745363226,0.3553340637297806,0.0453476725171749,0.3448385820364598,0.1035365017411472,0.4284029496042145,4788.261738712615,3560.989103405688,True,True
pos,znhoughton/opt-babylm-350m-20eps-seed964,14,0.5833333333333334,0.03296640670790421,0.0320759271496134,0.0602715507629542,0.2973753183161063,0.5469646340702247,0.1078634478854667,0.892449807204013,0.3540267235008628,0.0472786420330328,0.3485979581830309,0.1099014335839869,0.4259405929521508,5032.99642896353,3678.92121656816,True,True
pos,znhoughton/opt-babylm-350m-20eps-seed964,15,0.625,0.034970263717684,0.03240682236465135,0.0647352621779667,0.2961723285579636,0.5402042494482471,0.1094188053368701,0.8874005523410161,0.3543507613642361,0.0478641854810169,0.3494769100778002,0.1124058757161889,0.4269940785478591,5257.900701935912,3752.066731334001,True,True
pos,znhoughton/opt-babylm-350m-20eps-seed964,16,0.6666666666666666,0.03788063520768184,0.032657845011172595,0.0716000058836748,0.2920362703972444,0.5290591074702529,0.1118280443958195,0.878772023884593,0.3531146206425432,0.0496279702317322,0.3548491089602121,0.1224444404156309,0.4230455924457678,5595.653192407278,3854.4452983109977,True,True
pos,znhoughton/opt-babylm-350m-20eps-seed964,17,0.7083333333333334,0.04025197951638119,0.032929552675469674,0.0777815454477103,0.290012010839991,0.5175003824453595,0.1135454789616902,0.8700720235019197,0.3510642233232686,0.0521464310503699,0.3589237658367403,0.1306062252168097,0.4220165546890257,5827.450814750525,3933.517685536072,True,True
pos,znhoughton/opt-babylm-350m-20eps-seed964,18,0.75,0.042486075882918355,0.03316440437445536,0.0842800595133529,0.2881043433950296,0.5041059074737254,0.1151124762079082,0.8607751470044048,0.3485312767328964,0.0549447934822423,0.3633643798720738,0.135364802905657,0.4251196266770012,6042.1275989264295,4003.464799627326,True,True
pos,znhoughton/opt-babylm-350m-20eps-seed964,19,0.7916666666666666,0.04500748142996989,0.03339229211071006,0.0915012019792538,0.2862713856517775,0.4918785814439301,0.1166455810268396,0.8513907934554488,0.3471051668557513,0.0571080045652975,0.3666234474924711,0.1443219454896058,0.4236227794957641,6300.10849056205,4080.978803912647,True,True
pos,znhoughton/opt-babylm-350m-20eps-seed964,20,0.8333333333333334,0.04743016737037042,0.03354824608781924,0.0990845247618053,0.2842453128716534,0.4786839063354281,0.1180256791181195,0.8409906654503422,0.3477008971136403,0.0599248097878524,0.3680537900147062,0.1531896455535045,0.42354558704103,6519.6604660706025,4130.217344939704,True,True
pos,znhoughton/opt-babylm-350m-20eps-seed964,21,0.875,0.04945258831156578,0.0336617627268492,0.1067844039219489,0.2815105804445243,0.46310684421399,0.1195754798050396,0.8307616242954462,0.3462311832582725,0.0624539717826047,0.372258236297203,0.1624640284481797,0.4229127039024463,6700.888834690594,4158.534747652287,True,True
pos,znhoughton/opt-babylm-350m-20eps-seed964,22,0.9166666666666666,0.05110263755199559,0.03365453369935802,0.1140416699107713,0.2785047223358997,0.4481049566529446,0.1208400827716231,0.8208713282261632,0.3447179963341181,0.0650870018630655,0.3767772813299821,0.1707251428971175,0.4275093769662273,6815.277428387195,4191.32793549872,True,True
pos,znhoughton/opt-babylm-350m-20eps-seed964,23,0.9583333333333334,0.052425595195791715,0.033596482962147865,0.1201275336415003,0.2773997409425647,0.4364161454629275,0.1211121641570097,0.8129710052316037,0.3464299518540364,0.0669014611268959,0.3761703072033989,0.1807732535467772,0.4264536441577489,6894.444229353838,4181.341236397596,True,True
pos,znhoughton/opt-babylm-350m-20eps-seed964,24,1.0,0.05147848872057619,0.0322902564054134,0.122024086377004,0.2778974724211783,0.4218715357681838,0.1161948546134117,0.8119052974307636,0.3525380233089167,0.0660706161922324,0.369564504269905,0.165060894028657,0.404364098421469,7634.178230927141,3745.308909297941,True,True
pos,EleutherAI/pythia-160m,0,0.0,0.00024627284252535684,0.03363112116256122,0.0002540885572326,0.3452229414603706,0.9692401940789156,0.0974185580491668,0.9997395264658636,0.3703425345023626,6.384976903644785e-06,0.2844345240372668,0.2621949919747378,0.4574178722748477,36.7166229617398,2164.2229534501066,False,True
pos,EleutherAI/pythia-160m,1,0.08333333333333333,0.008834482992280233,0.035940394082499064,0.0109160970193333,0.3263121528546712,0.809307848458441,0.1101411448151174,0.971859954045264,0.3697523668185353,0.0172239489354027,0.3039354803267936,0.0701517112521912,0.4840570169336452,1188.3955609047553,2689.1372759624246,True,True
pos,EleutherAI/pythia-160m,2,0.16666666666666666,0.024372635649055088,0.03385116686574066,0.0346641138034698,0.3266807431305743,0.7031085746843885,0.103621555838724,0.928226619595363,0.3720366221591001,0.0371092666011671,0.3012826347103255,0.0995041902347986,0.4472089541621825,3463.475090262896,2442.7285437631995,True,True
pos,EleutherAI/pythia-160m,3,0.25,0.045919350479297176,0.03240873858558131,0.0721625163735798,0.3218966323571824,0.6363324449715172,0.1006805767064378,0.8818628282386746,0.391355229531751,0.0459746553877456,0.2867481381110663,0.1336224632068062,0.4283454838024689,6222.566859736111,2391.911187837418,True,True
pos,EleutherAI/pythia-160m,4,0.3333333333333333,0.04782071687283501,0.03029009672072451,0.0944780437800082,0.3309886351509949,0.506156932971489,0.0915140083492787,0.8390787569131268,0.4383712243028809,0.0664431993068649,0.2306401405461241,0.1565114434659492,0.41867271635478,6145.90518892261,2216.8688836757483,True,True
pos,EleutherAI/pythia-160m,5,0.4166666666666667,0.05476217865905391,0.030777714426022743,0.1082605977234072,0.3237312117533019,0.5058366553541916,0.0950718167066226,0.8336658902846635,0.4273612874516593,0.0580735119919292,0.2489075007950387,0.1634587496909736,0.4024385825560511,7012.979183042117,2319.73304326771,True,True
pos,EleutherAI/pythia-160m,6,0.5,0.06224616571193431,0.031191321483151485,0.1264832010557697,0.3169998837202043,0.4921299049388256,0.09839537200172,0.8114132937533683,0.4225305162605756,0.0621035051908619,0.2604696000192201,0.2154180230864283,0.4242874335067056,7948.156947134004,2378.6273582075146,True,True
pos,EleutherAI/pythia-160m,7,0.5833333333333334,0.0676652289339331,0.03116478627155044,0.1400738655026654,0.2960673913224839,0.4830681918508598,0.1052624746424877,0.793357234864677,0.3995653671869438,0.0665688996326574,0.3043672414905723,0.2294454988175071,0.4071118454520428,8747.679368585512,2469.003075823139,True,True
pos,EleutherAI/pythia-160m,8,0.6666666666666666,0.07055957825418163,0.03287454132260767,0.1556689893718605,0.3053643196701489,0.4532667587738341,0.1076567863531613,0.775672315884247,0.4336041356535328,0.0686586947438923,0.2610315446763184,0.2342933568528182,0.4203693414859946,8726.665198500184,2780.792702522442,True,True
pos,EleutherAI/pythia-160m,9,0.75,0.08004689826090522,0.03582346532640036,0.1781755582793936,0.2945983895254023,0.449258579762019,0.121601022273448,0.7440944546335196,0.4180481973394834,0.0777299870870866,0.2873534131351142,0.251453178816661,0.4538308106711661,9152.67951003914,3368.449767094245,True,True
pos,EleutherAI/pythia-160m,10,0.8333333333333334,0.09296732721863162,0.039420365380288605,0.2143735982960477,0.2812222411236836,0.4336696680821894,0.1401751341671132,0.6890814047701972,0.4047352022081606,0.0965449969337551,0.3140425566681555,0.2960265226482299,0.4668142807174141,10178.94303909576,3983.393182781188,True,True
pos,EleutherAI/pythia-160m,11,0.9166666666666666,0.09793699849968922,0.04215138343519623,0.2410260427396801,0.2729277403757694,0.406333678246819,0.1544415506359369,0.6541270614091431,0.3850474499839748,0.1048468958511766,0.3420248096402558,0.3068014307373697,0.4528149806599965,10468.17017465018,4509.761392195336,True,True
pos,EleutherAI/pythia-160m,12,1.0,0.08399486106088568,0.0408584121070823,0.2373270984373871,0.2753179898300169,0.3539202291433468,0.1484044400161012,0.6813911071594668,0.4011225217967353,0.0812817944031459,0.3235594883732479,0.2285860757369979,0.3747331556870166,8462.33150886695,4535.214779257688,True,True
pos,znhoughton/opt-babylm-125m-20eps-seed964,0,0.0,0.0010704123114236934,0.027769160586508773,0.0016038889047147,0.3069330902470582,0.6673855703329393,0.090473010140929,0.9979441117794078,0.3610762116267594,0.0004519993158775,0.3319906981261825,0.162162086719917,0.5055874018215212,119.09652579443969,1924.8754778352625,True,True
pos,znhoughton/opt-babylm-125m-20eps-seed964,1,0.08333333333333333,0.0027547230988208245,0.03170646686708414,0.0036712743657639,0.2829430623456281,0.7503452001598458,0.1120595310032844,0.9953802030497648,0.3254777158847221,0.0009485225844713,0.3915792217696499,0.1851748500357816,0.5065423344366753,388.5812297453268,2418.4692779508814,True,True
pos,znhoughton/opt-babylm-125m-20eps-seed964,2,0.16666666666666666,0.00296663786241682,0.03418829372538721,0.003882637121928,0.2727472294457204,0.7640780658233849,0.1253479047059983,0.994554002858665,0.3110115117363993,0.0015633600194069,0.4162412588178802,0.1902310090521503,0.547575017935568,377.0005352426935,2807.435531467576,True,True
pos,znhoughton/opt-babylm-125m-20eps-seed964,3,0.25,0.003918429607458534,0.035070237771007005,0.0052062812551903,0.2691112099914627,0.7526350220807092,0.1303187547338499,0.990714444114618,0.3072392519422737,0.0040792746301917,0.4236495380662635,0.1705776869839644,0.5535307917270542,465.6841082466486,2980.949084680772,True,True
pos,znhoughton/opt-babylm-125m-20eps-seed964,4,0.3333333333333333,0.0059312433994986235,0.03475955341253838,0.0081765914183773,0.2664648569250734,0.725393149297867,0.1304470458643345,0.9816353035887104,0.3119249327215808,0.0101881049929122,0.4216102103533459,0.1540461422480041,0.5529045887398262,687.6343976605506,2986.3676501421965,True,True
pos,znhoughton/opt-babylm-125m-20eps-seed964,5,0.4166666666666667,0.011305640689520835,0.03521674211151842,0.0165305568521052,0.2713453628451844,0.6839237655857333,0.1297856788199888,0.961633732030582,0.3142500786365343,0.0218357111173125,0.4144045585182812,0.1349399540614338,0.52743358137772,1292.673837354579,3081.6636752880363,True,True
pos,znhoughton/opt-babylm-125m-20eps-seed964,6,0.5,0.017482381276705816,0.03366502930924511,0.0278464722571807,0.2780775235199428,0.6278131432680015,0.1210634677808858,0.9325336132398852,0.3276781712458316,0.0396199145029339,0.3942443052342256,0.1202090879022045,0.4914405705199384,1983.911711327052,2922.131395162445,True,True
pos,znhoughton/opt-babylm-125m-20eps-seed964,7,0.5833333333333334,0.022439437046329346,0.03342494995451884,0.0366855171591762,0.2805568727986934,0.6116701844208986,0.1191378761143452,0.9202780145410652,0.3344548647965221,0.0430364682997585,0.3849882624047845,0.1218717106631199,0.477288365731956,2516.5460124997567,2917.9881424236924,True,True
pos,znhoughton/opt-babylm-125m-20eps-seed964,8,0.6666666666666666,0.028733529387322602,0.03391858199031111,0.0501325472000234,0.2837964618179255,0.5731511960219965,0.1195172828196574,0.8959868055047016,0.3379131499707612,0.0538806472952749,0.3782903882113132,0.1315142172852648,0.4712679138946521,3192.262809480028,3031.7411288979856,True,True
pos,znhoughton/opt-babylm-125m-20eps-seed964,9,0.75,0.034010044228050436,0.03470409297567278,0.0613161768434545,0.2804761773802882,0.5546667450399104,0.1237327651133047,0.878134319577229,0.337824789374982,0.0605495035793164,0.3816990332447298,0.1457360076369097,0.4661637858539303,3693.324217226232,3176.0740304752944,True,True
pos,znhoughton/opt-babylm-125m-20eps-seed964,10,0.8333333333333334,0.03906556057547836,0.03553201011686238,0.0741109620815396,0.2781565816921534,0.5271225670029354,0.1277410367236502,0.8587151186082206,0.3371157184646514,0.0671739193102397,0.3847276998431952,0.1555395020706725,0.4658062815716795,4082.703744606141,3319.4856238047146,True,True
pos,znhoughton/opt-babylm-125m-20eps-seed964,11,0.9166666666666666,0.04365877100658624,0.03641478564450609,0.0874052942868049,0.2778536267292188,0.4994980151125373,0.131057442269753,0.8402389036028624,0.3355445435399898,0.0723558021103328,0.3866018297307912,0.1716925976482661,0.4594400268041063,4394.44351740504,3459.992494335862,True,True
pos,znhoughton/opt-babylm-125m-20eps-seed964,12,1.0,0.045582763663257864,0.03533570552416993,0.0962158980659984,0.2800093737589627,0.4737550090941395,0.1261947235901737,0.8308801736010804,0.3432391935712675,0.0729039283329212,0.3767514326697698,0.1747204128755816,0.4445904594847685,5021.898292057176,3154.860318182524,True,True
role,EleutherAI/pythia-1.4b,0,0.0,0.001351149356193307,0.016279083762571065,0.00138837028412,0.1727296686225596,0.973190921505292,0.0942460197624956,0.9985800629110424,0.7555212741458558,3.1566804837666215e-05,0.0717490572315844,0.2140487794637082,0.2484746316013213,244.269855442262,1740.9226307432657,True,True
role,EleutherAI/pythia-1.4b,1,0.041666666666666664,0.004610248905066038,0.01749964087310108,0.0055559875241315,0.1675534388593804,0.8297802838905225,0.1044421468889558,0.9915125977276172,0.7125233245631536,0.0029314147482513,0.1199232365774659,0.0615464183551328,0.2834804953341239,721.8008228704545,1975.949434210735,True,True
role,EleutherAI/pythia-1.4b,2,0.08333333333333333,0.008658553754352045,0.02006244255365374,0.0126455657089882,0.1905912832724234,0.684710668831346,0.1052642188519047,0.9807354735202508,0.6072883179678668,0.006618960770761,0.2021203987597098,0.0484074955774991,0.2535631415945492,1420.8842913016017,2338.9425783452343,True,True
role,EleutherAI/pythia-1.4b,3,0.125,0.012502773971155602,0.021953246995733457,0.0208013535145469,0.1984363083224832,0.6010557900673196,0.1106312004154842,0.9700288180633452,0.52986637458128,0.0091698284221079,0.2716973170962367,0.0505013043485377,0.3031706777950392,2170.860151240869,2748.958805604659,True,True
role,EleutherAI/pythia-1.4b,4,0.16666666666666666,0.013997685491608059,0.03044757683648183,0.026372245871688,0.207012896897279,0.5307733577076693,0.1470805794848139,0.956275513286176,0.3294977527481493,0.0173522408421359,0.4634893503545715,0.0537761711966213,0.589459957725493,2496.834160278399,5070.998002328612,True,True
role,EleutherAI/pythia-1.4b,5,0.20833333333333334,0.01581646298904441,0.029799708794182613,0.0315871793203339,0.2090181042580446,0.5007241333151496,0.1425699888531818,0.9484536133199832,0.3349001163623339,0.0199592073596828,0.4560817793796214,0.0588354626578415,0.556567488091764,2830.257907842536,4858.24790605099,True,True
role,EleutherAI/pythia-1.4b,6,0.25,0.017290970066775192,0.029173414608839907,0.0372683881991976,0.2090894155283738,0.463958086256799,0.1395260230419508,0.9378706887424446,0.3398978349733552,0.0248609230583577,0.4510127494982707,0.0641922801015021,0.5315963581142837,3082.78817230158,4689.962880128139,True,True
role,EleutherAI/pythia-1.4b,7,0.2916666666666667,0.017849251900220985,0.028561609332455405,0.0406765272588044,0.2072162919728532,0.438809630592482,0.1378347670471643,0.933327237631297,0.3405400825892139,0.0259962351098985,0.4522436254379328,0.066621986148216,0.5180871245862183,3208.202447065151,4534.486305334447,True,True
role,EleutherAI/pythia-1.4b,8,0.3333333333333333,0.018484825271502487,0.0281197467927072,0.0438028029067062,0.2066756764147543,0.4220009689990059,0.136057359436322,0.9274912465633988,0.3489931975408364,0.028705950529895,0.4443311260444093,0.068810258873029,0.4990712192553832,3364.329270403077,4410.780846697107,True,True
role,EleutherAI/pythia-1.4b,9,0.375,0.018235325721457692,0.027405906623720985,0.043603060684846,0.2041360880176289,0.4182120574805263,0.1342531195236496,0.9278495810371687,0.3586424264544031,0.0285473582779851,0.4372214855279679,0.0724656568079715,0.4777288317602923,3291.907084152553,4228.822208774665,True,True
role,EleutherAI/pythia-1.4b,10,0.4166666666666667,0.018300262159625203,0.027501930469874307,0.0439694532738381,0.2018914465916165,0.4162039961164105,0.1362213750714505,0.9233776443108191,0.3646143730144646,0.0326529024153426,0.4334941803939189,0.0740949513203264,0.4566134463631096,3325.9534463554764,4234.85394616873,True,True
role,EleutherAI/pythia-1.4b,11,0.4583333333333333,0.017838540851398348,0.027363632513894617,0.0426936888998065,0.2017389019923474,0.417826177851762,0.1356388492435267,0.9273828140337688,0.3767807161193695,0.0299234970664245,0.4214803818882832,0.0769728320273716,0.4474797169975179,3266.268853056354,4177.488896304462,True,True
role,EleutherAI/pythia-1.4b,12,0.5,0.018169391025583116,0.027535620335471488,0.0425319940501785,0.2012449765038013,0.427193491190354,0.136826373576343,0.9246318923388676,0.3894993597766206,0.0328361136109539,0.4092556637195781,0.0824418880547661,0.4302311715499554,3353.5205004922536,4182.086188587569,True,True
role,EleutherAI/pythia-1.4b,13,0.5416666666666666,0.018460933975583425,0.02743893016722217,0.0437830055376666,0.2011940526392705,0.421646110148867,0.1363804238111283,0.9207937545829206,0.4063706261981854,0.0354232398794126,0.392435321162544,0.0872890659963846,0.4186922565133008,3445.9778333044105,4144.468016391692,True,True
role,EleutherAI/pythia-1.4b,14,0.5833333333333334,0.01936717766549516,0.027359812636841917,0.0463625978058208,0.1983833566585535,0.4177327971700417,0.1379138507265613,0.9167542910131125,0.4243828595310788,0.0368831111810666,0.3772337838103676,0.0998013941959745,0.4182425339187804,3698.4008289079056,4140.826304178441,True,True
role,EleutherAI/pythia-1.4b,15,0.625,0.02053577370151173,0.027764586776719044,0.0502961175470378,0.1980548692620479,0.408297393577274,0.1401863376556701,0.9103872396733124,0.4510549834114973,0.0393166427796498,0.3508901473264546,0.1059046235366633,0.3957093501695991,3980.066849337087,4190.534936307856,True,True
role,EleutherAI/pythia-1.4b,16,0.6666666666666666,0.02214758988715199,0.02723791976012511,0.0545200899568157,0.1910552706654129,0.4062280510669492,0.1425656547723603,0.9011162596119492,0.4857328813778748,0.044363650431235,0.3232118479567121,0.1202452379994554,0.3780255437346361,4384.561779408579,4056.735862660031,True,True
role,EleutherAI/pythia-1.4b,17,0.7083333333333334,0.02422644889585937,0.02663966569388148,0.0608197812452321,0.1835209960421616,0.3983317335222835,0.1451586808506715,0.8887247101072591,0.5295052852242919,0.0504555086475087,0.2869737187335465,0.1330789974555745,0.3604460805522501,4832.592266069683,3947.792069161024,True,True
role,EleutherAI/pythia-1.4b,18,0.75,0.02634298293100128,0.026221765894055553,0.0673679502720862,0.1803835880368166,0.3910313854675263,0.1453666942732265,0.8775450429202818,0.5543037025736476,0.0550870068076319,0.2653127093895358,0.1424279263437694,0.3455830051721462,5284.31516253367,3835.5159895020247,True,True
role,EleutherAI/pythia-1.4b,19,0.7916666666666666,0.027439312877073532,0.025986790997220968,0.0725192519099849,0.1775941067967833,0.3783728065911766,0.1463268768651036,0.8713560381124723,0.5778181655662971,0.0561247099775427,0.2445877276369197,0.1424270884166791,0.3375880830340367,5496.727772818404,3771.117142911823,True,True
role,EleutherAI/pythia-1.4b,20,0.8333333333333334,0.028400410578813467,0.025417399428781566,0.0778922296091745,0.1713132564679908,0.3646116014564351,0.1483679661038415,0.8598985353279651,0.5977227084834736,0.0622092350628603,0.2309640350485355,0.1491960722024172,0.3290028568524578,5641.944251212334,3671.971912359104,True,True
role,EleutherAI/pythia-1.4b,21,0.875,0.02996629602154542,0.025336772560101892,0.084614274467263,0.1714876926974987,0.3541517812474926,0.1477468858642557,0.8478400317484465,0.6046754021418907,0.0675456937842906,0.2238369051606104,0.147186555187576,0.3207126691336473,5899.591695048671,3625.576979489009,True,True
role,EleutherAI/pythia-1.4b,22,0.9166666666666666,0.03088675033037164,0.02471736031864681,0.0896975398980688,0.1685677018472918,0.3443433383509845,0.1466316503563575,0.8374771236688567,0.6088348941325642,0.0728253364330744,0.2225974040201439,0.1467999650135237,0.3116857295910147,6046.163664248079,3507.379777339482,True,True
role,EleutherAI/pythia-1.4b,23,0.9583333333333334,0.03345702190893114,0.02411099962418725,0.0988149435553675,0.1654218767415359,0.3385826141790454,0.1457546008975559,0.8174486763830446,0.6072308325929114,0.0837363800615876,0.2273472906655527,0.1559919925279757,0.3130044510982164,6486.692747761117,3408.942928026148,True,True
role,EleutherAI/pythia-1.4b,24,1.0,0.03169275643820193,0.021155356347475365,0.0957572336106776,0.1524850782021454,0.3309698415793412,0.1387372233198469,0.8258122643819212,0.7446326144766395,0.0784305020074012,0.1028823073212149,0.1416809127652853,0.2141725315724416,5819.578129089786,2705.755206583981,True,True
role,znhoughton/opt-babylm-1.3B-20eps-seed964,0,0.0,0.004027408700988728,0.018650560058431218,0.0063354523412967,0.2011310980885785,0.6356939463874844,0.0927283758487585,0.9839407761346782,0.5662221432289474,0.009723771524025,0.232646758682474,0.1441603268499869,0.4310641703310935,738.3948116109797,2083.379255315447,True,True
role,znhoughton/opt-babylm-1.3B-20eps-seed964,1,0.041666666666666664,0.011029217720832226,0.020345906749113577,0.0157254645689957,0.1986474109202707,0.7013603745976074,0.1024222095564066,0.9795841134103472,0.6547876570377659,0.0046904220206569,0.1465649320419633,0.1843749815941565,0.4209446935863925,2042.604586335859,2287.578805637642,True,True
role,znhoughton/opt-babylm-1.3B-20eps-seed964,2,0.08333333333333333,0.010656103912929362,0.020681242693871796,0.0150399867338045,0.1948415456289282,0.7085181723583744,0.1061439059473425,0.978801984399266,0.6352837400288578,0.0061580288669294,0.1698747143422141,0.187174767436966,0.4341466117994988,2019.033547264866,2428.456665501658,True,True
role,znhoughton/opt-babylm-1.3B-20eps-seed964,3,0.125,0.010665212358400435,0.020034945451281632,0.0164653304880332,0.1827472166491009,0.6477375213423003,0.1096320142032664,0.971125265334234,0.6003195150182431,0.0124094041777328,0.2169332683326559,0.1609848682466318,0.4026844997277816,2027.4085320837676,2417.234534623597,True,True
role,znhoughton/opt-babylm-1.3B-20eps-seed964,4,0.16666666666666666,0.011975765373734754,0.020213743447253435,0.0215752069298185,0.1869908564063031,0.555070707441669,0.1081001704347083,0.9603516985144,0.5511434320319675,0.0180730945557813,0.2618657115617294,0.1245336573641402,0.3392857595829954,2229.115090793077,2442.0920599364795,True,True
role,znhoughton/opt-babylm-1.3B-20eps-seed964,5,0.20833333333333334,0.01313239994427587,0.020272055202829604,0.0247935682039466,0.1892727078229895,0.529669623841617,0.1071050096762409,0.9528510636837824,0.5399552375707374,0.0223553681122708,0.2707720546062731,0.1147912743293673,0.3240245573794497,2457.3858135124665,2446.15584401401,True,True
role,znhoughton/opt-babylm-1.3B-20eps-seed964,6,0.25,0.013763713865972202,0.02030254501434688,0.0268428177883111,0.1910884218927922,0.5127521996578807,0.1062468610774198,0.9469622559500872,0.5377429298553621,0.0261949262616015,0.2711686482518458,0.1098299983028283,0.3055618468795277,2585.022858672013,2440.345746852925,True,True
role,znhoughton/opt-babylm-1.3B-20eps-seed964,7,0.2916666666666667,0.014170032001827657,0.020426709510551224,0.0282604438687224,0.1950762459010201,0.5014086851449109,0.1047114138177313,0.945572208810887,0.5411431115048264,0.0261673473203904,0.2637806425941534,0.109536567802616,0.2962654291845333,2668.2183189889147,2439.989433564231,True,True
role,znhoughton/opt-babylm-1.3B-20eps-seed964,8,0.3333333333333333,0.01455337789672799,0.020437556106724035,0.0294030126645584,0.1966821590544032,0.4949621340764934,0.1039115911935404,0.9451279118506888,0.5472145468827927,0.0254690754847526,0.2561032940628041,0.1042303088797328,0.2881855194248064,2744.530552052596,2434.116660979171,True,True
role,znhoughton/opt-babylm-1.3B-20eps-seed964,9,0.375,0.014953306750008392,0.020608694653397402,0.0307527380111687,0.1985270832062955,0.4862431027955198,0.103807975821527,0.9420476579157544,0.5464491878598481,0.0271996040730768,0.2550237289338563,0.1019754040080344,0.2807968717916626,2826.8593553852184,2461.450998716771,True,True
role,znhoughton/opt-babylm-1.3B-20eps-seed964,10,0.4166666666666667,0.015492924926632876,0.020800744890775585,0.0324052915249037,0.2006512609803578,0.4780986128369329,0.1036661558424585,0.939436515482434,0.5488205655721718,0.0281581929926621,0.2505281734474704,0.097782903828854,0.2771207909508297,2932.5272432170327,2478.63173467196,True,True
role,znhoughton/opt-babylm-1.3B-20eps-seed964,11,0.4583333333333333,0.01589138487676244,0.020857869578224598,0.0338549499563304,0.2026234308619366,0.4693962004746952,0.1029390800930457,0.9370363989253132,0.5511802190790942,0.0291086511183561,0.2461963500589691,0.0935609694752651,0.2771006985269475,3009.4069956838985,2477.514182508064,True,True
role,znhoughton/opt-babylm-1.3B-20eps-seed964,12,0.5,0.016425424477380227,0.02099605006018731,0.0356069268715921,0.2046822807903549,0.4612985708262498,0.1025787380280975,0.9352970518869562,0.5549039460144783,0.0290960212414517,0.2404137731951666,0.0923918086259089,0.2727926126638761,3116.438982400248,2493.592331013255,True,True
role,znhoughton/opt-babylm-1.3B-20eps-seed964,13,0.5416666666666666,0.01682856356519977,0.02105382386610663,0.0372244698387899,0.2063935345059271,0.452083364466443,0.1020081560040439,0.9333751942326368,0.5578711531922927,0.029400335928573,0.2357353123017801,0.0902869316043493,0.2682812759015907,3194.149428872605,2491.761384044945,True,True
role,znhoughton/opt-babylm-1.3B-20eps-seed964,14,0.5833333333333334,0.017199799873579485,0.02099282878098045,0.0389375883087666,0.2064424999077424,0.441727405847245,0.1016885030473957,0.9302094705169578,0.5614075287406604,0.0308529411742755,0.2321499713515972,0.0873500809042983,0.2683048058027504,3269.521011194239,2485.786094613592,True,True
role,znhoughton/opt-babylm-1.3B-20eps-seed964,15,0.625,0.017563304545521956,0.020867990109597348,0.0406776736250998,0.2055848425706544,0.431767674508423,0.1015054896492456,0.928309120899712,0.5638199281772522,0.0310132054751882,0.2305952292520931,0.088128351025156,0.2667033333561954,3335.6955519209946,2469.4232250978034,True,True
role,znhoughton/opt-babylm-1.3B-20eps-seed964,16,0.6666666666666666,0.01804729381925297,0.020887700746548502,0.042770991585914,0.2066808615498669,0.4219517282642702,0.1010625782663908,0.9255383556972908,0.5687692373859848,0.031690652716795,0.2245499010641481,0.0861215260824136,0.2632493900999431,3429.677220828898,2464.107896557926,True,True
role,znhoughton/opt-babylm-1.3B-20eps-seed964,17,0.7083333333333334,0.018414908827434424,0.020677324208949084,0.0448165079684166,0.2059248934158774,0.4108956646156346,0.1004119699466835,0.9231739391538992,0.5715729344117375,0.032009552877684,0.2225021721723849,0.0838169853202462,0.2611888309545765,3499.228455033221,2423.7093540296587,True,True
role,znhoughton/opt-babylm-1.3B-20eps-seed964,18,0.75,0.018810800504285775,0.020684210776916217,0.047112268498782,0.2071044196216183,0.3992760506697336,0.0998733431894233,0.92033038702876,0.5729950787858367,0.0325573444724578,0.2199005015925449,0.0819227777633896,0.2592025329398323,3567.6555490371798,2422.0465092660197,True,True
role,znhoughton/opt-babylm-1.3B-20eps-seed964,19,0.7916666666666666,0.019223470165519625,0.020713039617699675,0.0495240259934488,0.2086887135672228,0.3881645278205485,0.099253281423998,0.915663210397674,0.5722446126271247,0.0348127636088771,0.2190666738056525,0.0818328944835796,0.2563685171852948,3634.265726640593,2415.872445322179,True,True
role,znhoughton/opt-babylm-1.3B-20eps-seed964,20,0.8333333333333334,0.01966764241635735,0.020491067372385173,0.0523633137257874,0.2085246424075228,0.3755996520646403,0.0982668865214461,0.912755360982807,0.5751983085687341,0.0348813252914054,0.2162770490237431,0.0790509357631629,0.2533813750653224,3705.0504014203134,2372.7022020518043,True,True
role,znhoughton/opt-babylm-1.3B-20eps-seed964,21,0.875,0.02013088402863171,0.020352006967633115,0.0554563071833665,0.2090051273561732,0.3630044092562612,0.0973756348711509,0.90904390359284,0.5749216285139048,0.0354997892237933,0.216073244129922,0.0795907156500073,0.2526372302082247,3774.759541648786,2340.09738000214,True,True
role,znhoughton/opt-babylm-1.3B-20eps-seed964,22,0.9166666666666666,0.020586419694766232,0.020137320025665366,0.0587569680856856,0.2093740770814604,0.350365588380002,0.0961786688513049,0.9045585040803944,0.5743762486810398,0.03668452783392,0.2162496742374998,0.0775938729784216,0.2494759301685736,3838.62477554416,2299.8068430471963,True,True
role,znhoughton/opt-babylm-1.3B-20eps-seed964,23,0.9583333333333334,0.021061646215048333,0.019873886723778253,0.0621971614502446,0.2106323904835887,0.3386271290193341,0.0943534215138992,0.9004291477554998,0.5752850221547265,0.0373736907942557,0.2140825873616845,0.0780156137097915,0.2489732961588399,3903.7702945263104,2231.495240296251,True,True
role,znhoughton/opt-babylm-1.3B-20eps-seed964,24,1.0,0.021354954601579986,0.01944709055605525,0.0656873932123605,0.2143845713552304,0.3250997422373216,0.0907112411733765,0.8956761568736087,0.5888346396569614,0.0386364499140307,0.1967807889878081,0.0724159391287444,0.2183339261364009,3830.2344755988033,2075.4247232163866,True,True
role,EleutherAI/pythia-410m,0,0.0,0.001250255370119813,0.015685192285829628,0.0012813590874034,0.1535430893058188,0.9757259946962902,0.1021549869599713,0.998691695718624,0.778175566142626,2.694519397257335e-05,0.0682813445515553,0.2061306581307762,0.2879328282197433,111.92960116176224,888.4496723561327,True,True
role,EleutherAI/pythia-410m,1,0.041666666666666664,0.0032783490457390083,0.01687468815566162,0.0037363854628223,0.15312070208984,0.8774118940240948,0.110205138334337,0.9942901273904128,0.7620692754644659,0.0019734871467651,0.0848100224456938,0.0690106871121283,0.3134221747145665,249.97235422270532,978.8382476283148,True,True
role,EleutherAI/pythia-410m,2,0.08333333333333333,0.006664036181304328,0.018333674609954116,0.0087376404751559,0.1654613301387031,0.7626814355949368,0.1108033798264848,0.9871509897725618,0.6947360353582016,0.0041113697522821,0.1398026345030952,0.0651836316208456,0.3098012028374617,545.4158046946518,1091.1393360938932,True,True
role,EleutherAI/pythia-410m,3,0.125,0.009651503286027744,0.019377543682365623,0.0137327115122241,0.1730950510216701,0.7028111875383466,0.111947415989032,0.9801259466609976,0.6765332493083985,0.006141341826778,0.1503716996699313,0.0642380601705359,0.3031771623355702,833.7835650349645,1172.753547443598,True,True
role,EleutherAI/pythia-410m,4,0.16666666666666666,0.010686632747786869,0.01986638832258325,0.0162159994092531,0.175296488324966,0.6590178303588807,0.1133302127864352,0.976324052739754,0.6168737932161629,0.0074599478509928,0.207829718458871,0.062861790822199,0.3133111980981456,928.9076081127,1232.6549505752057,True,True
role,EleutherAI/pythia-410m,5,0.20833333333333334,0.012193213204507473,0.0212974027080245,0.0198241247960399,0.1860475145927224,0.6150694333271757,0.1144729224394465,0.9673278095170996,0.5607496761469499,0.0128480656868603,0.2532028092603275,0.0732835540232058,0.3577366830726792,1067.8161447323075,1359.947367458605,True,True
role,EleutherAI/pythia-410m,6,0.25,0.013286089916824454,0.03252152415463843,0.0247053155278155,0.2019422508915935,0.5377826444623126,0.1610436845734507,0.9504213909335688,0.3096434337537148,0.0248732935386156,0.4884143153546917,0.0776705022089842,0.645118278662937,1173.2613716197272,2825.115140719537,True,True
role,EleutherAI/pythia-410m,7,0.2916666666666667,0.015627011069771324,0.03324481068184612,0.0304964703347746,0.2045910254998469,0.5124203194083123,0.1624939833046147,0.9455038091155556,0.3034947314218577,0.0239997205496696,0.4919142430782954,0.0749546473374023,0.6432198870449514,1397.9898276059876,2926.212299330209,True,True
role,EleutherAI/pythia-410m,8,0.3333333333333333,0.016315681646288126,0.03260997066567835,0.0335357809643091,0.2032196285447281,0.4865156312790898,0.1604666384797617,0.9362565084521988,0.3066490040007098,0.0302077105834921,0.490131367454562,0.0780283173906992,0.6329830377287433,1453.063692203191,2834.7083403108254,True,True
role,EleutherAI/pythia-410m,9,0.375,0.016655161082791813,0.033076668613332076,0.0341338515687397,0.2067065044525004,0.4879367641606803,0.1600175509761612,0.936887130767206,0.3099704850140051,0.0289790176640541,0.4833230105334944,0.0828524811373588,0.6387907011159131,1474.8925788329627,2876.125852101808,True,True
role,EleutherAI/pythia-410m,10,0.4166666666666667,0.016985657167924474,0.032872797959775796,0.0357583255595212,0.2051075828798618,0.4750126551549834,0.1602710026524493,0.9327347765158834,0.3111634768117151,0.0315068979245952,0.4837289403084231,0.0843021656465601,0.631501492107445,1513.9752044897616,2849.892198588649,True,True
role,EleutherAI/pythia-410m,11,0.4583333333333333,0.017566084399102583,0.03285980956310898,0.0367742416597241,0.2038324139413768,0.4776735999519282,0.1612099318637301,0.9356916257573646,0.314371892721762,0.0275341325829113,0.4817956933368611,0.0919883863454094,0.6281717363327184,1558.5550112369165,2838.155603287223,True,True
role,EleutherAI/pythia-410m,12,0.5,0.017594190086536222,0.03332714287296984,0.0357383194108141,0.2040450821613818,0.4923060282798965,0.1633322524608115,0.9370499858026607,0.3143782945245416,0.0272116947865249,0.4815766233140766,0.0998710063599578,0.6381979540434105,1571.674476101839,2897.123549481734,True,True
role,EleutherAI/pythia-410m,13,0.5416666666666666,0.017519410875040366,0.03348177666264056,0.0361328123821458,0.2033715061972367,0.4848615349879928,0.1646335678419413,0.9325607718438508,0.323542671735546,0.0313064157740034,0.4730858220672173,0.105879746320362,0.6199203042598791,1553.7972215218929,2901.74432938105,True,True
role,EleutherAI/pythia-410m,14,0.5833333333333334,0.018085956611529466,0.03312415912058082,0.0378917051781279,0.2009296935471778,0.4773064850607241,0.1648544748952367,0.9299263085740384,0.3388372820167665,0.0321819862478337,0.4602330244360555,0.1231841481565875,0.6068038562647391,1628.3887227615403,2861.7637613749016,True,True
role,EleutherAI/pythia-410m,15,0.625,0.01892460847620885,0.03280390295489208,0.0392008783145508,0.2017199635580062,0.482759807684827,0.1626210037731791,0.9284554281464052,0.34978401511585,0.032343693539044,0.4484960213261437,0.1175927261961023,0.5895786906668317,1738.2015220956,2792.2324128793725,True,True
role,EleutherAI/pythia-410m,16,0.6666666666666666,0.019592584613479444,0.032005202555120446,0.0417240913429033,0.1960273920968742,0.469574866291531,0.1632690320100973,0.9196387556418392,0.3710823310316612,0.0386371530152576,0.4328902768714644,0.1249432359627445,0.5593902782497566,1848.2872836641611,2696.8061431251435,True,True
role,EleutherAI/pythia-410m,17,0.7083333333333334,0.02122974341393881,0.031911893262783084,0.0461856017498442,0.1917047052086575,0.4596615094229107,0.1664637976832606,0.9145026276696406,0.4062480142191173,0.039311770580515,0.4020472805722251,0.1360217213135571,0.5283525510852951,2026.544636964024,2665.3814654877056,True,True
role,EleutherAI/pythia-410m,18,0.75,0.023541217156833084,0.03068947401401166,0.0549385771455449,0.1813891112981392,0.4285006707484797,0.1691913797602166,0.8895488754005361,0.4462445380532251,0.0555125474539191,0.3723663506486356,0.1524092920353945,0.5090060956376722,2277.3293010201114,2519.6431568344638,True,True
role,EleutherAI/pythia-410m,19,0.7916666666666666,0.026723451795062126,0.030275390079898917,0.0633635288411039,0.1778709565845074,0.4217481615027513,0.1702098569729956,0.868158897253935,0.4671377003556144,0.068477573904961,0.354991343059878,0.1752872979002031,0.4932080571407646,2626.140175220797,2446.910491882959,True,True
role,EleutherAI/pythia-410m,20,0.8333333333333334,0.028670551954385264,0.02927810156069526,0.0713094856652185,0.1718552532476588,0.402058038799871,0.17036489142699,0.861380173799389,0.4965083344603619,0.0673103405353925,0.3316364122919792,0.2042515199404159,0.4799346642259343,2786.0904694646347,2312.948167116693,True,True
role,EleutherAI/pythia-410m,21,0.875,0.031309624304543995,0.02874781030756969,0.0814326169958165,0.1673685501512173,0.3844850559838018,0.1717635140030554,0.8542322323978814,0.4987736523516338,0.0643351506063019,0.3338577974971489,0.2294653287121189,0.4758484949308427,3039.532409271302,2216.05271957073,True,True
role,EleutherAI/pythia-410m,22,0.9166666666666666,0.032880912800230165,0.029400252605250636,0.0884734441779713,0.1700982543162623,0.3716472564817033,0.1728427650444136,0.8466046385172782,0.4988058353337492,0.0649219173047505,0.3310959103499885,0.2161499704537686,0.4790065203102622,3144.143920341673,2279.104223642561,True,True
role,EleutherAI/pythia-410m,23,0.9583333333333334,0.03250643548777594,0.02622146557242847,0.0890483727948738,0.1567467924811233,0.3650424422988133,0.1672855001201142,0.8417311644855094,0.5551836880461903,0.0692204627196168,0.2880695194726863,0.2117643301744867,0.4160343524414691,3074.8768496798725,1932.6452504984752,True,True
role,EleutherAI/pythia-410m,24,1.0,0.03170091349140183,0.021540459107660417,0.0885769307739111,0.1482609988410536,0.3578913066238103,0.1452874274154414,0.836613683811374,0.7449736259257844,0.0748093854147148,0.106765375233162,0.1613491207459751,0.2343178960402483,2933.240200173485,1378.685556217101,True,True
role,znhoughton/opt-babylm-350m-20eps-seed964,0,0.0,0.005634484983127598,0.02044219035064996,0.0097260334172593,0.2108697358688449,0.5793199284231269,0.0969422675398258,0.9726929727818514,0.5154308552623136,0.0175809938008892,0.2736994088688416,0.1861879566477925,0.4750117203334465,496.06565755096335,1181.7013420810003,True,True
role,znhoughton/opt-babylm-350m-20eps-seed964,1,0.041666666666666664,0.007004538404726918,0.015306464678363513,0.0097562685537533,0.1489633047935963,0.717952603101749,0.1027532565793446,0.9869034186277948,0.7183223198737487,0.0033403128184519,0.1327143753326548,0.1620825433661492,0.3904414729876802,635.7309064365453,852.7153443214731,True,True
role,znhoughton/opt-babylm-350m-20eps-seed964,2,0.08333333333333333,0.006437267704832184,0.01663827023677592,0.0088512639392261,0.1508049528674748,0.7272710145162634,0.1103297333436879,0.985988160902974,0.6962083892930597,0.0051605751577997,0.1529866578394653,0.1599846884744872,0.4098118430435648,589.9393146457252,984.5858726581952,True,True
role,znhoughton/opt-babylm-350m-20eps-seed964,3,0.125,0.007027107006794623,0.016613808188309355,0.0102306359056153,0.1434887093545658,0.6868690344983979,0.1157847768165231,0.978363875109946,0.654837269056368,0.0114054889844386,0.201674021589066,0.1336510037609805,0.4055080290768519,648.7556177453271,1013.5007614090816,True,True
role,znhoughton/opt-babylm-350m-20eps-seed964,4,0.16666666666666666,0.00889949192217144,0.017889365531964376,0.0142018424192008,0.1482944199205818,0.626643477619452,0.1206341111253203,0.9667402317220876,0.6053833277245838,0.0190579258587117,0.2463222523548343,0.1105822406653899,0.3629454438170061,820.8977076586845,1128.859765295812,True,True
role,znhoughton/opt-babylm-350m-20eps-seed964,5,0.20833333333333334,0.010522504424133385,0.01866500844957607,0.0186595834432374,0.156449402612086,0.5639195781697339,0.1193038013437206,0.9578852393303507,0.5659456207623722,0.0234551772264118,0.2776049766255417,0.1005113691741497,0.3273301889663015,959.2077510289872,1183.0256206237775,True,True
role,znhoughton/opt-babylm-350m-20eps-seed964,6,0.25,0.01187239224351147,0.019390379890651992,0.0221217490784443,0.161343230403177,0.5366841564566914,0.1201809325510454,0.9455236494874206,0.5375534585361536,0.0323546014341351,0.3011033110606693,0.0972302538740062,0.3149964387615004,1080.105817735002,1246.7577486912458,True,True
role,znhoughton/opt-babylm-350m-20eps-seed964,7,0.2916666666666667,0.012453987898158094,0.019766204830662326,0.0233710596632579,0.1645306848937788,0.5328807541293155,0.1201368902306789,0.9451693957263688,0.5336818869413091,0.0314595446103732,0.301787428164912,0.092593815987343,0.323286831864906,1131.462443316812,1270.2988666205745,True,True
role,znhoughton/opt-babylm-350m-20eps-seed964,8,0.3333333333333333,0.012627528136425065,0.019944900447544135,0.0239347068665653,0.166679441907879,0.5275823182971429,0.1196602305554116,0.9421696490984914,0.5347260935588841,0.0338956440349431,0.2985944645332367,0.0908344423927027,0.3165854434552278,1149.195461329016,1278.5027320384738,True,True
role,znhoughton/opt-babylm-350m-20eps-seed964,9,0.375,0.012939511038254914,0.020100485032784346,0.0240634228946892,0.1687153005390256,0.5377252893274242,0.119138483401124,0.9441633612086447,0.5437898430367404,0.0317732158966659,0.287494856424234,0.087999304978771,0.311403632724303,1191.6489357610517,1283.9490297321847,True,True
role,znhoughton/opt-babylm-350m-20eps-seed964,10,0.4166666666666667,0.013441744097052772,0.01992035688944624,0.0251680684445142,0.1692809280149255,0.5340792888690122,0.1176763213850639,0.9423649575239964,0.5609361005363294,0.0324669740314892,0.2697829714487451,0.0863128979719347,0.3099204180619554,1252.0746593628155,1260.7274211503386,True,True
role,znhoughton/opt-babylm-350m-20eps-seed964,11,0.4583333333333333,0.013886440890430021,0.019821197623311727,0.0259497391972112,0.1688490804364855,0.5351283411712433,0.1173900241095343,0.9422570565025872,0.5718983808193847,0.0317932043002014,0.2592525387441297,0.0881543311977334,0.3049287077160828,1305.9323746256907,1252.461197521093,True,True
role,znhoughton/opt-babylm-350m-20eps-seed964,12,0.5,0.014333033037049282,0.020119446253720988,0.027027414422794,0.1713069787158176,0.5303146210301675,0.1174467403753427,0.9412217762258872,0.5783243026011745,0.0317508093513189,0.2503687186830077,0.087126790146366,0.3038967305406834,1356.9518807775764,1274.3755026212743,True,True
role,znhoughton/opt-babylm-350m-20eps-seed964,13,0.5416666666666666,0.014830610787086933,0.020511177519835777,0.0283024200665672,0.1742311837148781,0.524005040989618,0.1177239176277505,0.9400331348290532,0.5873743372843374,0.0316644451043795,0.2383944790007843,0.0850802708155671,0.3005862871228278,1413.666689671895,1302.7926832494584,True,True
role,znhoughton/opt-babylm-350m-20eps-seed964,14,0.5833333333333334,0.015470494305836182,0.02062758957037387,0.0299427740731312,0.1753027814029153,0.5166687050455505,0.1176683530363588,0.9377209776863032,0.595497412204821,0.0323362482405656,0.2291998063922636,0.0881088135454568,0.2968582674828718,1484.6525791748095,1312.5967244975727,True,True
role,znhoughton/opt-babylm-350m-20eps-seed964,15,0.625,0.016189209757504073,0.020622697097050932,0.0317945769320325,0.1751204633841443,0.5091814806063268,0.1177629198696955,0.934245544774894,0.6016443085239243,0.0339598782930735,0.2232352280919314,0.0875912553444749,0.2933091034574565,1564.2075268501558,1307.9541380813994,True,True
role,znhoughton/opt-babylm-350m-20eps-seed964,16,0.6666666666666666,0.016998041541653724,0.021147324338280957,0.0343046396793671,0.178534547644299,0.4955026987756813,0.1184494800435687,0.9288468367643066,0.6029290531028318,0.0368485235563262,0.218536399252869,0.0868260653137479,0.2893767964493506,1646.5752711341686,1347.7729483573637,True,True
role,znhoughton/opt-babylm-350m-20eps-seed964,17,0.7083333333333334,0.017636840122359894,0.021078385939442876,0.0363757253267096,0.1781574805732788,0.4848519160498964,0.1183132241857957,0.9246784024659386,0.6093624744876305,0.0389458722073518,0.2124800449390906,0.0861816642653893,0.2918865069073126,1706.2753473476048,1342.1260117472789,True,True
role,znhoughton/opt-babylm-350m-20eps-seed964,18,0.75,0.01862797157700604,0.021236793807177173,0.0393024131555609,0.179842132155231,0.4739650846189929,0.1180857541704777,0.920696873237898,0.6159363050491222,0.040000713606541,0.2042215627956467,0.0866045627121416,0.2922774870841562,1796.2093233347898,1349.240983051381,True,True
role,znhoughton/opt-babylm-350m-20eps-seed964,19,0.7916666666666666,0.019504352862218466,0.021258993462826933,0.0422022929706537,0.1800168495748507,0.4621633444367881,0.1180944645628157,0.916247827927417,0.6222517572175553,0.0415498791019292,0.1977313932075938,0.0930937212676782,0.297032814386966,1880.2567222646733,1353.2331924193718,True,True
role,znhoughton/opt-babylm-350m-20eps-seed964,20,0.8333333333333334,0.020248968748898647,0.021145645424095895,0.0449415841554169,0.1787250507324055,0.4505619712663822,0.1183138308672578,0.9116282717332884,0.6256505986077173,0.0434301441112945,0.1956243506598772,0.0949765038586412,0.3017535539170436,1946.407986362915,1348.6061824730698,True,True
role,znhoughton/opt-babylm-350m-20eps-seed964,21,0.875,0.021393711780819048,0.02097938840383995,0.0489438282968522,0.1778704765076197,0.4371074459288869,0.1179475583343435,0.9047662827139968,0.626828757465715,0.0462898889891509,0.1953007660266652,0.0963477440213992,0.3042286970741398,2046.051079501185,1335.6833225395064,True,True
role,znhoughton/opt-babylm-350m-20eps-seed964,22,0.9166666666666666,0.022277645939379292,0.02098468351506743,0.0524535361410496,0.178981133285501,0.4247119942395082,0.1172452265211317,0.8994407893251362,0.6285256460584164,0.0481056745338143,0.1924932206560825,0.0966085324444138,0.3076147420820669,2118.9836895343637,1329.1683476821995,True,True
role,znhoughton/opt-babylm-350m-20eps-seed964,23,0.9583333333333334,0.02309246436314299,0.020902272755321003,0.0556057929032505,0.1796060110057667,0.4152888243734241,0.1163784699536024,0.8967117464675953,0.6301271041399327,0.0476824606291541,0.1902668848543006,0.1041699861646258,0.3116419972045667,2182.408918621556,1318.7583822502197,True,True
role,znhoughton/opt-babylm-350m-20eps-seed964,24,1.0,0.024190084844725433,0.020262352617794886,0.059810302413478,0.1810511028828255,0.4044467904123872,0.1119151018423151,0.8914320519944972,0.635816824051627,0.0487576455920248,0.1831320730655473,0.1039627081243267,0.2749188072753476,2227.608782579734,1214.4095418287625,True,True
role,EleutherAI/pythia-160m,0,0.0,0.0013260439299029353,0.016480881568623755,0.0013604814630443,0.1645333975550639,0.9746872455988448,0.1001673934503671,0.9986098044162144,0.7672523112790701,2.971412074103846e-05,0.0682142911658659,0.2238150136950862,0.2737431556179551,89.3201774568819,675.8508959139092,True,True
role,EleutherAI/pythia-160m,1,0.08333333333333333,0.005751734410268409,0.018051215432446425,0.0072050597307814,0.1606444729592669,0.7982910100933507,0.1123674851672208,0.9884967710012554,0.7111817258425452,0.004298169267963,0.1281738011981877,0.0895468082188684,0.338679732540887,356.70057077008425,813.2961118717692,True,True
role,EleutherAI/pythia-160m,2,0.16666666666666666,0.009025127901403852,0.017918889016633195,0.0129664762086733,0.1585411411283862,0.696035511588486,0.1130235905273479,0.9798165358308542,0.6393929794833759,0.0072169879604725,0.2020658793882377,0.0828454375755545,0.3217331038504462,586.3854866778215,813.6583971912947,True,True
role,EleutherAI/pythia-160m,3,0.25,0.011505475149796579,0.02270775393537887,0.0183002350493253,0.1705244379373828,0.6287064138130165,0.1331642209764517,0.9695488402377248,0.493002224255578,0.0121509247129496,0.3364733378070391,0.0954274533026154,0.4274588832437941,757.5166959118445,1220.2239025687895,True,True
role,EleutherAI/pythia-160m,4,0.3333333333333333,0.013339743444771623,0.02904174163475191,0.0266784171925767,0.1908424090652022,0.5000200479840844,0.1521765616825224,0.9472766398432392,0.3383132892457024,0.0260449429641843,0.4708443016890953,0.0910279644056102,0.582789417848349,877.3170818609887,1802.9503700526611,True,True
role,EleutherAI/pythia-160m,5,0.4166666666666667,0.014770434335994903,0.02972814284256874,0.0295736085509766,0.1904427531472721,0.4994464679727812,0.1561001526772696,0.9351992736898476,0.3346092221447665,0.0352271177591756,0.4749480247079614,0.090251524308501,0.5667426176457525,982.2420503355244,1858.3563590675155,True,True
role,EleutherAI/pythia-160m,6,0.5,0.017886101223059555,0.029860239403972005,0.0362869984793592,0.192345506471282,0.4929066049161807,0.1552427189580863,0.9037950778903292,0.3533002022903773,0.0599179236303117,0.4543542912383406,0.1665607682899963,0.5493046937812851,1193.6591401435016,1837.3844481755705,True,True
role,EleutherAI/pythia-160m,7,0.5833333333333334,0.018088813031866047,0.030022859248855192,0.0381449996519718,0.1919248160362429,0.4742119071150914,0.1564303140620737,0.9119326226558128,0.3709275492625755,0.0499223776922155,0.4371476347011815,0.1324178395891493,0.5422764032686589,1246.3240241644132,1830.3658237397367,True,True
role,EleutherAI/pythia-160m,8,0.6666666666666666,0.01905786977699641,0.029440835182526735,0.0415720826799007,0.1868623272296951,0.4584295168404089,0.157553615107969,0.917681047449467,0.3975897049862597,0.0407468698706323,0.4155479677840452,0.1617549723299212,0.5267555809220291,1380.221620890026,1797.4249396573653,True,True
role,EleutherAI/pythia-160m,9,0.75,0.02116446095738519,0.0275375937449284,0.048346022944693,0.1737600344829053,0.4377704652479267,0.1584805955343982,0.9057629859753132,0.475991751389141,0.0458909910799938,0.3502482141279537,0.1528458572841727,0.4873967520129393,1563.8675411218635,1615.2963784267838,True,True
role,EleutherAI/pythia-160m,10,0.8333333333333334,0.027758811847792313,0.02711908248715552,0.06662595908566,0.1635148231271642,0.4166365817279001,0.1658509116697342,0.8612884305631388,0.5370171236076962,0.072085610351201,0.2994680532651397,0.1870120929131611,0.4463792037915456,2045.1114009876053,1571.9720645522557,True,True
role,EleutherAI/pythia-160m,11,0.9166666666666666,0.03489399646932284,0.026604986265119524,0.0872153503818218,0.1645234584371742,0.400090079516504,0.1617093788195502,0.8260001081793583,0.5706146477176276,0.0867845414388197,0.2648618938451982,0.2197606932101048,0.4027976030977363,2574.1508000623176,1498.5302329826063,True,True
role,EleutherAI/pythia-160m,12,1.0,0.034204977322736536,0.02277953431294822,0.092954280427735,0.1640511571099739,0.3679763553151094,0.1388562855285297,0.8287533502141526,0.7161169151865393,0.0782923693581123,0.1198319277034867,0.1802050499397929,0.2494923412452158,2379.459321682051,1080.2767480884122,True,True
role,znhoughton/opt-babylm-125m-20eps-seed964,0,0.0,0.004585439903814398,0.019584955973059006,0.0067382813874414,0.1985030214583818,0.6805058501060224,0.0986632638091365,0.9834214832896888,0.5796620070068439,0.0098402353228697,0.2218349715347742,0.1623728718744659,0.4062706426496978,280.2587513284336,833.5647489244458,True,True
role,znhoughton/opt-babylm-125m-20eps-seed964,1,0.08333333333333333,0.005330065273812656,0.01918681231123959,0.0070493574942075,0.1829433586798728,0.7561065356938421,0.10487843040432,0.9898457650964814,0.6710526032971885,0.003104877409311,0.1460040380229386,0.1525083691125328,0.3748263103698076,368.71276093647367,826.0999603221478,True,True
role,znhoughton/opt-babylm-125m-20eps-seed964,2,0.16666666666666666,0.004917189600815284,0.019718359512712367,0.0063698859391813,0.1747966678750477,0.7719431160563721,0.1128074107614449,0.9904305736217542,0.6963840202281533,0.0031995404390643,0.128819311896799,0.1570881652140602,0.4113295501476085,341.9601135406431,895.6961632208552,True,True
role,znhoughton/opt-babylm-125m-20eps-seed964,3,0.25,0.00497933190257481,0.01984962560732282,0.0065190794730248,0.1689393613892591,0.7638090505229629,0.1174955643497823,0.9879196087316736,0.6860249551541516,0.0055613117953013,0.1450356834565892,0.1397709812049949,0.4167558806856615,348.3229376412698,931.6045171346806,True,True
role,znhoughton/opt-babylm-125m-20eps-seed964,4,0.3333333333333333,0.005626244348400909,0.0196864661811567,0.007649050257033,0.1607527409730937,0.7355480954289454,0.1224642644472965,0.9816446595403616,0.6541387594081556,0.0107062902026051,0.1851084996187508,0.1269133045933496,0.417011404278197,397.3072541864145,949.4356558497122,True,True
role,znhoughton/opt-babylm-125m-20eps-seed964,5,0.4166666666666667,0.007913008030070348,0.02081901245372207,0.0115984249614353,0.1621753013300544,0.682248499807608,0.1283735086846044,0.9701356912336644,0.60921434898206,0.0182658838049002,0.2286103496878855,0.1121829238832022,0.398796796376639,561.212519479091,1037.7456416074644,True,True
role,znhoughton/opt-babylm-125m-20eps-seed964,6,0.5,0.009824939580827832,0.020784901249659225,0.0160443414554451,0.164765562684226,0.612361660845448,0.1261483340999696,0.9609248917764592,0.5908523166082341,0.0230307667680957,0.2443821207075399,0.1038712796875895,0.3637629897289107,687.392932184334,1030.244925450937,True,True
role,znhoughton/opt-babylm-125m-20eps-seed964,7,0.5833333333333334,0.011032463873924172,0.021335507507476818,0.0188021337396758,0.168908226886397,0.5867665886581659,0.1263141997330094,0.9545892930034598,0.5810436670013398,0.0266085732568644,0.2500481061122629,0.1003003330644684,0.3602407998618665,774.4776056759537,1067.2357277747574,True,True
role,znhoughton/opt-babylm-125m-20eps-seed964,8,0.6666666666666666,0.01264036308295047,0.0223100317868383,0.0231641207990868,0.1739410087086209,0.5456871509428837,0.128262058225793,0.9424468197303696,0.5760657507050816,0.0343890594705434,0.2499932405862975,0.099979095060339,0.3429684714347059,897.0964543515555,1128.1592250761548,True,True
role,znhoughton/opt-babylm-125m-20eps-seed964,9,0.75,0.014145484285160348,0.021883123610431855,0.0266666911883086,0.1694080112890638,0.5304551729073201,0.1291740776833293,0.9317459131234486,0.5981021230906365,0.0415873956882428,0.2324898656202996,0.1024090546666316,0.3350082179341274,1008.3508145722722,1103.707949562953,True,True
role,znhoughton/opt-babylm-125m-20eps-seed964,10,0.8333333333333334,0.01652886470294828,0.021760357085160907,0.0327598833563903,0.1691546012355188,0.5045458960623582,0.1286418278085344,0.9212384446053132,0.6172730974036257,0.0460016720382964,0.2135723013608556,0.1062519729508694,0.3281940943323665,1179.3056282698735,1101.1868231141937,True,True
role,znhoughton/opt-babylm-125m-20eps-seed964,11,0.9166666666666666,0.018891094624766232,0.021488910875564485,0.0394379718761382,0.1691930137740206,0.4790077614563192,0.1270082634987857,0.9097538120288828,0.6333445983082872,0.050808216094979,0.1974623879176922,0.1155292471015045,0.3183108955533767,1337.6736611837796,1076.6033492514948,True,True
role,znhoughton/opt-babylm-125m-20eps-seed964,12,1.0,0.02111112471834698,0.02171971138943859,0.0461403862193277,0.1786169003146646,0.4575411358282858,0.1215994194904041,0.904435843536122,0.6372312894831234,0.0494237702445501,0.1841518102022118,0.1187249403521411,0.29844695917358,1482.0637977679244,1036.9537117911357,True,True
