model,kind,arm,component,term,label,estimate,error,lo95,hi95,p_gt0,excludes_zero
ordbeta_size_stacked,size,relu,item,c_item,item,1.6847023337944198,0.03563106389797207,1.6149949109575,1.754838199525,1,TRUE
ordbeta_size_stacked,size,relu,class,c_item,item,-1.6277018944139137,0.03521796566663861,-1.697017732775,-1.5597177019750001,0,TRUE
ordbeta_size_stacked,size,relu,interaction,c_item,item,0.0918267553944197,0.03655516082045169,0.01990491699499992,0.16371543014999998,0.9934722222222222,TRUE
ordbeta_size_stacked,size,relu,item,c_class,class,-2.6700227202455555,0.04038601370601799,-2.749705609175,-2.591052078,0,TRUE
ordbeta_size_stacked,size,relu,class,c_class,class,2.771223839298889,0.040978653755299875,2.691801162325,2.85167708525,1,TRUE
ordbeta_size_stacked,size,relu,interaction,c_class,class,0.23890253761,0.0391977614533486,0.1621124933249996,0.3149144847499999,1,TRUE
ordbeta_size_stacked,size,relu,item,c_int,interaction,-0.5282820503944444,0.03473828479359105,-0.5963171745,-0.46050589575,0,TRUE
ordbeta_size_stacked,size,relu,class,c_int,interaction,0.19597257872722224,0.03432279353531406,0.12870915550000003,0.26368215599999995,1,TRUE
ordbeta_size_stacked,size,relu,interaction,c_int,interaction,1.6454340121997222,0.034923334673893074,1.576109805,1.7141605177500001,1,TRUE
ordbeta_size_stacked,size,relu,item,log2_d,width,-0.08970848656769445,0.004354693929567192,-0.098274064175,-0.08109758724999999,0,TRUE
ordbeta_size_stacked,size,relu,class,log2_d,width,0.02839660039863889,0.0042673681196069135,0.019991034425,0.036852834275,1,TRUE
ordbeta_size_stacked,size,relu,interaction,log2_d,width,0.31413361043930554,0.004764424859007736,0.30478636754999994,0.323449624125,1,TRUE
ordbeta_size_stacked,size,relu,item,log2_rank,rank,0.03323301518332193,0.00577962956177235,0.022068354757500002,0.04460913949675001,1,TRUE
ordbeta_size_stacked,size,relu,class,log2_rank,rank,-0.033296217316925295,0.005730893483212866,-0.044541528917499996,-0.02211036743999999,0,TRUE
ordbeta_size_stacked,size,relu,interaction,log2_rank,rank,-0.012780421389264184,0.006206513299406516,-0.025022569195000004,-5.737267724999964e-4,0.020166666666666666,TRUE
ordbeta_size_stacked,size,relu,item,log2_d:log2_rank,width x rank,0.0070730928500263085,0.0032348015923246752,6.827427539999999e-4,0.013389735432500001,0.9850555555555556,TRUE
ordbeta_size_stacked,size,relu,class,log2_d:log2_rank,width x rank,-0.012314831589399522,0.0031808459196735824,-0.0185301117175,-0.006080624379999997,5.555555555555556e-5,TRUE
ordbeta_size_stacked,size,relu,interaction,log2_d:log2_rank,width x rank,0.017021512545991314,0.003452115721925175,0.0102415939625,0.02372697262700001,1,TRUE
ordbeta_size_stacked,size,relu,item,c_item:log2_d,item x width,-0.0016028544008576389,0.019156986731047564,-0.03946455182499999,0.03607301495000001,0.4657777777777778,FALSE
ordbeta_size_stacked,size,relu,class,c_item:log2_d,item x width,0.012932286955688,0.018597031779603715,-0.023721345799999998,0.0496881892,0.7591944444444444,FALSE
ordbeta_size_stacked,size,relu,interaction,c_item:log2_d,item x width,-0.13732528998853868,0.01956401667972565,-0.17573431752499996,-0.09872863259999999,0,TRUE
ordbeta_size_stacked,size,relu,item,c_class:log2_d,class x width,0.47897211021094444,0.021457207800307316,0.436811637925,0.5210139761499999,1,TRUE
ordbeta_size_stacked,size,relu,class,c_class:log2_d,class x width,-0.541936007721,0.021596665862667997,-0.5846916965750001,-0.49988305937500005,0,TRUE
ordbeta_size_stacked,size,relu,interaction,c_class:log2_d,class x width,-0.11538287809544444,0.021441381147620838,-0.15725213125000004,-0.07320224707500003,0,TRUE
ordbeta_size_stacked,size,relu,item,c_int:log2_d,interaction x width,-0.20040222275116668,0.01899312316130531,-0.23785999545000003,-0.163349879475,0,TRUE
ordbeta_size_stacked,size,relu,class,c_int:log2_d,interaction x width,0.08855414725480555,0.018742792331164205,0.0514533172,0.12521763272500003,1,TRUE
ordbeta_size_stacked,size,relu,interaction,c_int:log2_d,interaction x width,-0.11241689536805556,0.019273511290174846,-0.1502983095,-0.07465887437499995,0,TRUE
ordbeta_size_stacked,size,relu,item,c_item:log2_rank,item x rank,-0.1698500695974319,0.025769529585463805,-0.22064753463249998,-0.119707068425,0,TRUE
ordbeta_size_stacked,size,relu,class,c_item:log2_rank,item x rank,0.16185325224320699,0.02547420564229633,0.1117152299525,0.21175823062500004,1,TRUE
ordbeta_size_stacked,size,relu,interaction,c_item:log2_rank,item x rank,0.08511968939801254,0.02684625855871617,0.032199284438000006,0.13719320114999997,0.9991388888888889,TRUE
ordbeta_size_stacked,size,relu,item,c_class:log2_rank,class x rank,0.03834958271334134,0.029295666589939946,-0.01851408936,0.09576177282375002,0.9044722222222222,FALSE
ordbeta_size_stacked,size,relu,class,c_class:log2_rank,class x rank,-0.06468656654100692,0.029750707290251827,-0.1233470413575,-0.006401926149999996,0.015027777777777777,TRUE
ordbeta_size_stacked,size,relu,interaction,c_class:log2_rank,class x rank,0.03979819813741867,0.02914235713098865,-0.018260641299999998,0.09698832205000003,0.9132222222222223,FALSE
ordbeta_size_stacked,size,relu,item,c_int:log2_rank,interaction x rank,0.008807836191919174,0.02522123195819574,-0.040503848845,0.058159405275000006,0.6373055555555556,FALSE
ordbeta_size_stacked,size,relu,class,c_int:log2_rank,interaction x rank,-0.044218282194043404,0.025227537840176315,-0.0931338159175,0.004912607799999999,0.03836111111111111,FALSE
ordbeta_size_stacked,size,relu,interaction,c_int:log2_rank,interaction x rank,0.06485524498196561,0.02519345267985954,0.015451817292500003,0.1142428962425,0.9945,TRUE
ordbeta_size_stacked,size,relu,item,c_item:log2_d:log2_rank,item x width x rank,-0.04976017025426977,0.013948003274261132,-0.0773073317875,-0.022609895097499992,1.1111111111111112e-4,TRUE
ordbeta_size_stacked,size,relu,class,c_item:log2_d:log2_rank,item x width x rank,0.05369177987752134,0.01348509082139227,0.027127465450000002,0.07995553202750001,0.9999444444444444,TRUE
ordbeta_size_stacked,size,relu,interaction,c_item:log2_d:log2_rank,item x width x rank,-0.023068814742187548,0.014190393610466428,-0.050697228187500006,0.004744564952500013,0.05188888888888889,FALSE
ordbeta_size_stacked,size,relu,item,c_class:log2_d:log2_rank,class x width x rank,0.008423360019216293,0.015819742941381162,-0.022416993819999998,0.039543941320000005,0.7023611111111111,FALSE
ordbeta_size_stacked,size,relu,class,c_class:log2_d:log2_rank,class x width x rank,-0.00899477524031188,0.015900612462896924,-0.03995122695000001,0.022361010365000003,0.28775,FALSE
ordbeta_size_stacked,size,relu,interaction,c_class:log2_d:log2_rank,class x width x rank,-0.01806698887018827,0.015547494727149072,-0.04869310061899999,0.012365427610000004,0.1211388888888889,FALSE
ordbeta_size_stacked,size,relu,item,c_int:log2_d:log2_rank,interaction x width x rank,-0.027559065548423044,0.013922505047124589,-0.054702839725,-1.5372252749999205e-4,0.02438888888888889,TRUE
ordbeta_size_stacked,size,relu,class,c_int:log2_d:log2_rank,interaction x width x rank,0.03189106295834189,0.013761674887885355,0.005070606649999998,0.05893390345000001,0.9899722222222223,TRUE
ordbeta_size_stacked,size,relu,interaction,c_int:log2_d:log2_rank,interaction x width x rank,-0.01902733874515068,0.013993590344623785,-0.046577224874999996,0.008501243132500025,0.08636111111111111,FALSE
ordbeta_size_stacked_linear,size,linear,item,c_item,item,2.362589561179722,0.03596589524092171,2.2927093315000002,2.43348878,1,TRUE
ordbeta_size_stacked_linear,size,linear,class,c_item,item,-2.285527530775833,0.03440481886961893,-2.3529440627500002,-2.2183234224999997,0,TRUE
ordbeta_size_stacked_linear,size,linear,interaction,c_item,item,0.47817992432694445,0.037926070031258245,0.4036075300000003,0.5526683907500003,1,TRUE
ordbeta_size_stacked_linear,size,linear,item,c_class,class,-3.521837128865478,0.03877995812223468,-3.5974167625749995,-3.4459393115249997,0,TRUE
ordbeta_size_stacked_linear,size,linear,class,c_class,class,3.6590954595678555,0.039752375789270225,3.5811568698249996,3.73792756985,1,TRUE
ordbeta_size_stacked_linear,size,linear,interaction,c_class,class,0.07817652733452223,0.04128349278601249,-0.002985689075000353,0.1591782727500001,0.9701388888888889,FALSE
ordbeta_size_stacked_linear,size,linear,item,c_int,interaction,0.9397428283019444,0.03307311611370249,0.87559539025,1.00448115175,1,TRUE
ordbeta_size_stacked_linear,size,linear,class,c_int,interaction,-1.0488013958613889,0.032038458986073604,-1.1120048894999999,-0.9858238934999999,0,TRUE
ordbeta_size_stacked_linear,size,linear,interaction,c_int,interaction,1.5690440988752778,0.03473143470761254,1.501174222,1.637624747,1,TRUE
ordbeta_size_stacked_linear,size,linear,item,log2_d,width,0.12324447250422223,0.003911524522376206,0.115621567875,0.1309142339,1,TRUE
ordbeta_size_stacked_linear,size,linear,class,log2_d,width,-0.12283903127927778,0.003864012637045255,-0.130430101075,-0.11526884180000001,0,TRUE
ordbeta_size_stacked_linear,size,linear,interaction,log2_d,width,0.15677101699055557,0.00506914085302849,0.146888350025,0.166670410075,1,TRUE
ordbeta_size_stacked_linear,size,linear,item,log2_rank,rank,0.017824788952775,0.005243565269750346,0.007529453724999998,0.028131171075000003,0.9996388888888889,TRUE
ordbeta_size_stacked_linear,size,linear,class,log2_rank,rank,-0.008898333450855183,0.0052018455892828604,-0.0190396477,0.0013658183250000017,0.043277777777777776,FALSE
ordbeta_size_stacked_linear,size,linear,interaction,log2_rank,rank,-0.07722273378567815,0.006674586121869291,-0.090345592275,-0.0640353732025,0,TRUE
ordbeta_size_stacked_linear,size,linear,item,log2_d:log2_rank,width x rank,0.003252869901365514,0.002872868130414357,-0.002358213775,0.008880248015,0.8695555555555555,FALSE
ordbeta_size_stacked_linear,size,linear,class,log2_d:log2_rank,width x rank,-0.00716393669642425,0.002843776497176524,-0.012728118594999999,-0.0016278010274999991,0.0054444444444444445,TRUE
ordbeta_size_stacked_linear,size,linear,interaction,log2_d:log2_rank,width x rank,0.024774421584994318,0.0035978443820427353,0.017723137977499998,0.031853819322500004,1,TRUE
ordbeta_size_stacked_linear,size,linear,item,c_item:log2_d,item x width,-0.4521430055263739,0.018623705274750664,-0.48822592899999995,-0.415495438025,0,TRUE
ordbeta_size_stacked_linear,size,linear,class,c_item:log2_d,item x width,0.3834339625936261,0.0180303376784335,0.34831243932499995,0.41863565227500005,1,TRUE
ordbeta_size_stacked_linear,size,linear,interaction,c_item:log2_d,item x width,-0.024014554716373867,0.01986031437148461,-0.06324743687499998,0.015029832825000028,0.11316666666666667,FALSE
ordbeta_size_stacked_linear,size,linear,item,c_class:log2_d,class x width,0.36233299442815,0.019746997517952163,0.323587006225,0.400767153225,1,TRUE
ordbeta_size_stacked_linear,size,linear,class,c_class:log2_d,class x width,-0.43259471722851667,0.020192139090529138,-0.4720792034,-0.392633643675,0,TRUE
ordbeta_size_stacked_linear,size,linear,interaction,c_class:log2_d,class x width,-0.08332908059601667,0.022051068503888837,-0.12674391987500003,-0.040173352674999996,5.555555555555556e-5,TRUE
ordbeta_size_stacked_linear,size,linear,item,c_int:log2_d,interaction x width,-0.12576876840412293,0.01792480551469578,-0.16134036776250002,-0.090738375,0,TRUE
ordbeta_size_stacked_linear,size,linear,class,c_int:log2_d,interaction x width,0.03803994080034078,0.01723104398217571,0.00459014401,0.07197432822500001,0.9876111111111111,TRUE
ordbeta_size_stacked_linear,size,linear,interaction,c_int:log2_d,interaction x width,0.10392565773608001,0.01817476377989979,0.06829585384749998,0.13935995077500002,1,TRUE
ordbeta_size_stacked_linear,size,linear,item,c_item:log2_rank,item x rank,-0.042209120190184725,0.025867254093532084,-0.093216180175,0.008055042600000048,0.0505,FALSE
ordbeta_size_stacked_linear,size,linear,class,c_item:log2_rank,item x rank,0.03224935668197572,0.025168679139583667,-0.016996637275,0.0815291884,0.8982777777777777,FALSE
ordbeta_size_stacked_linear,size,linear,interaction,c_item:log2_rank,item x rank,0.18930816873998815,0.026620851656769973,0.1371645075725,0.24132346467500004,1,TRUE
ordbeta_size_stacked_linear,size,linear,item,c_class:log2_rank,class x rank,-0.041523400635141414,0.027994283844800308,-0.09611537296999999,0.013676799025000033,0.07005555555555555,FALSE
ordbeta_size_stacked_linear,size,linear,class,c_class:log2_rank,class x rank,0.003961169145298406,0.028364240235129342,-0.051874846225,0.059950732120000017,0.5558333333333333,FALSE
ordbeta_size_stacked_linear,size,linear,interaction,c_class:log2_rank,class x rank,0.13117355533449793,0.02983754726808592,0.0726932830425,0.190126935375,1,TRUE
ordbeta_size_stacked_linear,size,linear,item,c_int:log2_rank,interaction x rank,-0.10740630327506917,0.02381488570352942,-0.154067378275,-0.06040372822499999,0,TRUE
ordbeta_size_stacked_linear,size,linear,class,c_int:log2_rank,interaction x rank,0.06659457857229105,0.02325784931956409,0.021268973420000004,0.11274907205000001,0.9975,TRUE
ordbeta_size_stacked_linear,size,linear,interaction,c_int:log2_rank,interaction x rank,0.17993423415073728,0.02424074733329794,0.13199087275,0.22761729637750003,1,TRUE
ordbeta_size_stacked_linear,size,linear,item,c_item:log2_d:log2_rank,item x width x rank,-0.0049855353649819,0.013896729854830939,-0.032164735629999996,0.02206183815,0.3605833333333333,FALSE
ordbeta_size_stacked_linear,size,linear,class,c_item:log2_d:log2_rank,item x width x rank,0.013795725733926375,0.013493558178584154,-0.0125863137725,0.04031439689000001,0.8475,FALSE
ordbeta_size_stacked_linear,size,linear,interaction,c_item:log2_d:log2_rank,item x width x rank,-0.047673998178845496,0.014185018002549338,-0.07549970034999999,-0.01961561767499998,5e-4,TRUE
ordbeta_size_stacked_linear,size,linear,item,c_class:log2_d:log2_rank,class x width x rank,0.019977107445958726,0.014555199483908349,-0.008570613862499998,0.0485262169395,0.9161944444444444,FALSE
ordbeta_size_stacked_linear,size,linear,class,c_class:log2_d:log2_rank,class x width x rank,-0.009571499622387037,0.014828917834356112,-0.03869473955,0.019455034447500016,0.25733333333333336,FALSE
ordbeta_size_stacked_linear,size,linear,interaction,c_class:log2_d:log2_rank,class x width x rank,-0.04731173217198385,0.01599031705342182,-0.0787499353225,-0.015900665730999984,0.0013055555555555555,TRUE
ordbeta_size_stacked_linear,size,linear,item,c_int:log2_d:log2_rank,interaction x width x rank,0.002746539723635249,0.013093827615107358,-0.0229933509125,0.028456824805000003,0.5826666666666667,FALSE
ordbeta_size_stacked_linear,size,linear,class,c_int:log2_d:log2_rank,interaction x width x rank,-0.003178870300698395,0.012658434937970564,-0.027835383215000002,0.021823749857500005,0.39905555555555555,FALSE
ordbeta_size_stacked_linear,size,linear,interaction,c_int:log2_d:log2_rank,interaction x width x rank,-0.004645919304355513,0.013165904818630426,-0.0305173742294,0.021159402607500027,0.3615555555555556,FALSE
overlap_stacked,overlap,relu,item_class,c_item,item,-0.5058151207219445,0.04236856811467635,-0.58853700725,-0.42261569424999995,0,TRUE
overlap_stacked,overlap,relu,int_margins,c_item,item,-0.9637631699063889,0.04243026104278587,-1.0463520322500002,-0.8812183892500001,0,TRUE
overlap_stacked,overlap,relu,item_class,c_class,class,-1.6154316321819444,0.04614865352729294,-1.706144545,-1.52612062975,0,TRUE
overlap_stacked,overlap,relu,int_margins,c_class,class,-0.6232575621524999,0.046188409200295835,-0.7135615554999999,-0.53244836125,0,TRUE
overlap_stacked,overlap,relu,item_class,c_int,interaction,0.31150784467938675,0.04212748731782162,0.2299290425,0.39461507100000004,1,TRUE
overlap_stacked,overlap,relu,int_margins,c_int,interaction,-0.5674366074711689,0.04200105983773291,-0.6499780095,-0.485157805725,0,TRUE
overlap_stacked,overlap,relu,item_class,log2_d,width,-0.3834587758722222,0.007605928849171553,-0.39840259612500006,-0.36863484515000006,0,TRUE
overlap_stacked,overlap,relu,int_margins,log2_d,width,-0.30143963360055553,0.00760431156098431,-0.31653176557499996,-0.286589261175,0,TRUE
overlap_stacked,overlap,relu,item_class,log2_rank,rank,-0.026246502943455492,0.0068779265457219445,-0.039630041445,-0.012730960789999999,1.1111111111111112e-4,TRUE
overlap_stacked,overlap,relu,int_margins,log2_rank,rank,-0.03375183337893895,0.0068637802953293485,-0.04712440897,-0.020266915332599993,0,TRUE
overlap_stacked,overlap,relu,item_class,log2_d:log2_rank,width x rank,-0.014792845987228747,0.005607842541791291,-0.02587063543,-0.00386889144,0.003277777777777778,TRUE
overlap_stacked,overlap,relu,int_margins,log2_d:log2_rank,width x rank,-0.024824083733314753,0.005623607446656556,-0.03584182879,-0.013910534359999999,2.777777777777778e-5,TRUE
overlap_stacked,overlap,relu,item_class,c_item:log2_d,item x width,-0.2983310094020278,0.03424352723769067,-0.365532109075,-0.23249948799999998,0,TRUE
overlap_stacked,overlap,relu,int_margins,c_item:log2_d,item x width,-0.39296032544241666,0.03421301143778861,-0.45987205715,-0.32643550397500004,0,TRUE
overlap_stacked,overlap,relu,item_class,c_class:log2_d,class x width,0.3653054235868333,0.03739857214692063,0.29227986975000003,0.43900602375,1,TRUE
overlap_stacked,overlap,relu,int_margins,c_class:log2_d,class x width,0.11679126618877778,0.0372821889004503,0.043684045500000004,0.18930991625000002,0.9991388888888889,TRUE
overlap_stacked,overlap,relu,item_class,c_int:log2_d,interaction x width,0.33553890594855557,0.03419336135515375,0.26849411925,0.4024868105000001,1,TRUE
overlap_stacked,overlap,relu,int_margins,c_int:log2_d,interaction x width,0.035702645774111114,0.03416738778132183,-0.031985307750000004,0.10250104700000004,0.8523611111111111,FALSE
overlap_stacked,overlap,relu,item_class,c_item:log2_rank,item x rank,0.11765296553826045,0.031144283578007706,0.056371555494999996,0.17855679662250007,0.9998611111111111,TRUE
overlap_stacked,overlap,relu,int_margins,c_item:log2_rank,item x rank,0.09203604775684439,0.03103370260270023,0.0313535647,0.1528421599625,0.9983611111111111,TRUE
overlap_stacked,overlap,relu,item_class,c_class:log2_rank,class x rank,0.11616461124635481,0.0339074058490857,0.04976833295,0.182650948275,0.9997222222222222,TRUE
overlap_stacked,overlap,relu,int_margins,c_class:log2_rank,class x rank,0.039703037390274976,0.033891487808808456,-0.027345775924999996,0.10569590600000005,0.8790555555555556,FALSE
overlap_stacked,overlap,relu,item_class,c_int:log2_rank,interaction x rank,0.0925858562685868,0.030596834411503664,0.0326276501,0.152566159825,0.9988333333333334,TRUE
overlap_stacked,overlap,relu,int_margins,c_int:log2_rank,interaction x rank,0.043759116981791274,0.030652105401257373,-0.0166505802,0.10385724407500001,0.9229722222222222,FALSE
overlap_stacked,overlap,relu,item_class,c_item:log2_d:log2_rank,item x width x rank,0.050041185827979444,0.024759996905617577,0.0013690542974999997,0.09873334387000003,0.978,TRUE
overlap_stacked,overlap,relu,int_margins,c_item:log2_d:log2_rank,item x width x rank,0.06132323729454466,0.024750904909822586,0.012546801117500003,0.11008300478,0.9931111111111111,TRUE
overlap_stacked,overlap,relu,item_class,c_class:log2_d:log2_rank,class x width x rank,0.01946274063940332,0.026933001139547216,-0.033751989705000006,0.07227120378000003,0.7657222222222222,FALSE
overlap_stacked,overlap,relu,int_margins,c_class:log2_d:log2_rank,class x width x rank,0.013426577959654374,0.02693298837234614,-0.0397085514725,0.06618095397000004,0.6928055555555556,FALSE
overlap_stacked,overlap,relu,item_class,c_int:log2_d:log2_rank,interaction x width x rank,-0.028853128321457575,0.02498102958484102,-0.07784103060000001,0.020276106482500014,0.12555555555555556,FALSE
overlap_stacked,overlap,relu,int_margins,c_int:log2_d:log2_rank,interaction x width x rank,-0.043046392292665575,0.02501950408376982,-0.09198499124,0.006033066778000023,0.043527777777777776,FALSE
overlap_stacked_linear,overlap,linear,item_class,c_item,item,-0.5726269004536111,0.050332193937658684,-0.6712584690000001,-0.4740351817499998,0,TRUE
overlap_stacked_linear,overlap,linear,int_margins,c_item,item,-1.7091219224908334,0.05043867376523221,-1.8070786912499996,-1.6096825002499997,0,TRUE
overlap_stacked_linear,overlap,linear,item_class,c_class,class,-0.48605103238008335,0.05476354729113039,-0.594261257925,-0.38030488375,0,TRUE
overlap_stacked_linear,overlap,linear,int_margins,c_class,class,-0.6882577614543611,0.054883960442627756,-0.7967512509,-0.5811909961,0,TRUE
overlap_stacked_linear,overlap,linear,item_class,c_int,interaction,0.12116039346026611,0.049684058126861004,0.02364975699999999,0.21796984965,0.9926666666666667,TRUE
overlap_stacked_linear,overlap,linear,int_margins,c_int,interaction,-0.4204032232786228,0.0497132440094941,-0.5176702965,-0.3229513177999999,0,TRUE
overlap_stacked_linear,overlap,linear,item_class,log2_d,width,-0.0010855454279166668,0.004244601336854198,-0.0094555736,0.007154839475000001,0.40116666666666667,FALSE
overlap_stacked_linear,overlap,linear,int_margins,log2_d,width,0.10594292067513889,0.004246285326953663,0.0976714128,0.11429073015000002,1,TRUE
overlap_stacked_linear,overlap,linear,item_class,log2_rank,rank,-0.04748538323942534,0.008148549377938867,-0.06341998639,-0.03137844897999999,0,TRUE
overlap_stacked_linear,overlap,linear,int_margins,log2_rank,rank,-0.04918028038479689,0.00817704015937546,-0.06511953165625001,-0.03296992808549999,0,TRUE
overlap_stacked_linear,overlap,linear,item_class,log2_d:log2_rank,width x rank,-0.01796867971669801,0.0031049953468637696,-0.024101142710000002,-0.011899700899999999,0,TRUE
overlap_stacked_linear,overlap,linear,int_margins,log2_d:log2_rank,width x rank,-0.022609136103807544,0.003110151041894418,-0.02870220977,-0.016542431362499995,0,TRUE
overlap_stacked_linear,overlap,linear,item_class,c_item:log2_d,item x width,0.2485335125632639,0.019216658005870767,0.21096429355,0.286289298425,1,TRUE
overlap_stacked_linear,overlap,linear,int_margins,c_item:log2_d,item x width,-0.39630575292118053,0.019073701326017056,-0.43374635899999997,-0.3587841487000001,0,TRUE
overlap_stacked_linear,overlap,linear,item_class,c_class:log2_d,class x width,0.31461101789514706,0.020937189589295257,0.2736610423,0.355554497025,1,TRUE
overlap_stacked_linear,overlap,linear,int_margins,c_class:log2_d,class x width,-0.29883784202318625,0.020854071457962114,-0.34014549557499996,-0.2578163018,0,TRUE
overlap_stacked_linear,overlap,linear,item_class,c_int:log2_d,interaction x width,-0.0973093199325,0.018969724935859397,-0.13455239425,-0.06016759075,0,TRUE
overlap_stacked_linear,overlap,linear,int_margins,c_int:log2_d,interaction x width,-0.6458709176752778,0.018928553469717446,-0.68276541825,-0.6089063484999999,0,TRUE
overlap_stacked_linear,overlap,linear,item_class,c_item:log2_rank,item x rank,0.04307274435362644,0.037259765948398256,-0.0293507853975,0.11566922150250002,0.8751111111111111,FALSE
overlap_stacked_linear,overlap,linear,int_margins,c_item:log2_rank,item x rank,0.06547696206697101,0.03729092970359801,-0.007232315364999999,0.13811936877500006,0.9606388888888889,FALSE
overlap_stacked_linear,overlap,linear,item_class,c_class:log2_rank,class x rank,0.06390054271972052,0.04015339372389082,-0.014845411974999997,0.143268423425,0.9432777777777778,FALSE
overlap_stacked_linear,overlap,linear,int_margins,c_class:log2_rank,class x rank,-0.010444970252476258,0.04001081224999738,-0.088393223375,0.06850627460000001,0.39708333333333334,FALSE
overlap_stacked_linear,overlap,linear,item_class,c_int:log2_rank,interaction x rank,-0.23164747911472475,0.03674194440842606,-0.30415134602500005,-0.160440210525,0,TRUE
overlap_stacked_linear,overlap,linear,int_margins,c_int:log2_rank,interaction x rank,-0.25867840592249747,0.03677995283399121,-0.332033336475,-0.18755228843274993,0,TRUE
overlap_stacked_linear,overlap,linear,item_class,c_item:log2_d:log2_rank,item x width x rank,0.006034033121114897,0.014047596927116135,-0.0216883315325,0.03346514069675002,0.6663055555555556,FALSE
overlap_stacked_linear,overlap,linear,int_margins,c_item:log2_d:log2_rank,item x width x rank,0.01417449268339162,0.01407315031347819,-0.013345388514,0.041749459942500004,0.84425,FALSE
overlap_stacked_linear,overlap,linear,item_class,c_class:log2_d:log2_rank,class x width x rank,3.76475034655365e-4,0.015169110564476382,-0.0292752842625,0.03007461548,0.5081666666666667,FALSE
overlap_stacked_linear,overlap,linear,int_margins,c_class:log2_d:log2_rank,class x width x rank,-0.022344058124960913,0.015174393558669138,-0.0521463329,0.007664520285000003,0.0715,FALSE
overlap_stacked_linear,overlap,linear,item_class,c_int:log2_d:log2_rank,interaction x width x rank,-0.09488733069586111,0.01393813292561353,-0.1221023365,-0.06753296687499999,0,TRUE
overlap_stacked_linear,overlap,linear,int_margins,c_int:log2_d:log2_rank,interaction x width x rank,-0.16730503225752777,0.013976902169988445,-0.19474799639999998,-0.13979186825,0,TRUE
