model,kind,arm,component,estimate,error,lo95,hi95,excludes_zero,rank_is_relevant
ordbeta_size_class,size,relu,class,-0.015563710895248078,0.02705259591334448,-0.06830950182500001,0.03773352935250001,FALSE,TRUE
ordbeta_size_class_linear,size,linear,class,-0.23921660844392867,0.038458642022430954,-0.31555940595,-0.16433218330000005,TRUE,TRUE
ordbeta_size_interaction,size,relu,interaction,0.5520205240642484,0.019484791276931507,0.5140275599249999,0.5903749168000001,TRUE,TRUE
ordbeta_size_interaction_linear,size,linear,interaction,0.10325832690121296,0.01645823736494214,0.0708753555,0.13542121329999995,TRUE,TRUE
ordbeta_size_item,size,relu,item,-0.07075190212487856,0.02631983816981814,-0.12323538582500002,-0.020224260224999988,TRUE,TRUE
ordbeta_size_item_linear,size,linear,item,0.2430127761950098,0.03977379448989515,0.16467278192500004,0.32044515054999995,TRUE,TRUE
overlap_int_margins,overlap,relu,int_margins,-0.3803341819299633,0.007416509065298793,-0.39489989052499996,-0.365778610525,TRUE,TRUE
overlap_int_margins_linear,overlap,linear,int_margins,0.05584286804263713,0.01376018963444354,0.02894190300000001,0.08293615682499994,TRUE,TRUE
overlap_item_class,overlap,relu,item_class,-0.4359913627233517,0.010908614857883057,-0.45722755460000003,-0.41475740643250003,TRUE,FALSE
overlap_item_class_linear,overlap,linear,item_class,-0.05238059371936329,0.009332232938436375,-0.07062202292499999,-0.0341333142875,TRUE,FALSE
