model,construction,item,class_a,class_b,n_class_a,n_class_b
znhoughton/opt-babylm-350m-20eps-seed964,pos_noun_verb,call,NOUN,VERB,23,88
znhoughton/opt-babylm-350m-20eps-seed964,pos_noun_verb,change,NOUN,VERB,30,30
znhoughton/opt-babylm-350m-20eps-seed964,pos_noun_verb,claim,NOUN,VERB,11,17
znhoughton/opt-babylm-350m-20eps-seed964,pos_noun_verb,end,NOUN,VERB,34,13
znhoughton/opt-babylm-350m-20eps-seed964,pos_noun_verb,face,NOUN,VERB,19,17
znhoughton/opt-babylm-350m-20eps-seed964,pos_noun_verb,form,NOUN,VERB,24,10
znhoughton/opt-babylm-350m-20eps-seed964,pos_noun_verb,help,NOUN,VERB,16,44
znhoughton/opt-babylm-350m-20eps-seed964,pos_noun_verb,hope,NOUN,VERB,14,28
znhoughton/opt-babylm-350m-20eps-seed964,pos_noun_verb,love,NOUN,VERB,19,30
znhoughton/opt-babylm-350m-20eps-seed964,pos_noun_verb,need,NOUN,VERB,18,86
znhoughton/opt-babylm-350m-20eps-seed964,pos_noun_verb,place,NOUN,VERB,71,12
znhoughton/opt-babylm-350m-20eps-seed964,pos_noun_verb,plan,NOUN,VERB,17,12
znhoughton/opt-babylm-350m-20eps-seed964,pos_noun_verb,play,NOUN,VERB,11,39
znhoughton/opt-babylm-350m-20eps-seed964,pos_noun_verb,post,NOUN,VERB,11,13
znhoughton/opt-babylm-350m-20eps-seed964,pos_noun_verb,report,NOUN,VERB,39,16
znhoughton/opt-babylm-350m-20eps-seed964,pos_noun_verb,result,NOUN,VERB,34,14
znhoughton/opt-babylm-350m-20eps-seed964,pos_noun_verb,show,NOUN,VERB,12,49
znhoughton/opt-babylm-350m-20eps-seed964,pos_noun_verb,study,NOUN,VERB,22,13
znhoughton/opt-babylm-350m-20eps-seed964,pos_noun_verb,support,NOUN,VERB,16,14
znhoughton/opt-babylm-350m-20eps-seed964,pos_noun_verb,talk,NOUN,VERB,12,50
znhoughton/opt-babylm-350m-20eps-seed964,pos_noun_verb,use,NOUN,VERB,18,126
znhoughton/opt-babylm-350m-20eps-seed964,pos_noun_verb,work,NOUN,VERB,74,75
znhoughton/opt-babylm-350m-20eps-seed964,pos_noun_adj,other,NOUN,ADJ,16,137
znhoughton/opt-babylm-350m-20eps-seed964,pos_noun_adj,right,NOUN,ADJ,28,35
znhoughton/opt-babylm-350m-20eps-seed964,pos_noun_verb_form,call,NOUN,VERB,20,37
znhoughton/opt-babylm-350m-20eps-seed964,pos_noun_verb_form,change,NOUN,VERB,19,15
znhoughton/opt-babylm-350m-20eps-seed964,pos_noun_verb_form,help,NOUN,VERB,16,35
znhoughton/opt-babylm-350m-20eps-seed964,pos_noun_verb_form,hope,NOUN,VERB,10,23
znhoughton/opt-babylm-350m-20eps-seed964,pos_noun_verb_form,love,NOUN,VERB,17,24
znhoughton/opt-babylm-350m-20eps-seed964,pos_noun_verb_form,need,NOUN,VERB,12,57
znhoughton/opt-babylm-350m-20eps-seed964,pos_noun_verb_form,use,NOUN,VERB,18,61
znhoughton/opt-babylm-350m-20eps-seed964,pos_noun_verb_form,work,NOUN,VERB,71,36
znhoughton/opt-babylm-350m-20eps-seed964,role_nsubj_obj,name,nsubj,obj,10,14
znhoughton/opt-babylm-350m-20eps-seed964,role_nsubj_obj,people,nsubj,obj,49,20
znhoughton/opt-babylm-350m-20eps-seed964,role_nsubj_obj,problem,nsubj,obj,10,12
znhoughton/opt-babylm-350m-20eps-seed964,role_nsubj_obj,way,nsubj,obj,10,16
znhoughton/opt-babylm-350m-20eps-seed964,metaphor,able,lit,met,49,10
znhoughton/opt-babylm-350m-20eps-seed964,metaphor,above,lit,met,35,17
znhoughton/opt-babylm-350m-20eps-seed964,metaphor,account,lit,met,10,19
znhoughton/opt-babylm-350m-20eps-seed964,metaphor,ahead,lit,met,11,12
znhoughton/opt-babylm-350m-20eps-seed964,metaphor,applications,lit,met,10,14
znhoughton/opt-babylm-350m-20eps-seed964,metaphor,approach,lit,met,23,29
znhoughton/opt-babylm-350m-20eps-seed964,metaphor,area,lit,met,68,12
znhoughton/opt-babylm-350m-20eps-seed964,metaphor,around,lit,met,38,21
znhoughton/opt-babylm-350m-20eps-seed964,metaphor,aspects,lit,met,14,10
znhoughton/opt-babylm-350m-20eps-seed964,metaphor,away,lit,met,87,37
znhoughton/opt-babylm-350m-20eps-seed964,metaphor,back,lit,met,116,124
znhoughton/opt-babylm-350m-20eps-seed964,metaphor,based,lit,met,14,17
znhoughton/opt-babylm-350m-20eps-seed964,metaphor,big,lit,met,33,16
znhoughton/opt-babylm-350m-20eps-seed964,metaphor,bit,lit,met,69,39
znhoughton/opt-babylm-350m-20eps-seed964,metaphor,bloody,lit,met,23,36
znhoughton/opt-babylm-350m-20eps-seed964,metaphor,body,lit,met,39,10
znhoughton/opt-babylm-350m-20eps-seed964,metaphor,bring,lit,met,24,16
znhoughton/opt-babylm-350m-20eps-seed964,metaphor,brought,lit,met,19,14
znhoughton/opt-babylm-350m-20eps-seed964,metaphor,call,lit,met,23,15
znhoughton/opt-babylm-350m-20eps-seed964,metaphor,called,lit,met,39,12
znhoughton/opt-babylm-350m-20eps-seed964,metaphor,came,lit,met,62,44
znhoughton/opt-babylm-350m-20eps-seed964,metaphor,centre,lit,met,24,18
znhoughton/opt-babylm-350m-20eps-seed964,metaphor,change,lit,met,60,27
znhoughton/opt-babylm-350m-20eps-seed964,metaphor,clear,lit,met,13,35
znhoughton/opt-babylm-350m-20eps-seed964,metaphor,close,lit,met,10,16
znhoughton/opt-babylm-350m-20eps-seed964,metaphor,come,lit,met,137,96
znhoughton/opt-babylm-350m-20eps-seed964,metaphor,comes,lit,met,14,23
znhoughton/opt-babylm-350m-20eps-seed964,metaphor,coming,lit,met,43,16
znhoughton/opt-babylm-350m-20eps-seed964,metaphor,course,lit,met,82,22
znhoughton/opt-babylm-350m-20eps-seed964,metaphor,cover,lit,met,13,10
znhoughton/opt-babylm-350m-20eps-seed964,metaphor,current,lit,met,26,18
znhoughton/opt-babylm-350m-20eps-seed964,metaphor,cut,lit,met,13,14
znhoughton/opt-babylm-350m-20eps-seed964,metaphor,dark,lit,met,10,12
znhoughton/opt-babylm-350m-20eps-seed964,metaphor,design,lit,met,10,18
znhoughton/opt-babylm-350m-20eps-seed964,metaphor,designed,lit,met,10,15
znhoughton/opt-babylm-350m-20eps-seed964,metaphor,direction,lit,met,23,11
znhoughton/opt-babylm-350m-20eps-seed964,metaphor,down,lit,met,118,79
znhoughton/opt-babylm-350m-20eps-seed964,metaphor,end,lit,met,33,46
znhoughton/opt-babylm-350m-20eps-seed964,metaphor,face,lit,met,59,21
znhoughton/opt-babylm-350m-20eps-seed964,metaphor,far,lit,met,36,57
znhoughton/opt-babylm-350m-20eps-seed964,metaphor,feel,lit,met,10,59
znhoughton/opt-babylm-350m-20eps-seed964,metaphor,fell,lit,met,11,10
znhoughton/opt-babylm-350m-20eps-seed964,metaphor,felt,lit,met,11,34
znhoughton/opt-babylm-350m-20eps-seed964,metaphor,field,lit,met,21,34
znhoughton/opt-babylm-350m-20eps-seed964,metaphor,fields,lit,met,12,13
znhoughton/opt-babylm-350m-20eps-seed964,metaphor,find,lit,met,28,30
znhoughton/opt-babylm-350m-20eps-seed964,metaphor,fine,lit,met,15,18
znhoughton/opt-babylm-350m-20eps-seed964,metaphor,following,lit,met,11,16
znhoughton/opt-babylm-350m-20eps-seed964,metaphor,form,lit,met,16,55
znhoughton/opt-babylm-350m-20eps-seed964,metaphor,found,lit,met,40,52
znhoughton/opt-babylm-350m-20eps-seed964,metaphor,full,lit,met,16,38
znhoughton/opt-babylm-350m-20eps-seed964,metaphor,further,lit,met,27,21
znhoughton/opt-babylm-350m-20eps-seed964,metaphor,getting,lit,met,42,23
znhoughton/opt-babylm-350m-20eps-seed964,metaphor,give,lit,met,52,67
znhoughton/opt-babylm-350m-20eps-seed964,metaphor,given,lit,met,40,49
znhoughton/opt-babylm-350m-20eps-seed964,metaphor,go,lit,met,311,94
znhoughton/opt-babylm-350m-20eps-seed964,metaphor,goes,lit,met,15,21
znhoughton/opt-babylm-350m-20eps-seed964,metaphor,going,lit,met,198,37
znhoughton/opt-babylm-350m-20eps-seed964,metaphor,gone,lit,met,21,24
znhoughton/opt-babylm-350m-20eps-seed964,metaphor,got,lit,met,277,111
znhoughton/opt-babylm-350m-20eps-seed964,metaphor,great,lit,met,37,40
znhoughton/opt-babylm-350m-20eps-seed964,metaphor,group,lit,met,48,12
znhoughton/opt-babylm-350m-20eps-seed964,metaphor,half,lit,met,62,23
znhoughton/opt-babylm-350m-20eps-seed964,metaphor,hand,lit,met,54,24
znhoughton/opt-babylm-350m-20eps-seed964,metaphor,hard,lit,met,13,35
znhoughton/opt-babylm-350m-20eps-seed964,metaphor,having,lit,met,25,22
znhoughton/opt-babylm-350m-20eps-seed964,metaphor,head,lit,met,54,13
znhoughton/opt-babylm-350m-20eps-seed964,metaphor,heart,lit,met,13,11
znhoughton/opt-babylm-350m-20eps-seed964,metaphor,held,lit,met,20,25
znhoughton/opt-babylm-350m-20eps-seed964,metaphor,help,lit,met,61,10
znhoughton/opt-babylm-350m-20eps-seed964,metaphor,here,lit,met,133,18
znhoughton/opt-babylm-350m-20eps-seed964,metaphor,high,lit,met,31,45
znhoughton/opt-babylm-350m-20eps-seed964,metaphor,hold,lit,met,17,18
znhoughton/opt-babylm-350m-20eps-seed964,metaphor,home,lit,met,102,24
znhoughton/opt-babylm-350m-20eps-seed964,metaphor,include,lit,met,17,10
znhoughton/opt-babylm-350m-20eps-seed964,metaphor,keep,lit,met,24,31
znhoughton/opt-babylm-350m-20eps-seed964,metaphor,large,lit,met,50,28
znhoughton/opt-babylm-350m-20eps-seed964,metaphor,law,lit,met,82,18
znhoughton/opt-babylm-350m-20eps-seed964,metaphor,lay,lit,met,13,15
znhoughton/opt-babylm-350m-20eps-seed964,metaphor,lead,lit,met,27,14
znhoughton/opt-babylm-350m-20eps-seed964,metaphor,leave,lit,met,34,15
znhoughton/opt-babylm-350m-20eps-seed964,metaphor,led,lit,met,10,17
znhoughton/opt-babylm-350m-20eps-seed964,metaphor,left,lit,met,52,22
znhoughton/opt-babylm-350m-20eps-seed964,metaphor,level,lit,met,10,32
znhoughton/opt-babylm-350m-20eps-seed964,metaphor,light,lit,met,46,15
znhoughton/opt-babylm-350m-20eps-seed964,metaphor,line,lit,met,11,31
znhoughton/opt-babylm-350m-20eps-seed964,metaphor,lines,lit,met,10,20
znhoughton/opt-babylm-350m-20eps-seed964,metaphor,little,lit,met,138,27
znhoughton/opt-babylm-350m-20eps-seed964,metaphor,long,lit,met,123,49
znhoughton/opt-babylm-350m-20eps-seed964,metaphor,look,lit,met,105,28
znhoughton/opt-babylm-350m-20eps-seed964,metaphor,looking,lit,met,52,19
znhoughton/opt-babylm-350m-20eps-seed964,metaphor,lot,lit,met,25,45
znhoughton/opt-babylm-350m-20eps-seed964,metaphor,low,lit,met,10,14
znhoughton/opt-babylm-350m-20eps-seed964,metaphor,made,lit,met,34,105
znhoughton/opt-babylm-350m-20eps-seed964,metaphor,make,lit,met,35,125
znhoughton/opt-babylm-350m-20eps-seed964,metaphor,making,lit,met,14,26
znhoughton/opt-babylm-350m-20eps-seed964,metaphor,market,lit,met,12,27
znhoughton/opt-babylm-350m-20eps-seed964,metaphor,mean,lit,met,214,15
znhoughton/opt-babylm-350m-20eps-seed964,metaphor,means,lit,met,22,20
znhoughton/opt-babylm-350m-20eps-seed964,metaphor,meant,lit,met,10,10
znhoughton/opt-babylm-350m-20eps-seed964,metaphor,model,lit,met,21,33
znhoughton/opt-babylm-350m-20eps-seed964,metaphor,models,lit,met,13,11
znhoughton/opt-babylm-350m-20eps-seed964,metaphor,move,lit,met,30,11
znhoughton/opt-babylm-350m-20eps-seed964,metaphor,movement,lit,met,10,13
znhoughton/opt-babylm-350m-20eps-seed964,metaphor,moving,lit,met,12,13
znhoughton/opt-babylm-350m-20eps-seed964,metaphor,nature,lit,met,23,15
znhoughton/opt-babylm-350m-20eps-seed964,metaphor,new,lit,met,170,21
znhoughton/opt-babylm-350m-20eps-seed964,metaphor,next,lit,met,42,52
znhoughton/opt-babylm-350m-20eps-seed964,metaphor,off,lit,met,76,30
znhoughton/opt-babylm-350m-20eps-seed964,metaphor,old,lit,met,76,23
znhoughton/opt-babylm-350m-20eps-seed964,metaphor,open,lit,met,26,19
znhoughton/opt-babylm-350m-20eps-seed964,metaphor,order,lit,met,26,24
znhoughton/opt-babylm-350m-20eps-seed964,metaphor,out,lit,met,199,103
znhoughton/opt-babylm-350m-20eps-seed964,metaphor,part,lit,met,32,49
znhoughton/opt-babylm-350m-20eps-seed964,metaphor,picture,lit,met,10,11
znhoughton/opt-babylm-350m-20eps-seed964,metaphor,place,lit,met,69,34
znhoughton/opt-babylm-350m-20eps-seed964,metaphor,planning,lit,met,35,16
znhoughton/opt-babylm-350m-20eps-seed964,metaphor,plant,lit,met,21,18
znhoughton/opt-babylm-350m-20eps-seed964,metaphor,point,lit,met,23,65
znhoughton/opt-babylm-350m-20eps-seed964,metaphor,potential,lit,met,36,10
znhoughton/opt-babylm-350m-20eps-seed964,metaphor,power,lit,met,40,30
znhoughton/opt-babylm-350m-20eps-seed964,metaphor,prepared,lit,met,10,11
znhoughton/opt-babylm-350m-20eps-seed964,metaphor,present,lit,met,26,15
znhoughton/opt-babylm-350m-20eps-seed964,metaphor,produced,lit,met,16,10
znhoughton/opt-babylm-350m-20eps-seed964,metaphor,put,lit,met,66,68
znhoughton/opt-babylm-350m-20eps-seed964,metaphor,putting,lit,met,14,12
znhoughton/opt-babylm-350m-20eps-seed964,metaphor,ran,lit,met,10,12
znhoughton/opt-babylm-350m-20eps-seed964,metaphor,resources,lit,met,13,17
znhoughton/opt-babylm-350m-20eps-seed964,metaphor,return,lit,met,14,15
znhoughton/opt-babylm-350m-20eps-seed964,metaphor,role,lit,met,22,23
znhoughton/opt-babylm-350m-20eps-seed964,metaphor,round,lit,met,78,21
znhoughton/opt-babylm-350m-20eps-seed964,metaphor,run,lit,met,10,26
znhoughton/opt-babylm-350m-20eps-seed964,metaphor,running,lit,met,17,14
znhoughton/opt-babylm-350m-20eps-seed964,metaphor,said,lit,met,532,14
znhoughton/opt-babylm-350m-20eps-seed964,metaphor,saw,lit,met,37,18
znhoughton/opt-babylm-350m-20eps-seed964,metaphor,say,lit,met,142,18
znhoughton/opt-babylm-350m-20eps-seed964,metaphor,says,lit,met,55,13
znhoughton/opt-babylm-350m-20eps-seed964,metaphor,scale,lit,met,11,10
znhoughton/opt-babylm-350m-20eps-seed964,metaphor,see,lit,met,199,100
znhoughton/opt-babylm-350m-20eps-seed964,metaphor,seen,lit,met,54,30
znhoughton/opt-babylm-350m-20eps-seed964,metaphor,sense,lit,met,10,22
znhoughton/opt-babylm-350m-20eps-seed964,metaphor,separate,lit,met,15,10
znhoughton/opt-babylm-350m-20eps-seed964,metaphor,serious,lit,met,15,31
znhoughton/opt-babylm-350m-20eps-seed964,metaphor,set,lit,met,33,39
znhoughton/opt-babylm-350m-20eps-seed964,metaphor,short,lit,met,18,19
znhoughton/opt-babylm-350m-20eps-seed964,metaphor,shown,lit,met,11,12
znhoughton/opt-babylm-350m-20eps-seed964,metaphor,side,lit,met,45,26
znhoughton/opt-babylm-350m-20eps-seed964,metaphor,small,lit,met,78,18
znhoughton/opt-babylm-350m-20eps-seed964,metaphor,stage,lit,met,11,26
znhoughton/opt-babylm-350m-20eps-seed964,metaphor,stand,lit,met,16,12
znhoughton/opt-babylm-350m-20eps-seed964,metaphor,structure,lit,met,10,18
znhoughton/opt-babylm-350m-20eps-seed964,metaphor,stuff,lit,met,11,11
znhoughton/opt-babylm-350m-20eps-seed964,metaphor,subject,lit,met,13,30
znhoughton/opt-babylm-350m-20eps-seed964,metaphor,system,lit,met,79,37
znhoughton/opt-babylm-350m-20eps-seed964,metaphor,take,lit,met,67,100
znhoughton/opt-babylm-350m-20eps-seed964,metaphor,taken,lit,met,22,34
znhoughton/opt-babylm-350m-20eps-seed964,metaphor,taking,lit,met,18,24
znhoughton/opt-babylm-350m-20eps-seed964,metaphor,team,lit,met,22,14
znhoughton/opt-babylm-350m-20eps-seed964,metaphor,then,lit,met,274,24
znhoughton/opt-babylm-350m-20eps-seed964,metaphor,there,lit,met,638,29
znhoughton/opt-babylm-350m-20eps-seed964,metaphor,thing,lit,met,22,72
znhoughton/opt-babylm-350m-20eps-seed964,metaphor,things,lit,met,29,66
znhoughton/opt-babylm-350m-20eps-seed964,metaphor,together,lit,met,31,16
znhoughton/opt-babylm-350m-20eps-seed964,metaphor,took,lit,met,36,53
znhoughton/opt-babylm-350m-20eps-seed964,metaphor,top,lit,met,26,20
znhoughton/opt-babylm-350m-20eps-seed964,metaphor,training,lit,met,13,12
znhoughton/opt-babylm-350m-20eps-seed964,metaphor,true,lit,met,16,14
znhoughton/opt-babylm-350m-20eps-seed964,metaphor,turn,lit,met,20,21
znhoughton/opt-babylm-350m-20eps-seed964,metaphor,turned,lit,met,32,16
znhoughton/opt-babylm-350m-20eps-seed964,metaphor,up,lit,met,201,137
znhoughton/opt-babylm-350m-20eps-seed964,metaphor,use,lit,met,129,10
znhoughton/opt-babylm-350m-20eps-seed964,metaphor,view,lit,met,21,25
znhoughton/opt-babylm-350m-20eps-seed964,metaphor,way,lit,met,47,145
znhoughton/opt-babylm-350m-20eps-seed964,metaphor,went,lit,met,90,29
znhoughton/opt-babylm-350m-20eps-seed964,metaphor,where,lit,met,169,53
znhoughton/opt-babylm-350m-20eps-seed964,metaphor,whole,lit,met,41,29
znhoughton/opt-babylm-350m-20eps-seed964,metaphor,wide,lit,met,17,16
znhoughton/opt-babylm-350m-20eps-seed964,metaphor,work,lit,met,204,29
znhoughton/opt-babylm-350m-20eps-seed964,metaphor,world,lit,met,51,30
znhoughton/opt-babylm-350m-20eps-seed964,metaphor,worth,lit,met,14,17
