d,n_total_classes,verbs_per_class,seed,model,final_loss,alignment_ratio
4,2,30,1,A,9.314160346984863,0.6512238383293152
4,2,30,1,B,9.317233085632324,1.5826427936553955
4,2,30,1,C,9.31512451171875,3.8554251194000244
4,2,30,0,A,9.336328506469727,0.8119380474090576
4,2,30,0,B,9.327245712280273,0.2044794261455536
4,2,30,0,C,9.33752727508545,3.8988125324249268
4,2,30,3,A,9.326773643493652,0.5638979077339172
4,2,30,3,B,9.30893611907959,0.18295440077781677
4,2,30,3,C,9.3204345703125,3.8466436862945557
4,2,30,2,A,9.327478408813477,0.8091130256652832
4,2,30,2,B,9.317305564880371,0.9967210292816162
4,2,30,2,C,9.32720947265625,3.752664804458618
4,2,30,4,A,9.33720874786377,0.7998000979423523
4,2,30,4,B,9.328532218933105,0.40766048431396484
4,2,30,4,C,9.337421417236328,3.7927699089050293
8,2,30,0,A,9.310022354125977,0.5160456895828247
8,2,30,0,B,9.307969093322754,0.17952728271484375
8,2,30,0,C,9.339054107666016,7.749230861663818
8,2,30,2,A,9.292799949645996,0.502638041973114
8,2,30,2,B,9.292222023010254,0.18156230449676514
8,2,30,2,C,9.330896377563477,7.694184303283691
8,2,30,4,A,9.309118270874023,0.5730440020561218
8,2,30,4,B,9.302481651306152,0.23638200759887695
8,2,30,4,C,9.350281715393066,7.647689342498779
16,2,30,3,A,9.279006004333496,0.8876504302024841
16,2,30,3,B,9.273457527160645,0.28681623935699463
16,2,30,3,C,9.335612297058105,15.499890327453613
16,2,30,1,A,9.264860153198242,0.8942537903785706
16,2,30,1,B,9.248929977416992,0.30366432666778564
16,2,30,1,C,9.32207202911377,15.61683464050293
16,2,30,4,A,9.282743453979492,0.8571879267692566
16,2,30,4,B,9.278903007507324,0.2716479003429413
16,2,30,4,C,9.34523868560791,15.36047077178955
16,2,30,0,A,9.295269966125488,0.8803877830505371
16,2,30,0,B,9.296085357666016,0.3613024652004242
16,2,30,0,C,9.351837158203125,15.582377433776855
16,2,30,2,A,9.285956382751465,0.8665093183517456
16,2,30,2,B,9.27682876586914,0.2560749351978302
16,2,30,2,C,9.33268928527832,15.709111213684082
8,2,30,1,A,9.288473129272461,0.5574005842208862
8,2,30,1,B,9.265049934387207,0.14062070846557617
8,2,30,1,C,9.314413070678711,7.816379547119141
8,2,30,3,A,9.302811622619629,0.5909441709518433
8,2,30,3,B,9.288071632385254,0.25666382908821106
8,2,30,3,C,9.327058792114258,7.754186153411865
32,2,30,0,A,9.313419342041016,0.9869932532310486
32,2,30,0,B,9.284879684448242,0.4619861841201782
32,2,30,0,C,9.352108001708984,31.11143684387207
32,2,30,1,A,9.27135181427002,1.0000001192092896
32,2,30,1,B,9.246675491333008,0.44771596789360046
32,2,30,1,C,9.326602935791016,31.044878005981445
32,2,30,3,A,9.301618576049805,1.0
32,2,30,3,B,9.262375831604004,0.442523717880249
32,2,30,3,C,9.333754539489746,31.12761116027832
32,2,30,2,A,9.304407119750977,1.0
32,2,30,2,B,9.265210151672363,0.4932209253311157
32,2,30,2,C,9.360427856445312,31.13776397705078
32,2,30,4,A,9.306065559387207,1.0000001192092896
32,2,30,4,B,9.268757820129395,0.43257007002830505
32,2,30,4,C,9.365419387817383,30.915945053100586
64,2,30,1,A,9.323391914367676,0.9999998807907104
64,2,30,1,B,9.25790786743164,0.6250514388084412
64,2,30,1,C,9.361102104187012,62.614158630371094
64,2,30,0,A,9.368887901306152,1.0
64,2,30,0,B,9.300657272338867,0.7158129811286926
64,2,30,0,C,9.35460376739502,62.071990966796875
64,2,30,2,A,9.346450805664062,1.0
64,2,30,2,B,9.272501945495605,0.6367138028144836
64,2,30,2,C,9.352930068969727,62.43096923828125
64,2,30,3,A,9.342966079711914,1.0
64,2,30,3,B,9.289170265197754,0.7447277307510376
64,2,30,3,C,9.34937572479248,60.63935470581055
64,2,30,4,A,9.361834526062012,0.9982903599739075
64,2,30,4,B,9.28605842590332,0.6608583927154541
64,2,30,4,C,9.36187744140625,61.23298645019531
128,2,30,4,A,9.453377723693848,0.9901671409606934
128,2,30,4,B,9.335099220275879,0.8099071383476257
128,2,30,4,C,9.383017539978027,124.48917388916016
128,2,30,3,A,9.437009811401367,0.9966940879821777
128,2,30,3,B,9.338689804077148,0.8108564615249634
128,2,30,3,C,9.353796005249023,122.77202606201172
128,2,30,0,A,9.45132827758789,1.0114256143569946
128,2,30,0,B,9.355622291564941,0.7999856472015381
128,2,30,0,C,9.374475479125977,125.49732208251953
128,2,30,1,A,9.41844654083252,1.028167724609375
128,2,30,1,B,9.334912300109863,0.8272891640663147
128,2,30,1,C,9.393372535705566,123.23189544677734
128,2,30,2,A,9.457755088806152,1.0048162937164307
128,2,30,2,B,9.353921890258789,0.7753463983535767
128,2,30,2,C,9.366971969604492,123.20232391357422
4,4,30,0,A,9.383872032165527,0.974467396736145
4,4,30,0,B,9.365520477294922,1.7120901346206665
4,4,30,0,C,9.359128952026367,3.8659961223602295
4,4,30,1,A,9.37213134765625,1.2227176427841187
4,4,30,1,B,9.351327896118164,1.2702654600143433
4,4,30,1,C,9.354395866394043,3.769821882247925
4,4,30,2,A,9.376420021057129,1.3500087261199951
4,4,30,2,B,9.359918594360352,2.125156879425049
4,4,30,2,C,9.346182823181152,3.913665533065796
4,4,30,4,A,9.39034366607666,0.9868851900100708
4,4,30,4,B,9.367464065551758,2.0467240810394287
4,4,30,4,C,9.364545822143555,3.883615493774414
4,4,30,3,A,9.382965087890625,1.130264163017273
4,4,30,3,B,9.368864059448242,1.6058197021484375
4,4,30,3,C,9.358033180236816,3.8271045684814453
8,4,30,2,A,9.350337028503418,0.7688825726509094
8,4,30,2,B,9.327310562133789,0.43275514245033264
8,4,30,2,C,9.347601890563965,7.684260845184326
8,4,30,1,A,9.340494155883789,0.7616157531738281
8,4,30,1,B,9.32903003692627,0.17200882732868195
8,4,30,1,C,9.338854789733887,7.751224517822266
8,4,30,0,A,9.367048263549805,0.7831647992134094
8,4,30,0,B,9.345416069030762,0.4954829812049866
8,4,30,0,C,9.35239028930664,7.738344192504883
8,4,30,3,A,9.354769706726074,0.881227970123291
8,4,30,3,B,9.333513259887695,0.3180469572544098
8,4,30,3,C,9.345197677612305,7.806931972503662
8,4,30,4,A,9.362626075744629,0.7360182404518127
8,4,30,4,B,9.358402252197266,0.4953337013721466
8,4,30,4,C,9.35389518737793,7.749565601348877
16,4,30,0,A,9.3549222946167,0.8041132688522339
16,4,30,0,B,9.327945709228516,0.3463147282600403
16,4,30,0,C,9.361956596374512,15.25809097290039
16,4,30,1,A,9.326764106750488,0.8160250186920166
16,4,30,1,B,9.299221992492676,0.3051082491874695
16,4,30,1,C,9.349077224731445,15.160747528076172
16,4,30,4,A,9.353124618530273,0.8790122270584106
16,4,30,4,B,9.328747749328613,0.2916490137577057
16,4,30,4,C,9.36176586151123,15.43426513671875
16,4,30,2,A,9.340638160705566,0.8446239829063416
16,4,30,2,B,9.315783500671387,0.360860139131546
16,4,30,2,C,9.343297004699707,15.447733879089355
16,4,30,3,A,9.339750289916992,0.906078577041626
16,4,30,3,B,9.317294120788574,0.2589351534843445
16,4,30,3,C,9.352404594421387,15.225789070129395
32,4,30,2,A,9.354878425598145,0.9347786903381348
32,4,30,2,B,9.308064460754395,0.6034668684005737
32,4,30,2,C,9.361568450927734,31.182336807250977
32,4,30,0,A,9.364636421203613,0.9762297868728638
32,4,30,0,B,9.319992065429688,0.472365140914917
32,4,30,0,C,9.368921279907227,31.003381729125977
32,4,30,4,A,9.364785194396973,0.963208019733429
32,4,30,4,B,9.327183723449707,0.4651601016521454
32,4,30,4,C,9.366525650024414,31.219635009765625
32,4,30,1,A,9.343450546264648,0.9999999403953552
32,4,30,1,B,9.311670303344727,0.5539315342903137
32,4,30,1,C,9.345915794372559,31.00890350341797
32,4,30,3,A,9.364731788635254,0.9720470309257507
32,4,30,3,B,9.319377899169922,0.42172494530677795
32,4,30,3,C,9.351410865783691,30.9653377532959
64,4,30,0,A,9.421411514282227,0.9903956055641174
64,4,30,0,B,9.349108695983887,0.5982125997543335
64,4,30,0,C,9.386078834533691,62.319095611572266
64,4,30,2,A,9.408699989318848,0.9805797934532166
64,4,30,2,B,9.328460693359375,0.5995608568191528
64,4,30,2,C,9.364312171936035,62.215877532958984
64,4,30,1,A,9.397424697875977,0.9868384003639221
64,4,30,1,B,9.332212448120117,0.6749972105026245
64,4,30,1,C,9.371809959411621,61.66092300415039
64,4,30,4,A,9.42313003540039,1.000000238418579
64,4,30,4,B,9.35364055633545,0.6505064368247986
64,4,30,4,C,9.414941787719727,62.242820739746094
64,4,30,3,A,9.422041893005371,0.984148383140564
64,4,30,3,B,9.33647632598877,0.6136322617530823
64,4,30,3,C,9.380151748657227,61.04082107543945
128,4,30,0,A,9.540740966796875,1.0004578828811646
128,4,30,0,B,9.435211181640625,0.8662804961204529
128,4,30,0,C,9.40634536743164,125.59324645996094
128,4,30,1,A,9.527670860290527,0.9857671856880188
128,4,30,1,B,9.417435646057129,0.7651325464248657
128,4,30,1,C,9.391901016235352,123.49288177490234
128,4,30,2,A,9.519649505615234,0.97389155626297
128,4,30,2,B,9.410171508789062,0.7300391793251038
128,4,30,2,C,9.404471397399902,124.1154556274414
128,4,30,3,A,9.527070045471191,0.9984882473945618
128,4,30,3,B,9.414793014526367,0.7716302871704102
128,4,30,3,C,9.41177749633789,122.96839904785156
128,4,30,4,A,9.535003662109375,1.005554437637329
128,4,30,4,B,9.422253608703613,0.7634240984916687
128,4,30,4,C,9.401446342468262,122.98872375488281
4,8,30,0,A,9.451017379760742,1.210434913635254
4,8,30,0,B,9.433572769165039,1.4280469417572021
4,8,30,0,C,9.418425559997559,3.881197929382324
4,8,30,1,A,9.450662612915039,1.1428974866867065
4,8,30,1,B,9.431824684143066,0.9213016629219055
4,8,30,1,C,9.424572944641113,3.8575217723846436
4,8,30,4,A,9.444522857666016,1.0609582662582397
4,8,30,4,B,9.425195693969727,1.8429055213928223
4,8,30,4,C,9.412662506103516,3.83408260345459
4,8,30,3,A,9.4425048828125,0.9426408410072327
4,8,30,3,B,9.412394523620605,0.6026661992073059
4,8,30,3,C,9.413114547729492,3.7852718830108643
4,8,30,2,A,9.44400405883789,1.1866779327392578
4,8,30,2,B,9.418383598327637,1.981721043586731
4,8,30,2,C,9.403462409973145,3.718975305557251
8,8,30,0,A,9.414392471313477,0.9745154976844788
8,8,30,0,B,9.391226768493652,1.0554388761520386
8,8,30,0,C,9.375711441040039,7.725793838500977
8,8,30,1,A,9.411704063415527,1.1310244798660278
8,8,30,1,B,9.386832237243652,1.5029714107513428
8,8,30,1,C,9.381943702697754,7.730188369750977
8,8,30,2,A,9.4020357131958,1.0043022632598877
8,8,30,2,B,9.381681442260742,1.031726360321045
8,8,30,2,C,9.358569145202637,7.612509250640869
8,8,30,3,A,9.402400970458984,0.9693980813026428
8,8,30,3,B,9.384525299072266,0.8628859519958496
8,8,30,3,C,9.369001388549805,7.770116806030273
8,8,30,4,A,9.400858879089355,1.1343778371810913
8,8,30,4,B,9.381296157836914,0.7142960429191589
8,8,30,4,C,9.362970352172852,7.809075355529785
16,8,30,0,A,9.406754493713379,0.9953168630599976
16,8,30,0,B,9.37680721282959,0.31551241874694824
16,8,30,0,C,9.380212783813477,15.400690078735352
16,8,30,1,A,9.412639617919922,0.999157726764679
16,8,30,1,B,9.373291015625,0.4290808439254761
16,8,30,1,C,9.38064193725586,15.113883972167969
16,8,30,2,A,9.400060653686523,1.007874608039856
16,8,30,2,B,9.355631828308105,0.3804875612258911
16,8,30,2,C,9.364590644836426,15.508625030517578
16,8,30,3,A,9.398934364318848,0.968069314956665
16,8,30,3,B,9.365463256835938,0.5412214994430542
16,8,30,3,C,9.373740196228027,15.627845764160156
16,8,30,4,A,9.404950141906738,1.013697624206543
16,8,30,4,B,9.365124702453613,0.2872699797153473
16,8,30,4,C,9.36325740814209,15.526662826538086
32,8,30,0,A,9.433646202087402,1.0075658559799194
32,8,30,0,B,9.376303672790527,0.4277016222476959
32,8,30,0,C,9.38882827758789,30.907564163208008
32,8,30,2,A,9.425368309020996,0.9680036902427673
32,8,30,2,B,9.35755729675293,0.3894932270050049
32,8,30,2,C,9.381623268127441,31.26352310180664
32,8,30,1,A,9.437458992004395,0.9999899864196777
32,8,30,1,B,9.373401641845703,0.45353174209594727
32,8,30,1,C,9.391205787658691,31.077991485595703
32,8,30,3,A,9.425398826599121,0.9612373113632202
32,8,30,3,B,9.367426872253418,0.47274136543273926
32,8,30,3,C,9.380635261535645,30.451448440551758
32,8,30,4,A,9.42756462097168,0.9993370175361633
32,8,30,4,B,9.3657808303833,0.4786789119243622
32,8,30,4,C,9.379531860351562,30.64866828918457
64,8,30,0,A,9.507185935974121,1.0100213289260864
64,8,30,0,B,9.422831535339355,0.6146016120910645
64,8,30,0,C,9.42184829711914,62.24677658081055
64,8,30,1,A,9.50278377532959,1.0039595365524292
64,8,30,1,B,9.410225868225098,0.6414156556129456
64,8,30,1,C,9.40467643737793,62.4562873840332
64,8,30,2,A,9.495919227600098,0.9938818216323853
64,8,30,2,B,9.404038429260254,0.6542829275131226
64,8,30,2,C,9.398272514343262,62.219627380371094
64,8,30,3,A,9.497241020202637,1.0032089948654175
64,8,30,3,B,9.412793159484863,0.6538033485412598
64,8,30,3,C,9.409716606140137,62.696598052978516
64,8,30,4,A,9.503332138061523,0.9970805644989014
64,8,30,4,B,9.418927192687988,0.6404976844787598
64,8,30,4,C,9.395574569702148,62.00242233276367
4,12,30,0,A,9.481025695800781,1.6318312883377075
4,12,30,0,B,9.465439796447754,0.3068496882915497
4,12,30,0,C,9.448718070983887,3.8150827884674072
4,12,30,2,A,9.486749649047852,0.9999999403953552
4,12,30,2,B,9.45866870880127,2.0892751216888428
4,12,30,2,C,9.442294120788574,3.891256093978882
4,12,30,1,A,9.48641300201416,0.6076731085777283
4,12,30,1,B,9.478974342346191,0.7733372449874878
4,12,30,1,C,9.455184936523438,3.848336696624756
4,12,30,3,A,9.482946395874023,1.2857791185379028
4,12,30,3,B,9.45248031616211,0.9806158542633057
4,12,30,3,C,9.451400756835938,3.7993412017822266
4,12,30,4,A,9.48125171661377,0.9884845018386841
4,12,30,4,B,9.468683242797852,1.2575273513793945
4,12,30,4,C,9.448278427124023,3.848701000213623
128,8,30,1,A,9.65543270111084,0.9859997630119324
128,8,30,1,B,9.503360748291016,0.8206081390380859
128,8,30,1,C,9.45386791229248,122.7346420288086
128,8,30,2,A,9.635663032531738,1.0048741102218628
128,8,30,2,B,9.49620532989502,0.8101349472999573
128,8,30,2,C,9.442846298217773,124.30076599121094
128,8,30,0,A,9.644033432006836,1.0121839046478271
128,8,30,0,B,9.520669937133789,0.7542772889137268
128,8,30,0,C,9.44082260131836,124.35694122314453
128,8,30,3,A,9.647525787353516,0.9998149871826172
128,8,30,3,B,9.48741340637207,0.7888993620872498
128,8,30,3,C,9.457357406616211,123.39338684082031
128,8,30,4,A,9.648829460144043,1.012302279472351
128,8,30,4,B,9.514772415161133,0.7370539307594299
128,8,30,4,C,9.439806938171387,124.41631317138672
8,12,30,0,A,9.445796966552734,0.9934836626052856
8,12,30,0,B,9.422945022583008,0.8099678754806519
8,12,30,0,C,9.388131141662598,7.685732364654541
8,12,30,1,A,9.438663482666016,0.8882248997688293
8,12,30,1,B,9.405584335327148,1.2315196990966797
8,12,30,1,C,9.389405250549316,7.7052388191223145
8,12,30,3,A,9.435226440429688,1.0542328357696533
8,12,30,3,B,9.410574913024902,1.1527268886566162
8,12,30,3,C,9.387513160705566,7.750547409057617
8,12,30,4,A,9.442161560058594,1.1082663536071777
8,12,30,4,B,9.411321640014648,0.5095053911209106
8,12,30,4,C,9.384400367736816,7.801926612854004
8,12,30,2,A,9.438445091247559,1.1138204336166382
8,12,30,2,B,9.40457534790039,1.4340821504592896
8,12,30,2,C,9.384790420532227,7.636262893676758
16,12,30,2,A,9.435789108276367,0.9162861108779907
16,12,30,2,B,9.394246101379395,0.5217584371566772
16,12,30,2,C,9.372703552246094,15.227865219116211
16,12,30,0,A,9.439140319824219,1.0278606414794922
16,12,30,0,B,9.40121078491211,0.34302279353141785
16,12,30,0,C,9.38636589050293,15.546950340270996
16,12,30,1,A,9.444674491882324,0.9734039902687073
16,12,30,1,B,9.39704418182373,0.581122636795044
16,12,30,1,C,9.387648582458496,15.282925605773926
16,12,30,3,A,9.435639381408691,0.9851064682006836
16,12,30,3,B,9.401298522949219,0.6073864698410034
16,12,30,3,C,9.383338928222656,15.376893997192383
16,12,30,4,A,9.442472457885742,0.9698992967605591
16,12,30,4,B,9.402164459228516,0.6416847109794617
16,12,30,4,C,9.385729789733887,15.37275218963623
32,12,30,0,A,9.47415828704834,0.9793121814727783
32,12,30,0,B,9.400775909423828,0.41930103302001953
32,12,30,0,C,9.393414497375488,30.965513229370117
32,12,30,2,A,9.466471672058105,0.989317774772644
32,12,30,2,B,9.391758918762207,0.4183097779750824
32,12,30,2,C,9.39796257019043,30.796998977661133
32,12,30,1,A,9.471397399902344,1.0000001192092896
32,12,30,1,B,9.403243064880371,0.4110419750213623
32,12,30,1,C,9.393362998962402,31.145137786865234
32,12,30,4,A,9.474287033081055,0.976202666759491
32,12,30,4,B,9.402532577514648,0.49065396189689636
32,12,30,4,C,9.39909839630127,31.14012336730957
32,12,30,3,A,9.475544929504395,0.9183565974235535
32,12,30,3,B,9.402466773986816,0.41478314995765686
32,12,30,3,C,9.39081859588623,31.086280822753906
64,12,30,2,A,9.553888320922852,0.9958348274230957
64,12,30,2,B,9.446061134338379,0.636830747127533
64,12,30,2,C,9.431612968444824,61.530948638916016
64,12,30,3,A,9.551608085632324,0.9834486246109009
64,12,30,3,B,9.44240951538086,0.5931963324546814
64,12,30,3,C,9.443680763244629,62.294944763183594
64,12,30,0,A,9.5663423538208,1.0068988800048828
64,12,30,0,B,9.4522123336792,0.5709373950958252
64,12,30,0,C,9.439284324645996,62.626556396484375
64,12,30,1,A,9.56129264831543,0.987433135509491
64,12,30,1,B,9.452437400817871,0.5988900661468506
64,12,30,1,C,9.437539100646973,60.91926193237305
64,12,30,4,A,9.561683654785156,0.996787428855896
64,12,30,4,B,9.456915855407715,0.7058029174804688
64,12,30,4,C,9.441377639770508,62.586544036865234
4,16,30,2,A,9.510851860046387,1.0977646112442017
4,16,30,2,B,9.49240493774414,1.9539284706115723
4,16,30,2,C,9.478519439697266,3.8975515365600586
4,16,30,4,A,9.509572982788086,1.0446224212646484
4,16,30,4,B,9.492679595947266,1.8437395095825195
4,16,30,4,C,9.478428840637207,3.8520703315734863
4,16,30,3,A,9.517586708068848,1.1611236333847046
4,16,30,3,B,9.500682830810547,1.383758783340454
4,16,30,3,C,9.471797943115234,3.8252933025360107
4,16,30,0,A,9.514837265014648,1.0590609312057495
4,16,30,0,B,9.495439529418945,1.5384546518325806
4,16,30,0,C,9.469714164733887,3.869488477706909
4,16,30,1,A,9.511515617370605,0.912453830242157
4,16,30,1,B,9.497668266296387,2.363574266433716
4,16,30,1,C,9.472665786743164,3.9063572883605957
8,16,30,0,A,9.46389102935791,0.9319350123405457
8,16,30,0,B,9.43310260772705,0.9933227300643921
8,16,30,0,C,9.412293434143066,7.756903648376465
8,16,30,1,A,9.468506813049316,0.9705593585968018
8,16,30,1,B,9.432469367980957,1.430742621421814
8,16,30,1,C,9.408188819885254,7.736613750457764
8,16,30,2,A,9.46505355834961,1.171933889389038
8,16,30,2,B,9.422080039978027,0.9876297116279602
8,16,30,2,C,9.410992622375488,7.679417610168457
8,16,30,3,A,9.467255592346191,1.2034238576889038
8,16,30,3,B,9.438528060913086,0.8137162327766418
8,16,30,3,C,9.408872604370117,7.799620151519775
8,16,30,4,A,9.467727661132812,1.0414769649505615
8,16,30,4,B,9.43790054321289,1.4054224491119385
8,16,30,4,C,9.411479949951172,7.836838722229004
128,12,30,1,A,9.720019340515137,1.011574625968933
128,12,30,1,B,9.560639381408691,0.7890666723251343
128,12,30,1,C,9.49717903137207,123.97601318359375
128,12,30,2,A,9.714542388916016,1.013819694519043
128,12,30,2,B,9.548101425170898,0.8627378344535828
128,12,30,2,C,9.455292701721191,124.12332916259766
128,12,30,0,A,9.718862533569336,1.0052164793014526
128,12,30,0,B,9.570873260498047,0.790888249874115
128,12,30,0,C,9.471586227416992,122.92060852050781
128,12,30,3,A,9.71843433380127,0.9968728423118591
128,12,30,3,B,9.545126914978027,0.7959499955177307
128,12,30,3,C,9.48459529876709,124.7043228149414
128,12,30,4,A,9.716658592224121,1.0038753747940063
128,12,30,4,B,9.550854682922363,0.7659995555877686
128,12,30,4,C,9.486998558044434,123.0860824584961
16,16,30,1,A,9.472335815429688,0.9543822407722473
16,16,30,1,B,9.425661087036133,0.5287870168685913
16,16,30,1,C,9.405722618103027,15.378582954406738
16,16,30,0,A,9.467123985290527,0.9917944073677063
16,16,30,0,B,9.421555519104004,0.7866657376289368
16,16,30,0,C,9.397408485412598,15.465563774108887
16,16,30,2,A,9.46314525604248,1.00282621383667
16,16,30,2,B,9.42546558380127,0.8479927182197571
16,16,30,2,C,9.391196250915527,15.289800643920898
16,16,30,3,A,9.465868949890137,0.9801023006439209
16,16,30,3,B,9.432186126708984,0.8628718852996826
16,16,30,3,C,9.390432357788086,15.328465461730957
16,16,30,4,A,9.467345237731934,1.0101697444915771
16,16,30,4,B,9.429696083068848,0.5735383033752441
16,16,30,4,C,9.400644302368164,15.421913146972656
32,16,30,0,A,9.508788108825684,0.9861634969711304
32,16,30,0,B,9.431604385375977,0.5210766792297363
32,16,30,0,C,9.412145614624023,30.666316986083984
32,16,30,1,A,9.508976936340332,1.0094808340072632
32,16,30,1,B,9.430569648742676,0.49103835225105286
32,16,30,1,C,9.406717300415039,30.769718170166016
32,16,30,2,A,9.500271797180176,0.9973384737968445
32,16,30,2,B,9.420889854431152,0.5298017859458923
32,16,30,2,C,9.403836250305176,30.7149600982666
32,16,30,3,A,9.507927894592285,1.0054755210876465
32,16,30,3,B,9.430026054382324,0.4635274112224579
32,16,30,3,C,9.408960342407227,30.639041900634766
32,16,30,4,A,9.507110595703125,1.0012109279632568
32,16,30,4,B,9.422883987426758,0.4676556885242462
32,16,30,4,C,9.408352851867676,30.949018478393555
64,16,30,2,A,9.602309226989746,1.0200695991516113
64,16,30,2,B,9.476790428161621,0.6125845909118652
64,16,30,2,C,9.43201732635498,62.69618225097656
64,16,30,1,A,9.604989051818848,1.0235153436660767
64,16,30,1,B,9.489371299743652,0.6140492558479309
64,16,30,1,C,9.43910026550293,62.28950119018555
64,16,30,0,A,9.602571487426758,0.9995039105415344
64,16,30,0,B,9.477276802062988,0.6361677050590515
64,16,30,0,C,9.446890830993652,62.20680618286133
64,16,30,3,A,9.607969284057617,0.9876550436019897
64,16,30,3,B,9.481176376342773,0.5450728535652161
64,16,30,3,C,9.45181655883789,62.12334060668945
64,16,30,4,A,9.600162506103516,1.0019049644470215
64,16,30,4,B,9.484551429748535,0.6417093873023987
64,16,30,4,C,9.440320014953613,61.53553009033203
4,20,30,1,A,9.534672737121582,1.106253981590271
4,20,30,1,B,9.521581649780273,0.41751211881637573
4,20,30,1,C,9.496875762939453,3.8800792694091797
4,20,30,0,A,9.525315284729004,0.9374488592147827
4,20,30,0,B,9.513236045837402,1.6332069635391235
4,20,30,0,C,9.489053726196289,3.8927364349365234
4,20,30,3,A,9.541253089904785,0.9975282549858093
4,20,30,3,B,9.517945289611816,0.40339478850364685
4,20,30,3,C,9.498197555541992,3.889024496078491
4,20,30,2,A,9.525715827941895,1.0803015232086182
4,20,30,2,B,9.508933067321777,0.4664566218852997
4,20,30,2,C,9.488490104675293,3.8462576866149902
4,20,30,4,A,9.536157608032227,0.9344813823699951
4,20,30,4,B,9.519919395446777,1.8866245746612549
4,20,30,4,C,9.493099212646484,3.8934600353240967
8,20,30,2,A,9.48459529876709,1.1037802696228027
8,20,30,2,B,9.454593658447266,1.831163763999939
8,20,30,2,C,9.43319320678711,7.781904697418213
8,20,30,1,A,9.488297462463379,0.9640371203422546
8,20,30,1,B,9.464902877807617,1.2252591848373413
8,20,30,1,C,9.429412841796875,7.757288455963135
8,20,30,0,A,9.4818696975708,1.0958296060562134
8,20,30,0,B,9.450234413146973,1.2096805572509766
8,20,30,0,C,9.419798851013184,7.829526901245117
8,20,30,3,A,9.491209983825684,1.1124826669692993
8,20,30,3,B,9.455879211425781,1.7145848274230957
8,20,30,3,C,9.42870044708252,7.731623649597168
8,20,30,4,A,9.485374450683594,1.2057238817214966
8,20,30,4,B,9.45573902130127,1.3156425952911377
8,20,30,4,C,9.419170379638672,7.728798866271973
128,16,30,3,A,9.76380443572998,1.0068742036819458
128,16,30,3,B,9.603838920593262,0.7865482568740845
128,16,30,3,C,9.493938446044922,124.12975311279297
128,16,30,4,A,9.77169418334961,1.0245728492736816
128,16,30,4,B,9.610864639282227,0.7853026390075684
128,16,30,4,C,9.495194435119629,123.87153625488281
128,16,30,0,A,9.774616241455078,1.0073610544204712
128,16,30,0,B,9.605863571166992,0.7621458172798157
128,16,30,0,C,9.500720024108887,122.87826538085938
128,16,30,2,A,9.770978927612305,1.035718321800232
128,16,30,2,B,9.598749160766602,0.7737221121788025
128,16,30,2,C,9.48488998413086,123.02046966552734
128,16,30,1,A,9.766918182373047,1.0406702756881714
128,16,30,1,B,9.60589599609375,0.7733292579650879
128,16,30,1,C,9.505193710327148,124.50482940673828
16,20,30,1,A,9.491429328918457,0.9953605532646179
16,20,30,1,B,9.447829246520996,0.6041646003723145
16,20,30,1,C,9.421856880187988,15.453912734985352
16,20,30,0,A,9.490510940551758,0.9694469571113586
16,20,30,0,B,9.434701919555664,0.7978993058204651
16,20,30,0,C,9.40320110321045,15.486997604370117
16,20,30,3,A,9.488266944885254,1.0
16,20,30,3,B,9.443923950195312,0.3443138003349304
16,20,30,3,C,9.419394493103027,15.372657775878906
16,20,30,2,A,9.49058723449707,1.050637125968933
16,20,30,2,B,9.436534881591797,0.5985759496688843
16,20,30,2,C,9.405932426452637,15.471939086914062
16,20,30,4,A,9.491814613342285,1.0519546270370483
16,20,30,4,B,9.438434600830078,0.6443638205528259
16,20,30,4,C,9.40530776977539,15.240711212158203
32,20,30,1,A,9.534177780151367,0.9915926456451416
32,20,30,1,B,9.451350212097168,0.46950265765190125
32,20,30,1,C,9.425704956054688,31.11063003540039
32,20,30,2,A,9.525562286376953,0.9802060127258301
32,20,30,2,B,9.442113876342773,0.541634202003479
32,20,30,2,C,9.410650253295898,31.207719802856445
32,20,30,0,A,9.523992538452148,0.9821651577949524
32,20,30,0,B,9.440555572509766,0.4529711604118347
32,20,30,0,C,9.417513847351074,31.105628967285156
32,20,30,3,A,9.537859916687012,1.0042301416397095
32,20,30,3,B,9.46085262298584,0.489917129278183
32,20,30,3,C,9.42831039428711,31.197017669677734
32,20,30,4,A,9.533040046691895,1.0582319498062134
32,20,30,4,B,9.44947624206543,0.686607837677002
32,20,30,4,C,9.423232078552246,30.78026008605957
64,20,30,0,A,9.6248779296875,0.9806182384490967
64,20,30,0,B,9.493213653564453,0.6187745928764343
64,20,30,0,C,9.436083793640137,62.319087982177734
64,20,30,1,A,9.644987106323242,1.0014487504959106
64,20,30,1,B,9.503093719482422,0.6005524396896362
64,20,30,1,C,9.45591926574707,61.26057434082031
64,20,30,2,A,9.636388778686523,1.0685073137283325
64,20,30,2,B,9.498242378234863,0.6065314412117004
64,20,30,2,C,9.456892967224121,62.25623321533203
64,20,30,3,A,9.647628784179688,1.0055218935012817
64,20,30,3,B,9.51098346710205,0.6984295845031738
64,20,30,3,C,9.462176322937012,61.92829132080078
64,20,30,4,A,9.637307167053223,0.9998235702514648
64,20,30,4,B,9.50947093963623,0.6046913862228394
64,20,30,4,C,9.463464736938477,61.49404525756836
4,60,30,1,A,9.61059856414795,1.025666356086731
4,60,30,1,B,9.597847938537598,1.3785808086395264
4,60,30,1,C,9.573439598083496,3.8872549533843994
4,60,30,3,A,9.614520072937012,1.0000001192092896
4,60,30,3,B,9.599162101745605,1.866231918334961
4,60,30,3,C,9.575126647949219,3.8766028881073
4,60,30,2,A,9.6145658493042,1.0960355997085571
4,60,30,2,B,9.60214614868164,0.9677833914756775
4,60,30,2,C,9.580413818359375,3.884364366531372
4,60,30,0,A,9.612968444824219,1.4218741655349731
4,60,30,0,B,9.593464851379395,1.507917881011963
4,60,30,0,C,9.572053909301758,3.907153606414795
4,60,30,4,A,9.611396789550781,1.2261537313461304
4,60,30,4,B,9.600112915039062,1.3591927289962769
4,60,30,4,C,9.580361366271973,3.8903985023498535
8,60,30,0,A,9.615093231201172,1.0002702474594116
8,60,30,0,B,9.575139999389648,1.337331771850586
8,60,30,0,C,9.532937049865723,7.831766605377197
8,60,30,1,A,9.62182331085205,0.9837530255317688
8,60,30,1,B,9.57736873626709,1.82571280002594
8,60,30,1,C,9.549009323120117,7.829733371734619
128,20,30,0,A,9.8146390914917,1.0164051055908203
128,20,30,0,B,9.626209259033203,0.7636280059814453
128,20,30,0,C,9.52159309387207,122.10523223876953
128,20,30,1,A,9.818163871765137,1.0195939540863037
128,20,30,1,B,9.630232810974121,0.7906233072280884
128,20,30,1,C,9.523262023925781,124.61744689941406
8,60,30,2,A,9.620209693908691,1.1129463911056519
8,60,30,2,B,9.574228286743164,0.9344514012336731
8,60,30,2,C,9.534732818603516,7.687924861907959
8,60,30,3,A,9.616410255432129,1.107596516609192
8,60,30,3,B,9.579197883605957,1.4777840375900269
8,60,30,3,C,9.533581733703613,7.791733741760254
8,60,30,4,A,9.61802864074707,1.0712429285049438
8,60,30,4,B,9.574437141418457,1.440191388130188
8,60,30,4,C,9.536312103271484,7.819348335266113
128,20,30,2,A,9.812518119812012,1.0352551937103271
128,20,30,2,B,9.641046524047852,0.7313909530639648
128,20,30,2,C,9.51894474029541,125.42320251464844
128,20,30,3,A,9.81995964050293,1.0173765420913696
128,20,30,3,B,9.645249366760254,0.7064473628997803
128,20,30,3,C,9.524648666381836,123.1187744140625
128,20,30,4,A,9.816950798034668,0.9993383288383484
128,20,30,4,B,9.63481616973877,0.7965299487113953
128,20,30,4,C,9.520417213439941,125.1511459350586
16,60,30,0,A,9.635892868041992,1.0341893434524536
16,60,30,0,B,9.558869361877441,0.892525851726532
16,60,30,0,C,9.495978355407715,15.769397735595703
16,60,30,1,A,9.63758659362793,1.185397744178772
16,60,30,1,B,9.559137344360352,0.8959925770759583
16,60,30,1,C,9.503643989562988,15.541473388671875
16,60,30,2,A,9.635544776916504,1.0021294355392456
16,60,30,2,B,9.56304931640625,1.0368746519088745
16,60,30,2,C,9.506451606750488,15.523356437683105
16,60,30,3,A,9.633770942687988,1.0786303281784058
16,60,30,3,B,9.56432819366455,1.2320271730422974
16,60,30,3,C,9.497367858886719,15.587711334228516
16,60,30,4,A,9.640838623046875,1.010504126548767
16,60,30,4,B,9.5554838180542,1.344706654548645
16,60,30,4,C,9.50639533996582,15.509725570678711
32,60,30,0,A,9.697541236877441,1.0015836954116821
32,60,30,0,B,9.571538925170898,0.5275287628173828
32,60,30,0,C,9.494675636291504,30.494287490844727
32,60,30,1,A,9.704776763916016,1.1092097759246826
32,60,30,1,B,9.581401824951172,0.6314921379089355
32,60,30,1,C,9.495574951171875,31.254247665405273
32,60,30,2,A,9.70305347442627,1.0022801160812378
32,60,30,2,B,9.57809829711914,0.931534469127655
32,60,30,2,C,9.500540733337402,31.253089904785156
32,60,30,3,A,9.696918487548828,1.0184879302978516
32,60,30,3,B,9.57408332824707,0.4671841859817505
32,60,30,3,C,9.492748260498047,30.90771484375
32,60,30,4,A,9.703398704528809,0.9917325377464294
32,60,30,4,B,9.578126907348633,0.7428338527679443
32,60,30,4,C,9.495227813720703,30.323806762695312
64,60,30,1,A,9.848102569580078,1.008033037185669
64,60,30,1,B,9.664186477661133,0.6048139929771423
64,60,30,1,C,9.538816452026367,61.76834487915039
64,60,30,0,A,9.854742050170898,0.9868648648262024
64,60,30,0,B,9.656840324401855,0.6925579309463501
64,60,30,0,C,9.53486156463623,61.0567512512207
64,60,30,2,A,9.852413177490234,1.0577343702316284
64,60,30,2,B,9.658035278320312,0.5980761051177979
64,60,30,2,C,9.523544311523438,62.54158020019531
64,60,30,3,A,9.85262393951416,1.021423578262329
64,60,30,3,B,9.661442756652832,0.8391306400299072
64,60,30,3,C,9.5392427444458,61.61069869995117
64,60,30,4,A,9.846736907958984,1.0199538469314575
64,60,30,4,B,9.65271282196045,0.8934551477432251
64,60,30,4,C,9.543418884277344,62.24333190917969
4,100,30,0,A,9.645726203918457,1.000332236289978
4,100,30,0,B,9.619532585144043,1.5414046049118042
4,100,30,0,C,9.60120964050293,3.8930983543395996
4,100,30,1,A,9.647753715515137,0.9521031975746155
4,100,30,1,B,9.621586799621582,1.4170308113098145
4,100,30,1,C,9.599470138549805,3.869309186935425
4,100,30,2,A,9.64565372467041,1.003301739692688
4,100,30,2,B,9.625450134277344,1.187035083770752
4,100,30,2,C,9.59689998626709,3.8415048122406006
4,100,30,3,A,9.642786026000977,0.9559940099716187
4,100,30,3,B,9.620409965515137,1.5122826099395752
4,100,30,3,C,9.593039512634277,3.904155731201172
4,100,30,4,A,9.644757270812988,0.9999998807907104
4,100,30,4,B,9.630459785461426,0.5854301452636719
4,100,30,4,C,9.597718238830566,3.8836727142333984
8,100,30,1,A,9.6727933883667,0.9994494318962097
8,100,30,1,B,9.621482849121094,1.5166901350021362
8,100,30,1,C,9.585813522338867,7.805482387542725
8,100,30,0,A,9.671279907226562,1.0
8,100,30,0,B,9.617143630981445,0.690913736820221
8,100,30,0,C,9.58311939239502,7.82757043838501
8,100,30,2,A,9.67014217376709,1.0314301252365112
8,100,30,2,B,9.620362281799316,0.9541663527488708
8,100,30,2,C,9.585957527160645,7.749014854431152
8,100,30,3,A,9.671674728393555,0.9915146827697754
8,100,30,3,B,9.620590209960938,0.35926753282546997
8,100,30,3,C,9.589372634887695,7.777434349060059
8,100,30,4,A,9.665902137756348,1.0394961833953857
8,100,30,4,B,9.618523597717285,1.1962188482284546
8,100,30,4,C,9.583474159240723,7.800422668457031
128,60,30,3,A,10.035175323486328,1.0329885482788086
128,60,30,3,B,9.845529556274414,0.778301477432251
128,60,30,3,C,9.62224292755127,124.09535217285156
128,60,30,0,A,10.042454719543457,1.019240379333496
128,60,30,0,B,9.84817886352539,0.7853837013244629
128,60,30,0,C,9.633341789245605,124.25464630126953
128,60,30,1,A,10.044432640075684,1.0551543235778809
128,60,30,1,B,9.853984832763672,0.7881102561950684
128,60,30,1,C,9.630026817321777,123.27154541015625
128,60,30,2,A,10.03552532196045,1.0199640989303589
128,60,30,2,B,9.84289836883545,0.8188937902450562
128,60,30,2,C,9.634296417236328,125.25260162353516
128,60,30,4,A,10.040971755981445,1.0068397521972656
128,60,30,4,B,9.84648609161377,0.7795083522796631
128,60,30,4,C,9.630568504333496,123.93257141113281
16,100,30,0,A,9.719657897949219,0.9235044717788696
16,100,30,0,B,9.62304401397705,0.7885783910751343
16,100,30,0,C,9.557819366455078,15.450839042663574
16,100,30,1,A,9.718157768249512,1.0000818967819214
16,100,30,1,B,9.630424499511719,0.9123539924621582
16,100,30,1,C,9.563080787658691,15.506610870361328
16,100,30,2,A,9.717294692993164,1.0652908086776733
16,100,30,2,B,9.628334999084473,0.8696000576019287
16,100,30,2,C,9.565722465515137,15.575860977172852
16,100,30,3,A,9.713271141052246,1.013258695602417
16,100,30,3,B,9.625483512878418,1.359319806098938
16,100,30,3,C,9.55571174621582,15.431093215942383
16,100,30,4,A,9.716108322143555,1.0131378173828125
16,100,30,4,B,9.624458312988281,0.7452632784843445
16,100,30,4,C,9.564352035522461,15.37686538696289
32,100,30,2,A,9.811443328857422,1.0247759819030762
32,100,30,2,B,9.656014442443848,0.8440610766410828
32,100,30,2,C,9.560429573059082,31.180925369262695
32,100,30,0,A,9.809530258178711,1.0509124994277954
32,100,30,0,B,9.65551471710205,0.5610012412071228
32,100,30,0,C,9.554253578186035,31.13057518005371
32,100,30,3,A,9.806587219238281,1.2473118305206299
32,100,30,3,B,9.651762962341309,1.072189450263977
32,100,30,3,C,9.550138473510742,31.00882911682129
32,100,30,1,A,9.80882453918457,1.0306998491287231
32,100,30,1,B,9.653655052185059,0.6562430262565613
32,100,30,1,C,9.55924129486084,30.93331527709961
32,100,30,4,A,9.807476997375488,1.045137882232666
32,100,30,4,B,9.652179718017578,0.8071221113204956
32,100,30,4,C,9.550492286682129,31.329082489013672
64,100,30,0,A,9.986231803894043,1.037427306175232
64,100,30,0,B,9.75999641418457,0.6858389973640442
64,100,30,0,C,9.593960762023926,62.151309967041016
64,100,30,3,A,9.984172821044922,1.0
64,100,30,3,B,9.763222694396973,0.6237584948539734
64,100,30,3,C,9.595582008361816,62.032413482666016
64,100,30,1,A,9.987299919128418,1.0174356698989868
64,100,30,1,B,9.76117992401123,0.6739985942840576
64,100,30,1,C,9.600175857543945,62.0028190612793
64,100,30,2,A,9.982850074768066,0.9961948394775391
64,100,30,2,B,9.758111953735352,0.7069069147109985
64,100,30,2,C,9.601041793823242,62.258663177490234
64,100,30,4,A,9.977917671203613,1.0043175220489502
64,100,30,4,B,9.75689697265625,0.8406955599784851
64,100,30,4,C,9.59414291381836,62.12678909301758
4,500,30,0,A,9.711373329162598,0.9231827855110168
4,500,30,0,B,9.649971008300781,0.4088769853115082
4,500,30,0,C,9.646722793579102,3.927189588546753
4,500,30,1,A,9.710006713867188,1.0
4,500,30,1,B,9.655192375183105,0.8824178576469421
4,500,30,1,C,9.64477252960205,3.817056179046631
4,500,30,2,A,9.7105073928833,1.0
4,500,30,2,B,9.650416374206543,0.3018408417701721
4,500,30,2,C,9.64273738861084,3.881809949874878
4,500,30,3,A,9.710577011108398,0.9722353219985962
4,500,30,3,B,9.653589248657227,1.2445698976516724
4,500,30,3,C,9.643987655639648,3.895789861679077
8,500,30,1,A,9.762102127075195,1.0644536018371582
8,500,30,1,B,9.688972473144531,0.9185980558395386
8,500,30,1,C,9.659276962280273,7.731852054595947
8,500,30,0,A,9.757233619689941,1.010927438735962
8,500,30,0,B,9.689587593078613,0.5133444666862488
8,500,30,0,C,9.656874656677246,7.80627965927124
4,500,30,4,A,9.709235191345215,1.026785135269165
4,500,30,4,B,9.65067195892334,1.2153615951538086
4,500,30,4,C,9.642891883850098,3.8734445571899414
8,500,30,3,A,9.755583763122559,1.0080140829086304
8,500,30,3,B,9.685892105102539,0.3366318345069885
8,500,30,3,C,9.663030624389648,7.745364189147949
8,500,30,2,A,9.757333755493164,0.9908547401428223
8,500,30,2,B,9.69428539276123,0.333788126707077
8,500,30,2,C,9.66090202331543,7.811561584472656
8,500,30,4,A,9.754624366760254,0.9932318329811096
8,500,30,4,B,9.68610954284668,1.1111900806427002
8,500,30,4,C,9.656695365905762,7.803273677825928
128,100,30,4,A,10.161452293395996,1.0177768468856812
128,100,30,4,B,9.966529846191406,0.7499641180038452
128,100,30,4,C,9.707732200622559,125.30215454101562
128,100,30,0,A,10.144577026367188,1.0361084938049316
128,100,30,0,B,9.9808349609375,0.8079432249069214
128,100,30,0,C,9.705038070678711,123.46757507324219
128,100,30,1,A,10.1453857421875,0.9986878037452698
128,100,30,1,B,9.973533630371094,0.800095796585083
128,100,30,1,C,9.699724197387695,124.33006286621094
128,100,30,2,A,10.16183090209961,1.024627923965454
128,100,30,2,B,9.978128433227539,0.7538238763809204
128,100,30,2,C,9.698975563049316,123.75689697265625
128,100,30,3,A,10.158236503601074,0.9824432134628296
128,100,30,3,B,9.97280216217041,0.7794746160507202
128,100,30,3,C,9.697465896606445,125.02012634277344
16,500,30,4,A,9.852051734924316,1.0000001192092896
16,500,30,4,B,9.75887393951416,0.7900110483169556
16,500,30,4,C,9.69057846069336,15.555267333984375
16,500,30,0,A,9.85208797454834,1.025413155555725
16,500,30,0,B,9.752418518066406,1.5045180320739746
16,500,30,0,C,9.689554214477539,15.392943382263184
16,500,30,2,A,9.851219177246094,1.023343801498413
16,500,30,2,B,9.754398345947266,0.9261434078216553
16,500,30,2,C,9.6925687789917,15.525885581970215
16,500,30,1,A,9.854020118713379,0.9999999403953552
16,500,30,1,B,9.754262924194336,0.45175132155418396
16,500,30,1,C,9.690680503845215,15.567317008972168
16,500,30,3,A,9.851673126220703,0.9641701579093933
16,500,30,3,B,9.753345489501953,0.4087080657482147
16,500,30,3,C,9.68871021270752,15.572183609008789
32,500,30,1,A,10.041040420532227,0.9986327886581421
32,500,30,1,B,9.881153106689453,0.636407196521759
32,500,30,1,C,9.747416496276855,30.648469924926758
32,500,30,0,A,10.0432710647583,0.9999999403953552
32,500,30,0,B,9.879660606384277,0.7968459129333496
32,500,30,0,C,9.745748519897461,31.033245086669922
32,500,30,2,A,10.042704582214355,1.011633276939392
32,500,30,2,B,9.87695026397705,0.5468689203262329
32,500,30,2,C,9.742189407348633,30.704599380493164
32,500,30,3,A,10.042868614196777,0.9999999403953552
32,500,30,3,B,9.881046295166016,0.7217163443565369
32,500,30,3,C,9.740530014038086,31.12874984741211
32,500,30,4,A,10.0408353805542,0.9711740016937256
32,500,30,4,B,9.878890037536621,0.6020568013191223
32,500,30,4,C,9.751558303833008,30.726913452148438
64,500,30,0,A,10.34081745147705,1.0224803686141968
64,500,30,0,B,10.109951972961426,0.6394598484039307
64,500,30,0,C,9.845152854919434,62.01433563232422
64,500,30,1,A,10.342460632324219,0.998062252998352
64,500,30,1,B,10.113094329833984,0.7329255938529968
64,500,30,1,C,9.847756385803223,62.53201675415039
64,500,30,2,A,10.345824241638184,1.0173827409744263
64,500,30,2,B,10.113940238952637,0.6207237243652344
64,500,30,2,C,9.845375061035156,61.60542678833008
64,500,30,3,A,10.347426414489746,0.9989692568778992
64,500,30,3,B,10.114821434020996,0.6525102257728577
64,500,30,3,C,9.843276977539062,62.53779983520508
64,500,30,4,A,10.339794158935547,1.0204416513442993
64,500,30,4,B,10.109541893005371,0.6340257525444031
64,500,30,4,C,9.851106643676758,61.87451171875
128,500,30,3,A,10.385080337524414,1.031439185142517
128,500,30,3,B,10.396350860595703,0.7463102340698242
128,500,30,3,C,10.009806632995605,122.44889068603516
128,500,30,4,A,10.3897123336792,0.9986245036125183
128,500,30,4,B,10.401603698730469,0.7916076183319092
128,500,30,4,C,10.016175270080566,125.01045227050781
128,500,30,1,A,10.37652587890625,1.0168845653533936
128,500,30,1,B,10.394068717956543,0.7565233707427979
128,500,30,1,C,10.007574081420898,125.71753692626953
128,500,30,2,A,10.385725021362305,1.0062403678894043
128,500,30,2,B,10.400472640991211,0.8542836904525757
128,500,30,2,C,10.020347595214844,123.45899200439453
128,500,30,0,A,10.379631042480469,0.9885956645011902
128,500,30,0,B,10.39542293548584,0.8276548981666565
128,500,30,0,C,10.016745567321777,124.52848052978516
