component,term,label,estimate,median,error,lo95,hi95,p_gt0,excludes_zero
item,b_c_item,item,2.8390580741046296,2.8376751000000002,0.23429620805214169,2.384053245,3.299290909999999,1,TRUE
item,b_c_class,class,-3.7684094230324074,-3.76883305,0.20399494089024303,-4.173046115,-3.3719619325,0,TRUE
item,b_c_int,interaction,1.2271382066366667,1.22660845,0.2306658121932816,0.77191108,1.6792105499999996,1,TRUE
item,b_log2_d,width,0.24736417893953705,0.24735925,0.0025744019969088238,0.24231429200000001,0.25241978775,1,TRUE
item,b_log2_rank,rank,-0.004351402744527235,-0.0042668437,0.03969663105637902,-0.082340522075,0.07269293649999996,0.4582962962962963,FALSE
item,b_log2_d:log2_rank,width x rank,0.00810270284091787,0.008101414800000001,0.0018347106885723882,0.00451588932,0.011707167774999997,0.9999907407407408,TRUE
item,b_c_item:log2_d,effect size x width,-0.7208098196708334,-0.72082888,0.01207033268084493,-0.74440171,-0.69713704325,0,TRUE
item,b_c_item:log2_rank,effect size x rank,0.007542135457435982,0.0073906949,0.1652822640970033,-0.31542373074999996,0.33130624949999976,0.5175740740740741,FALSE
item,b_c_item:log2_d:log2_rank,effect size x width x rank,-0.021799783455062855,-0.0218235835,0.008734483484128346,-0.038885131875,-0.004593746205000001,0.006351851851851852,TRUE
class,b_c_item,item,-3.0398241859074075,-3.0395834500000003,0.22418700938790487,-3.476211655,-2.6006300275000003,0,TRUE
class,b_c_class,class,4.102587402973148,4.102177299999999,0.2015245936048758,3.708593085,4.498323397499998,1,TRUE
class,b_c_int,interaction,-1.1319870133571666,-1.1350544500000002,0.2223490540453015,-1.561669585,-0.686224816750001,0,TRUE
class,b_log2_d,width,-0.23311838593194445,-0.23312556,0.002717999988320699,-0.23843882549999998,-0.22781786725000003,0,TRUE
class,b_log2_rank,rank,-0.006098222511984213,-0.0058409161,0.03836253596191824,-0.082303265275,0.06874903319999995,0.43905555555555553,FALSE
class,b_log2_d:log2_rank,width x rank,-0.008617743428368426,-0.008612040000000001,0.0019440801856098124,-0.012451250799999999,-0.004823825252500001,0,TRUE
class,b_c_class:log2_d,effect size x width,-0.4741510374086111,-0.4741333,0.013131568886548192,-0.4998985265,-0.44842027075,0,TRUE
class,b_c_class:log2_rank,effect size x rank,0.027876134904190247,0.029409581,0.14266143778995669,-0.25564549075,0.3044162829999994,0.5799907407407408,FALSE
class,b_c_class:log2_d:log2_rank,effect size x width x rank,-0.028367382715641563,-0.028372323999999997,0.009641991257448105,-0.047199305799999994,-0.009513346275000006,0.0019166666666666666,TRUE
interaction,b_c_item,item,0.2144047093116016,0.21403951999999998,0.09755660179686601,0.02544403730000001,0.4080765985,0.9864722222222222,TRUE
interaction,b_c_class,class,-0.4436977728460287,-0.44330045500000004,0.10503098252820618,-0.65057291225,-0.2384748145000001,9.259259259259259e-6,TRUE
interaction,b_c_int,interaction,2.0695374691231483,2.0688464,0.09714738637041674,1.8810943624999998,2.2619964175,1,TRUE
interaction,b_log2_d,width,0.18687348552657407,0.18687017,0.004602554810961287,0.17789121524999998,0.195904463,1,TRUE
interaction,b_log2_rank,rank,-0.0836151586253611,-0.08357165050000001,0.015891861207175003,-0.11487316025,-0.052485275625,0,TRUE
interaction,b_log2_d:log2_rank,width x rank,0.029893087722601852,0.029902264999999997,0.0031721386472761083,0.02367853035,0.036062382299999994,1,TRUE
interaction,b_c_int:log2_d,effect size x width,0.3625203432437037,0.36247865999999995,0.015505717492525337,0.33206383525,0.392732917,1,TRUE
interaction,b_c_int:log2_rank,effect size x rank,0.2063570499909573,0.20610698,0.06882749297551215,0.07172119277500001,0.34236238249999995,0.9985,TRUE
interaction,b_c_int:log2_d:log2_rank,effect size x width x rank,0.03315391170584501,0.033174305,0.010947876214161609,0.0117070376,0.05469627869999999,0.9988425925925926,TRUE
