measure,width,r_int,crowding,log_ratio,lo,hi,ratio,ratio_lo,ratio_hi
item_class,8,4,2,-1.0410362682250272,-1.0739911319498072,-1.0043202501378876,0.35308859781632146,0.34164225344928734,0.36629353818048427
item_class,8,16,3.5,-1.044357260021008,-1.0705842189346648,-1.0170319461267683,0.35191793843075875,0.3428081838731027,0.3616667952568817
item_class,8,64,9.5,-1.0497732014949546,-1.073469913231759,-1.0256968184808393,0.35001712347016545,0.34182037020152145,0.3585465364856551
item_class,8,177,23.625,-1.0564913337939101,-1.0928975492064137,-1.0169499072043708,0.3476735431834557,0.3352436999117689,0.3616964672281432
item_class,16,4,1,-1.012633338801884,-1.0444314821002432,-0.9817543884202986,0.3632611293258597,0.3518918193189677,0.37465323464897005
item_class,16,16,1.75,-1.030626332429238,-1.0551415923232652,-1.0076862397911759,0.35678342554320475,0.34814312942165526,0.36506267062675984
item_class,16,64,4.75,-1.0621682889333424,-1.0833161270367735,-1.0416125967499703,0.3457054078693022,0.3384712488933246,0.3528851614142995
item_class,16,177,11.8125,-1.0916192124665764,-1.1245566107839833,-1.058454292705459,0.33567252828530025,0.3247964466784098,0.34699174369467145
item_class,32,4,0.5,-0.9849113872019026,-1.017893713545025,-0.9521893076673297,0.37347231989768737,0.36135525685256736,0.38589525452859746
item_class,32,16,0.875,-1.0166439183322735,-1.0431232837890794,-0.992534470661919,0.3618071592565927,0.35235246484486754,0.3706361332115616
item_class,32,64,2.375,-1.074363061481804,-1.0960984981963762,-1.0519283009512232,0.3415152102328781,0.33417231756405535,0.34926361399325884
item_class,32,177,5.90625,-1.1275866544059483,-1.161521551666568,-1.093016714784049,0.3238137887766973,0.31300955815664205,0.33520375278282893
item_class,128,4,0.125,-0.9272676107818262,-0.9762365339014447,-0.8820805360382974,0.3956332588775054,0.3767262306783774,0.4139208379844217
item_class,128,16,0.21875,-0.989054355741333,-1.0266775433055904,-0.9563404180676676,0.37192823657888663,0.3581950733689672,0.3842966809473056
item_class,128,64,0.59375,-1.0989249387977513,-1.130627606059662,-1.0654115494099674,0.333229132913439,0.32283058239942497,0.34458601141176803
item_class,128,177,1.4765625,-1.1989748373707356,-1.2498979363486238,-1.1468102254234607,0.3015031432877997,0.2865340400782039,0.3176483818461461
item_class,256,4,0.0625,-0.8988234893767248,-0.9563287186390194,-0.8439147177841472,0.40704827475700356,0.38430117702520483,0.4300238022382149
item_class,256,16,0.109375,-0.9755579657023465,-1.0197776042925817,-0.9364405998233456,0.376981951870604,0.3606751438580366,0.39202071357962637
item_class,256,64,0.296875,-1.1109665441807584,-1.1501395709109477,-1.0696216029134316,0.32924058166781284,0.31659257918061634,0.34313833540219046
item_class,256,177,0.73828125,-1.2350802326489814,-1.2986964643974703,-1.1674059862235924,0.29081142886051803,0.2728872795733968,0.311173082505573
int_margins,8,4,2,-0.8034922250061549,-0.8382073259814038,-0.7672853158046007,0.44776254301217644,0.43248513377245834,0.46427171020469943
int_margins,8,16,3.5,-0.798816943779266,-0.8245300216038645,-0.7717975180646666,0.4498608601127718,0.43844100185002666,0.4621815415228671
int_margins,8,64,9.5,-0.7901630667235003,-0.8152152744546018,-0.7656942312491991,0.45377079433232165,0.4425440486774694,0.4650109937276526
int_margins,8,177,23.625,-0.7834362167013644,-0.8225672269165865,-0.7450643388072511,0.4568335321500034,0.4393024166327677,0.4747037570838491
int_margins,16,4,1,-0.6607354056261412,-0.6898622150876752,-0.6295066555600387,0.5164713788403213,0.5016451834421058,0.5328546170347754
int_margins,16,16,1.75,-0.6737613583873665,-0.6965949729109011,-0.6498161044949153,0.5097874736810697,0.498279072230084,0.5221417874605083
int_margins,16,64,4.75,-0.6984040981573658,-0.7198177530841066,-0.6769236210605588,0.49737843790651687,0.48684097314139535,0.5081779380103402
int_margins,16,177,11.8125,-0.7209929307740426,-0.7545240712006889,-0.6872572592536427,0.4862691845336258,0.47023435955715015,0.5029536504988585
int_margins,32,4,0.5,-0.5172016779655673,-0.5477001439311254,-0.48653267610160034,0.5961865378204134,0.5782782389149976,0.614754255181585
int_margins,32,16,0.875,-0.5488858568910906,-0.5721824542851858,-0.5258027780082132,0.5775929732571216,0.5642925511322076,0.5910806672933397
int_margins,32,64,2.375,-0.6060502666617286,-0.6282201897487644,-0.5849514564031613,0.5455012039456214,0.5335405574067866,0.5571329063909415
int_margins,32,177,5.90625,-0.6579869761324713,-0.695536514336825,-0.6218469190920839,0.5178928164763448,0.4988067592045044,0.5369518146716766
int_margins,128,4,0.125,-0.23088090984876375,-0.2756244628745859,-0.18742387098459018,0.7938339982171093,0.7590979467016704,0.8290922337533462
int_margins,128,16,0.21875,-0.29894695883736544,-0.3329215099487505,-0.265656059343713,0.7415987436514065,0.7168264556929289,0.766702782415759
int_margins,128,64,0.59375,-0.4216764195551739,-0.45388981154492025,-0.38846131375744825,0.6559462564383876,0.6351527158867211,0.6780994544924299
int_margins,128,177,1.4765625,-0.5341303969635539,-0.5868253861602207,-0.4822192691787893,0.5861788114463837,0.5560898560657721,0.6174116675720123
int_margins,256,4,0.0625,-0.08668701605183177,-0.1415524041889655,-0.03415997070385371,0.9169640457527872,0.8680096870493432,0.9664168938805103
int_margins,256,16,0.109375,-0.17405526363348336,-0.2149174404882953,-0.13292111311819543,0.8402504610818008,0.8066080305935958,0.875534157544159
int_margins,256,64,0.296875,-0.3296712395363417,-0.3684559828192526,-0.2880906198518536,0.7191601259879982,0.6918016600866526,0.7496936520330393
int_margins,256,177,0.73828125,-0.47217825175844663,-0.533992454452382,-0.40851063405326754,0.6236423376661236,0.5862596760008321,0.664639404643086
