width,r_int,crowding,log_ratio,lo,hi,ratio,ratio_lo,ratio_hi
8,4,2,-1.6527163026375615,-1.7870863071652485,-1.5129650742451073,0.19152895080728072,0.16744734971893782,0.22025593359746815
8,16,3.5,-1.4664221725867135,-1.5749509506175658,-1.3521509144088615,0.23074959226798583,0.20701770652278864,0.2586832562830115
8,64,9.5,-1.1339645966868122,-1.2230025056382738,-1.0335526278725906,0.3217550952151352,0.29434506610826605,0.3557408979465997
8,177,23.625,-0.8336859690745742,-0.9594097541423418,-0.6849314694849578,0.4344449806640742,0.3831189536261696,0.5041247763216257
16,4,1,-1.3673193504814731,-1.4952027766923484,-1.2345998057026508,0.2547890450592233,0.22420313695026317,0.290951176073719
16,16,1.75,-1.2599239746931339,-1.360680811591131,-1.152568548603436,0.28367559220393807,0.2564860987898235,0.3158245160499114
16,64,4.75,-1.0694795055803665,-1.152788570701851,-0.9759251789418638,0.3431870979089525,0.31575503532108734,0.376843544520879
16,177,11.8125,-0.8979349588913644,-1.0158411679047865,-0.762213800925724,0.40741011028528196,0.36209771671531277,0.46663225179225876
32,4,0.5,-1.0795217414155185,-1.2040785222331363,-0.9529885216305822,0.3397579789645812,0.29996828630422223,0.38558696486393745
32,16,0.875,-1.0531707249615492,-1.148757032685513,-0.9515320007076442,0.34882994994639677,0.31703058323212735,0.3861489895468698
32,64,2.375,-1.0044264234854232,-1.083267018207691,-0.9191079684122649,0.36625464963385507,0.33848787122818424,0.3988746912594874
32,177,5.90625,-0.9628200366758607,-1.068794328832887,-0.8331515172906623,0.38181463506187197,0.34342232230441533,0.4346772326172087
128,4,0.125,-0.5056087411968623,-0.622600260566116,-0.3817811209582758,0.6031383085173325,0.536547458928227,0.6826444534183085
128,16,0.21875,-0.6374403206788004,-0.727357016775411,-0.5441895478999853,0.5286438524308709,0.48318435210458893,0.5803119078117804
128,64,0.59375,-0.8730001120315883,-0.9505692593744735,-0.793662178538365,0.4176965312027904,0.38652093015243755,0.4521857742830434
128,177,1.4765625,-1.0903498374524507,-1.1941098528787524,-0.9687652647100111,0.33609889315684083,0.30297352519667986,0.37955139439689967
256,4,0.0625,-0.21758789699149556,-0.3382437654595985,-0.09521097576251161,0.8044568924715315,0.713021456709025,0.9091810990569972
256,16,0.109375,-0.42925499385145083,-0.5228284778553728,-0.3350343874573671,0.6509939085707972,0.5928413356925822,0.7153134881175502
256,64,0.296875,-0.8070579571641714,-0.8820369786121595,-0.7262215279913439,0.44616878485939704,0.4139388677034104,0.4837333141281678
256,177,0.73828125,-1.1540370532029582,-1.2649329758004557,-1.0368558578438893,0.315361066667511,0.28225821363738507,0.3545677426181301
