model,measure,term,label,estimate,error,lo95,hi95,p_gt0,excludes_zero
overlap_stacked,item_class,c_item,item,-0.5058151207219445,0.04236856811467635,-0.58853700725,-0.42261569424999995,0,TRUE
overlap_stacked,int_margins,c_item,item,-0.9637631699063889,0.04243026104278587,-1.0463520322500002,-0.8812183892500001,0,TRUE
overlap_stacked,item_class,c_class,class,-1.6154316321819444,0.04614865352729294,-1.706144545,-1.52612062975,0,TRUE
overlap_stacked,int_margins,c_class,class,-0.6232575621524999,0.046188409200295835,-0.7135615554999999,-0.53244836125,0,TRUE
overlap_stacked,item_class,c_int,interaction,0.31150784467938675,0.04212748731782162,0.2299290425,0.39461507100000004,1,TRUE
overlap_stacked,int_margins,c_int,interaction,-0.5674366074711689,0.04200105983773291,-0.6499780095,-0.485157805725,0,TRUE
overlap_stacked,item_class,log2_d,width,-0.3834587758722222,0.007605928849171553,-0.39840259612500006,-0.36863484515000006,0,TRUE
overlap_stacked,int_margins,log2_d,width,-0.30143963360055553,0.00760431156098431,-0.31653176557499996,-0.286589261175,0,TRUE
overlap_stacked,item_class,log2_rank,rank,-0.026246502943455492,0.0068779265457219445,-0.039630041445,-0.012730960789999999,1.1111111111111112e-4,TRUE
overlap_stacked,int_margins,log2_rank,rank,-0.03375183337893895,0.0068637802953293485,-0.04712440897,-0.020266915332599993,0,TRUE
overlap_stacked,item_class,log2_d:log2_rank,width x rank,-0.014792845987228747,0.005607842541791291,-0.02587063543,-0.00386889144,0.003277777777777778,TRUE
overlap_stacked,int_margins,log2_d:log2_rank,width x rank,-0.024824083733314753,0.005623607446656556,-0.03584182879,-0.013910534359999999,2.777777777777778e-5,TRUE
overlap_stacked,item_class,c_item:log2_d,item x width,-0.2983310094020278,0.03424352723769067,-0.365532109075,-0.23249948799999998,0,TRUE
overlap_stacked,int_margins,c_item:log2_d,item x width,-0.39296032544241666,0.03421301143778861,-0.45987205715,-0.32643550397500004,0,TRUE
overlap_stacked,item_class,c_class:log2_d,class x width,0.3653054235868333,0.03739857214692063,0.29227986975000003,0.43900602375,1,TRUE
overlap_stacked,int_margins,c_class:log2_d,class x width,0.11679126618877778,0.0372821889004503,0.043684045500000004,0.18930991625000002,0.9991388888888889,TRUE
overlap_stacked,item_class,c_int:log2_d,interaction x width,0.33553890594855557,0.03419336135515375,0.26849411925,0.4024868105000001,1,TRUE
overlap_stacked,int_margins,c_int:log2_d,interaction x width,0.035702645774111114,0.03416738778132183,-0.031985307750000004,0.10250104700000004,0.8523611111111111,FALSE
overlap_stacked,item_class,c_item:log2_rank,item x rank,0.11765296553826045,0.031144283578007706,0.056371555494999996,0.17855679662250007,0.9998611111111111,TRUE
overlap_stacked,int_margins,c_item:log2_rank,item x rank,0.09203604775684439,0.03103370260270023,0.0313535647,0.1528421599625,0.9983611111111111,TRUE
overlap_stacked,item_class,c_class:log2_rank,class x rank,0.11616461124635481,0.0339074058490857,0.04976833295,0.182650948275,0.9997222222222222,TRUE
overlap_stacked,int_margins,c_class:log2_rank,class x rank,0.039703037390274976,0.033891487808808456,-0.027345775924999996,0.10569590600000005,0.8790555555555556,FALSE
overlap_stacked,item_class,c_int:log2_rank,interaction x rank,0.0925858562685868,0.030596834411503664,0.0326276501,0.152566159825,0.9988333333333334,TRUE
overlap_stacked,int_margins,c_int:log2_rank,interaction x rank,0.043759116981791274,0.030652105401257373,-0.0166505802,0.10385724407500001,0.9229722222222222,FALSE
overlap_stacked,item_class,c_item:log2_d:log2_rank,item x width x rank,0.050041185827979444,0.024759996905617577,0.0013690542974999997,0.09873334387000003,0.978,TRUE
overlap_stacked,int_margins,c_item:log2_d:log2_rank,item x width x rank,0.06132323729454466,0.024750904909822586,0.012546801117500003,0.11008300478,0.9931111111111111,TRUE
overlap_stacked,item_class,c_class:log2_d:log2_rank,class x width x rank,0.01946274063940332,0.026933001139547216,-0.033751989705000006,0.07227120378000003,0.7657222222222222,FALSE
overlap_stacked,int_margins,c_class:log2_d:log2_rank,class x width x rank,0.013426577959654374,0.02693298837234614,-0.0397085514725,0.06618095397000004,0.6928055555555556,FALSE
overlap_stacked,item_class,c_int:log2_d:log2_rank,interaction x width x rank,-0.028853128321457575,0.02498102958484102,-0.07784103060000001,0.020276106482500014,0.12555555555555556,FALSE
overlap_stacked,int_margins,c_int:log2_d:log2_rank,interaction x width x rank,-0.043046392292665575,0.02501950408376982,-0.09198499124,0.006033066778000023,0.043527777777777776,FALSE
